,ExternalRiskEstimate,MSinceOldestTradeOpen,MSinceMostRecentTradeOpen,AverageMInFile,NumSatisfactoryTrades,NumTrades60Ever2DerogPubRec,NumTrades90Ever2DerogPubRec,PercentTradesNeverDelq,MSinceMostRecentDelq,MaxDelq2PublicRecLast12M,MaxDelqEver,NumTotalTrades,NumTradesOpeninLast12M,PercentInstallTrades,MSinceMostRecentInqexcl7days,NumInqLast6M,NumInqLast6Mexcl7days,NetFractionRevolvingBurden,NetFractionInstallBurden,NumRevolvingTradesWBalance,NumInstallTradesWBalance,NumBank2NatlTradesWHighUtilization,PercentTradesWBalance,class
9984,80.0,72.0,3.0,43.0,18.0,0.0,0.0,100.0,-7.0,7,8,18.0,1.0,22.0,0.0,1.0,1.0,42.0,-8.0,3.0,1.0,0.0,57.0,Bad
159,62.0,27.0,19.0,22.0,3.0,2.0,2.0,100.0,-7.0,6,8,3.0,0.0,100.0,2.0,4.0,4.0,-8.0,-8.0,-8.0,1.0,-8.0,100.0,Bad
886,63.0,327.0,13.0,166.0,14.0,1.0,1.0,94.0,5.0,0,2,16.0,0.0,13.0,5.0,0.0,0.0,0.0,-8.0,1.0,1.0,0.0,27.0,Bad
9925,83.0,479.0,11.0,114.0,30.0,0.0,0.0,100.0,-7.0,7,8,30.0,1.0,13.0,0.0,1.0,0.0,2.0,-8.0,2.0,1.0,1.0,21.0,Good
6642,85.0,176.0,3.0,71.0,29.0,0.0,0.0,100.0,-7.0,6,7,32.0,3.0,34.0,-7.0,4.0,4.0,1.0,-8.0,2.0,1.0,0.0,50.0,Good
7604,61.0,51.0,2.0,25.0,16.0,0.0,0.0,88.0,21.0,5,6,17.0,2.0,18.0,-7.0,1.0,1.0,43.0,49.0,6.0,2.0,1.0,69.0,Bad
4835,63.0,260.0,8.0,91.0,28.0,1.0,1.0,80.0,3.0,4,3,31.0,1.0,27.0,12.0,0.0,0.0,28.0,89.0,7.0,2.0,0.0,53.0,Good
4363,61.0,179.0,5.0,63.0,33.0,0.0,0.0,97.0,10.0,4,6,35.0,2.0,31.0,0.0,2.0,2.0,59.0,-8.0,5.0,1.0,2.0,55.0,Bad
4123,61.0,192.0,1.0,54.0,13.0,1.0,1.0,87.0,14.0,6,3,15.0,4.0,53.0,0.0,0.0,0.0,54.0,-8.0,3.0,1.0,1.0,80.0,Bad
7532,85.0,253.0,2.0,82.0,15.0,0.0,0.0,94.0,69.0,6,6,18.0,4.0,33.0,-7.0,1.0,1.0,6.0,101.0,1.0,2.0,0.0,38.0,Bad
6402,85.0,175.0,42.0,109.0,21.0,0.0,0.0,100.0,-7.0,7,8,23.0,0.0,35.0,0.0,0.0,0.0,19.0,-8.0,2.0,1.0,0.0,75.0,Good
3894,85.0,224.0,10.0,101.0,16.0,0.0,0.0,100.0,-7.0,7,8,5.0,2.0,25.0,13.0,0.0,0.0,1.0,72.0,2.0,2.0,0.0,44.0,Good
8994,56.0,447.0,3.0,145.0,14.0,2.0,2.0,78.0,1.0,4,2,18.0,1.0,22.0,0.0,1.0,1.0,32.0,-8.0,3.0,-8.0,1.0,43.0,Good
9696,86.0,252.0,1.0,78.0,7.0,0.0,0.0,100.0,-7.0,7,8,10.0,3.0,30.0,4.0,3.0,3.0,29.0,-8.0,1.0,2.0,0.0,50.0,Good
4260,72.0,196.0,9.0,96.0,25.0,1.0,1.0,100.0,-7.0,7,8,26.0,1.0,20.0,0.0,5.0,5.0,3.0,-8.0,2.0,1.0,1.0,31.0,Bad
6185,74.0,89.0,5.0,49.0,23.0,0.0,0.0,96.0,42.0,6,6,23.0,2.0,43.0,5.0,0.0,0.0,13.0,83.0,3.0,4.0,1.0,64.0,Good
5229,78.0,200.0,10.0,74.0,31.0,0.0,0.0,97.0,4.0,4,6,35.0,1.0,29.0,0.0,0.0,0.0,0.0,61.0,2.0,3.0,0.0,38.0,Good
1080,-9.0,-9.0,-9.0,-9.0,-9.0,-9.0,-9.0,-9.0,-9.0,-9,-9,-9.0,-9.0,-9.0,-9.0,-9.0,-9.0,-9.0,-9.0,-9.0,-9.0,-9.0,-9.0,Bad
5969,73.0,160.0,11.0,79.0,10.0,1.0,1.0,91.0,16.0,6,4,11.0,1.0,55.0,-7.0,1.0,1.0,16.0,-8.0,1.0,1.0,1.0,67.0,Bad
2568,70.0,-8.0,4.0,124.0,25.0,2.0,2.0,96.0,76.0,6,6,0.0,2.0,32.0,-7.0,3.0,3.0,19.0,-8.0,5.0,1.0,1.0,54.0,Bad
8600,75.0,258.0,1.0,67.0,30.0,1.0,1.0,97.0,31.0,6,4,33.0,3.0,36.0,1.0,4.0,4.0,10.0,-8.0,1.0,1.0,0.0,18.0,Good
966,81.0,189.0,11.0,96.0,21.0,1.0,1.0,96.0,77.0,6,3,24.0,1.0,8.0,21.0,0.0,0.0,0.0,-8.0,0.0,1.0,0.0,33.0,Good
1310,-9.0,-9.0,-9.0,-9.0,-9.0,-9.0,-9.0,-9.0,-9.0,-9,-9,-9.0,-9.0,-9.0,-9.0,-9.0,-9.0,-9.0,-9.0,-9.0,-9.0,-9.0,-9.0,Bad
7055,84.0,338.0,7.0,82.0,30.0,0.0,0.0,100.0,-7.0,7,8,34.0,4.0,35.0,0.0,2.0,2.0,6.0,17.0,6.0,3.0,0.0,60.0,Good
5801,63.0,153.0,3.0,48.0,17.0,0.0,0.0,88.0,4.0,4,6,17.0,1.0,47.0,0.0,3.0,3.0,44.0,94.0,3.0,3.0,0.0,50.0,Bad
3474,86.0,-8.0,16.0,45.0,8.0,0.0,0.0,100.0,-7.0,7,8,0.0,0.0,25.0,-8.0,0.0,0.0,4.0,-8.0,2.0,1.0,-8.0,60.0,Good
8465,69.0,-8.0,17.0,37.0,4.0,0.0,0.0,100.0,-7.0,7,8,4.0,0.0,75.0,-7.0,1.0,1.0,118.0,-8.0,1.0,2.0,1.0,100.0,Bad
4869,76.0,204.0,6.0,79.0,15.0,0.0,0.0,87.0,9.0,4,6,15.0,2.0,40.0,18.0,0.0,0.0,0.0,53.0,3.0,3.0,0.0,60.0,Good
5322,70.0,45.0,3.0,27.0,3.0,0.0,0.0,100.0,-7.0,7,8,4.0,1.0,67.0,0.0,1.0,1.0,55.0,45.0,1.0,1.0,0.0,100.0,Bad
7865,72.0,103.0,2.0,55.0,3.0,1.0,1.0,80.0,61.0,6,4,5.0,2.0,60.0,0.0,3.0,3.0,56.0,-8.0,1.0,-8.0,0.0,50.0,Bad
9309,82.0,260.0,21.0,104.0,19.0,0.0,0.0,100.0,-7.0,7,8,21.0,0.0,43.0,4.0,2.0,2.0,4.0,-8.0,1.0,-8.0,0.0,17.0,Good
9906,69.0,153.0,10.0,62.0,8.0,0.0,0.0,75.0,11.0,4,6,8.0,1.0,50.0,0.0,0.0,0.0,51.0,83.0,2.0,2.0,1.0,80.0,Bad
5169,60.0,155.0,15.0,53.0,16.0,1.0,1.0,81.0,5.0,4,6,16.0,0.0,44.0,5.0,0.0,0.0,79.0,-8.0,5.0,1.0,2.0,86.0,Bad
9620,71.0,176.0,6.0,74.0,29.0,0.0,0.0,100.0,-7.0,7,8,29.0,3.0,34.0,0.0,1.0,1.0,54.0,36.0,5.0,2.0,3.0,70.0,Good
7662,87.0,115.0,11.0,59.0,9.0,0.0,0.0,100.0,-7.0,7,8,9.0,2.0,78.0,-7.0,1.0,1.0,0.0,-8.0,0.0,2.0,0.0,50.0,Bad
9825,88.0,530.0,5.0,182.0,17.0,0.0,0.0,100.0,-7.0,7,8,17.0,2.0,24.0,0.0,0.0,0.0,3.0,81.0,5.0,2.0,0.0,64.0,Good
5409,58.0,168.0,6.0,119.0,30.0,0.0,0.0,81.0,4.0,4,6,31.0,1.0,42.0,-7.0,0.0,0.0,84.0,68.0,5.0,5.0,4.0,73.0,Bad
6850,92.0,428.0,6.0,156.0,10.0,0.0,0.0,100.0,-7.0,7,8,11.0,1.0,9.0,-8.0,0.0,0.0,0.0,-8.0,1.0,1.0,0.0,40.0,Good
6812,-9.0,-9.0,-9.0,-9.0,-9.0,-9.0,-9.0,-9.0,-9.0,-9,-9,-9.0,-9.0,-9.0,-9.0,-9.0,-9.0,-9.0,-9.0,-9.0,-9.0,-9.0,-9.0,Good
4588,57.0,323.0,5.0,92.0,13.0,2.0,1.0,67.0,4.0,4,3,15.0,1.0,27.0,-7.0,2.0,2.0,61.0,61.0,2.0,3.0,1.0,63.0,Bad
5041,68.0,223.0,11.0,86.0,20.0,0.0,0.0,91.0,41.0,6,6,22.0,1.0,50.0,1.0,3.0,3.0,83.0,37.0,3.0,8.0,2.0,79.0,Bad
7105,65.0,56.0,8.0,31.0,14.0,0.0,0.0,100.0,-7.0,7,8,15.0,1.0,27.0,1.0,6.0,6.0,87.0,62.0,6.0,2.0,3.0,100.0,Bad
5205,64.0,177.0,8.0,88.0,23.0,0.0,0.0,83.0,10.0,4,6,24.0,3.0,42.0,0.0,1.0,1.0,28.0,44.0,4.0,3.0,2.0,70.0,Good
536,75.0,31.0,8.0,15.0,5.0,0.0,0.0,100.0,-7.0,7,8,5.0,3.0,20.0,-7.0,1.0,1.0,12.0,-8.0,3.0,1.0,0.0,100.0,Bad
2473,58.0,46.0,7.0,38.0,13.0,0.0,0.0,93.0,8.0,4,6,5.0,1.0,50.0,-7.0,2.0,2.0,80.0,84.0,5.0,4.0,1.0,90.0,Bad
3514,83.0,221.0,11.0,67.0,19.0,0.0,0.0,100.0,-7.0,7,8,21.0,1.0,21.0,10.0,0.0,0.0,4.0,36.0,1.0,3.0,0.0,29.0,Bad
4879,83.0,281.0,2.0,59.0,13.0,0.0,0.0,100.0,-7.0,7,8,14.0,6.0,43.0,1.0,2.0,2.0,2.0,80.0,1.0,4.0,0.0,56.0,Good
2245,80.0,157.0,5.0,133.0,27.0,0.0,0.0,78.0,-8.0,6,6,22.0,1.0,48.0,-7.0,0.0,0.0,6.0,64.0,6.0,3.0,0.0,82.0,Bad
834,88.0,320.0,4.0,93.0,52.0,0.0,0.0,100.0,-7.0,7,8,55.0,3.0,22.0,6.0,0.0,0.0,3.0,71.0,3.0,1.0,0.0,36.0,Good
325,64.0,150.0,2.0,45.0,12.0,1.0,1.0,86.0,3.0,0,2,14.0,4.0,21.0,0.0,2.0,2.0,9.0,-8.0,4.0,1.0,-8.0,56.0,Bad
7087,63.0,211.0,13.0,76.0,15.0,2.0,2.0,74.0,9.0,2,2,19.0,0.0,5.0,0.0,7.0,7.0,1.0,-8.0,1.0,-8.0,0.0,14.0,Good
915,77.0,59.0,19.0,41.0,6.0,0.0,0.0,100.0,-7.0,7,8,6.0,0.0,50.0,4.0,2.0,1.0,0.0,93.0,0.0,2.0,-8.0,67.0,Bad
6748,69.0,147.0,3.0,65.0,38.0,0.0,0.0,100.0,-7.0,7,8,41.0,4.0,44.0,1.0,4.0,4.0,51.0,73.0,3.0,3.0,1.0,46.0,Bad
5042,77.0,217.0,19.0,97.0,13.0,0.0,0.0,92.0,46.0,6,6,13.0,0.0,23.0,0.0,3.0,3.0,29.0,-8.0,1.0,-8.0,0.0,20.0,Bad
3856,73.0,238.0,2.0,101.0,44.0,2.0,1.0,87.0,6.0,4,2,50.0,2.0,13.0,0.0,2.0,2.0,5.0,-8.0,4.0,1.0,0.0,29.0,Good
3339,86.0,340.0,4.0,71.0,27.0,0.0,0.0,100.0,-7.0,7,8,35.0,2.0,19.0,4.0,1.0,1.0,14.0,83.0,8.0,1.0,0.0,75.0,Good
9238,92.0,490.0,61.0,127.0,10.0,0.0,0.0,100.0,-7.0,7,8,11.0,0.0,0.0,-8.0,0.0,0.0,0.0,-8.0,2.0,-8.0,0.0,25.0,Good
2839,69.0,217.0,44.0,118.0,30.0,1.0,0.0,94.0,8.0,4,5,23.0,0.0,25.0,8.0,0.0,0.0,10.0,-8.0,9.0,-8.0,1.0,75.0,Bad
6286,89.0,225.0,3.0,81.0,11.0,0.0,0.0,100.0,-7.0,7,8,12.0,2.0,73.0,1.0,3.0,3.0,6.0,91.0,1.0,3.0,0.0,80.0,Good
2087,61.0,149.0,13.0,75.0,4.0,4.0,4.0,100.0,-7.0,7,8,8.0,0.0,50.0,0.0,0.0,0.0,-8.0,89.0,-8.0,2.0,-8.0,100.0,Bad
294,64.0,159.0,1.0,54.0,20.0,1.0,0.0,89.0,20.0,5,5,27.0,2.0,52.0,0.0,2.0,2.0,42.0,94.0,4.0,2.0,2.0,86.0,Good
6936,87.0,147.0,1.0,69.0,8.0,0.0,0.0,100.0,-7.0,7,8,11.0,2.0,45.0,1.0,3.0,3.0,2.0,100.0,1.0,1.0,0.0,50.0,Good
4986,65.0,305.0,13.0,90.0,25.0,0.0,0.0,88.0,26.0,6,6,26.0,0.0,58.0,13.0,0.0,0.0,75.0,69.0,3.0,6.0,2.0,75.0,Bad
4070,61.0,132.0,3.0,48.0,21.0,2.0,1.0,78.0,12.0,6,5,26.0,2.0,39.0,0.0,2.0,1.0,39.0,99.0,3.0,2.0,1.0,63.0,Bad
3271,71.0,-8.0,1.0,91.0,15.0,0.0,0.0,94.0,-8.0,6,6,0.0,4.0,44.0,9.0,0.0,0.0,60.0,80.0,4.0,4.0,3.0,80.0,Good
1727,71.0,151.0,2.0,34.0,10.0,0.0,0.0,100.0,-7.0,7,8,12.0,7.0,25.0,0.0,4.0,4.0,53.0,-8.0,6.0,-8.0,1.0,67.0,Bad
5058,59.0,164.0,5.0,56.0,30.0,0.0,0.0,87.0,2.0,4,6,31.0,2.0,39.0,0.0,2.0,2.0,72.0,96.0,4.0,3.0,2.0,88.0,Bad
9304,88.0,312.0,11.0,109.0,17.0,0.0,0.0,100.0,-7.0,7,8,17.0,2.0,53.0,0.0,2.0,2.0,5.0,-8.0,2.0,2.0,0.0,67.0,Good
10363,73.0,288.0,2.0,82.0,14.0,0.0,0.0,93.0,5.0,4,6,17.0,1.0,20.0,0.0,2.0,2.0,4.0,69.0,2.0,3.0,0.0,63.0,Good
7757,68.0,151.0,10.0,82.0,22.0,1.0,0.0,79.0,22.0,6,5,24.0,1.0,25.0,10.0,0.0,0.0,53.0,-8.0,7.0,2.0,1.0,64.0,Bad
7466,66.0,78.0,6.0,25.0,22.0,1.0,1.0,96.0,39.0,6,4,27.0,5.0,22.0,0.0,3.0,1.0,38.0,78.0,8.0,4.0,0.0,67.0,Bad
8281,79.0,198.0,41.0,83.0,14.0,0.0,0.0,100.0,-7.0,7,8,17.0,0.0,29.0,-7.0,0.0,0.0,53.0,-8.0,4.0,1.0,1.0,71.0,Bad
1934,62.0,233.0,7.0,72.0,8.0,1.0,0.0,78.0,47.0,6,5,9.0,2.0,44.0,0.0,0.0,0.0,95.0,85.0,3.0,2.0,3.0,100.0,Bad
2884,65.0,-8.0,7.0,19.0,27.0,0.0,0.0,100.0,-7.0,7,8,0.0,5.0,0.0,1.0,3.0,3.0,41.0,-8.0,4.0,-8.0,2.0,36.0,Bad
9899,83.0,140.0,4.0,75.0,27.0,0.0,0.0,100.0,-7.0,7,8,29.0,4.0,52.0,0.0,3.0,2.0,12.0,100.0,2.0,3.0,0.0,71.0,Good
8592,63.0,194.0,2.0,42.0,24.0,3.0,2.0,93.0,29.0,6,4,28.0,6.0,14.0,0.0,3.0,3.0,33.0,-8.0,7.0,2.0,3.0,50.0,Bad
3032,63.0,141.0,6.0,28.0,2.0,0.0,0.0,50.0,30.0,6,6,10.0,1.0,0.0,6.0,0.0,0.0,72.0,-8.0,2.0,-8.0,0.0,100.0,Bad
7919,72.0,86.0,6.0,45.0,15.0,0.0,0.0,87.0,25.0,6,6,16.0,3.0,38.0,0.0,2.0,2.0,33.0,-8.0,4.0,-8.0,0.0,67.0,Good
337,89.0,351.0,5.0,79.0,12.0,0.0,0.0,100.0,-7.0,7,8,12.0,2.0,58.0,0.0,0.0,0.0,4.0,85.0,2.0,3.0,0.0,83.0,Good
306,84.0,294.0,5.0,119.0,44.0,0.0,0.0,100.0,-7.0,7,8,47.0,3.0,68.0,0.0,2.0,2.0,4.0,67.0,5.0,8.0,2.0,76.0,Good
4712,70.0,201.0,2.0,114.0,9.0,7.0,7.0,75.0,38.0,6,2,13.0,2.0,31.0,6.0,0.0,0.0,2.0,-8.0,1.0,1.0,0.0,50.0,Bad
3774,71.0,409.0,12.0,137.0,44.0,0.0,0.0,100.0,-7.0,7,8,44.0,0.0,18.0,1.0,2.0,2.0,47.0,93.0,14.0,3.0,4.0,60.0,Good
4931,77.0,85.0,7.0,42.0,13.0,0.0,0.0,92.0,59.0,6,6,13.0,4.0,15.0,1.0,3.0,3.0,8.0,98.0,4.0,2.0,0.0,67.0,Good
2212,85.0,245.0,22.0,106.0,16.0,0.0,0.0,94.0,59.0,6,6,16.0,0.0,25.0,0.0,0.0,0.0,0.0,-8.0,0.0,-8.0,0.0,0.0,Good
2804,75.0,179.0,27.0,117.0,20.0,1.0,1.0,95.0,13.0,6,2,6.0,0.0,29.0,-7.0,1.0,1.0,14.0,-8.0,6.0,1.0,1.0,54.0,Good
7557,66.0,226.0,3.0,95.0,20.0,1.0,1.0,100.0,-7.0,7,8,22.0,3.0,23.0,-7.0,0.0,0.0,47.0,86.0,7.0,3.0,1.0,67.0,Good
2619,84.0,142.0,17.0,65.0,12.0,0.0,0.0,100.0,-7.0,7,8,13.0,0.0,42.0,-7.0,0.0,0.0,17.0,-8.0,2.0,2.0,0.0,57.0,Bad
7657,61.0,56.0,6.0,31.0,21.0,0.0,0.0,100.0,-7.0,7,8,21.0,2.0,29.0,-7.0,0.0,0.0,71.0,83.0,5.0,5.0,3.0,77.0,Bad
8461,90.0,-8.0,2.0,81.0,8.0,0.0,0.0,100.0,-7.0,7,8,10.0,1.0,20.0,-7.0,1.0,1.0,0.0,-8.0,0.0,1.0,0.0,20.0,Good
3327,85.0,244.0,21.0,123.0,26.0,0.0,0.0,100.0,-7.0,7,8,21.0,0.0,46.0,7.0,0.0,0.0,8.0,-8.0,6.0,-8.0,0.0,67.0,Good
466,73.0,201.0,16.0,108.0,13.0,0.0,0.0,93.0,12.0,6,6,14.0,0.0,21.0,0.0,0.0,0.0,47.0,77.0,6.0,2.0,1.0,89.0,Bad
1408,-9.0,-9.0,-9.0,-9.0,-9.0,-9.0,-9.0,-9.0,-9.0,-9,-9,-9.0,-9.0,-9.0,-9.0,-9.0,-9.0,-9.0,-9.0,-9.0,-9.0,-9.0,-9.0,Bad
8496,57.0,-8.0,6.0,91.0,10.0,1.0,0.0,47.0,2.0,4,5,16.0,1.0,31.0,-7.0,0.0,0.0,91.0,29.0,4.0,1.0,2.0,86.0,Bad
2414,81.0,263.0,2.0,78.0,44.0,0.0,0.0,100.0,-7.0,7,8,38.0,4.0,20.0,-7.0,5.0,5.0,4.0,100.0,3.0,2.0,0.0,25.0,Good
2460,73.0,335.0,2.0,97.0,13.0,2.0,1.0,76.0,7.0,4,4,17.0,2.0,35.0,-7.0,2.0,2.0,0.0,70.0,1.0,5.0,0.0,43.0,Good
4934,67.0,235.0,5.0,92.0,27.0,0.0,0.0,100.0,-7.0,7,8,27.0,2.0,26.0,13.0,0.0,0.0,53.0,84.0,8.0,3.0,2.0,65.0,Good
1069,62.0,220.0,3.0,79.0,12.0,0.0,0.0,93.0,10.0,4,6,15.0,1.0,21.0,3.0,1.0,1.0,93.0,-8.0,4.0,1.0,3.0,83.0,Good
3502,91.0,232.0,80.0,141.0,14.0,0.0,0.0,100.0,-7.0,7,8,22.0,0.0,0.0,9.0,0.0,0.0,2.0,-8.0,2.0,-8.0,0.0,33.0,Good
7329,66.0,92.0,13.0,68.0,5.0,2.0,2.0,71.0,79.0,6,2,7.0,0.0,29.0,0.0,1.0,1.0,39.0,72.0,1.0,1.0,1.0,67.0,Good
1532,84.0,273.0,6.0,119.0,19.0,0.0,0.0,95.0,25.0,6,6,19.0,1.0,16.0,0.0,2.0,2.0,3.0,-8.0,2.0,1.0,0.0,30.0,Good
1467,69.0,323.0,6.0,107.0,44.0,1.0,1.0,96.0,77.0,6,6,46.0,1.0,22.0,0.0,0.0,0.0,46.0,94.0,18.0,3.0,3.0,60.0,Bad
5876,70.0,283.0,6.0,92.0,10.0,1.0,1.0,100.0,-7.0,6,8,10.0,2.0,0.0,-7.0,0.0,0.0,44.0,-8.0,3.0,-8.0,0.0,75.0,Bad
4251,78.0,266.0,13.0,95.0,16.0,0.0,0.0,100.0,-7.0,7,8,16.0,0.0,56.0,0.0,2.0,2.0,51.0,90.0,4.0,2.0,1.0,100.0,Bad
8429,81.0,407.0,8.0,90.0,31.0,0.0,0.0,100.0,-7.0,7,8,33.0,1.0,36.0,0.0,4.0,4.0,0.0,76.0,2.0,2.0,1.0,45.0,Good
7863,57.0,173.0,3.0,48.0,25.0,1.0,1.0,96.0,1.0,2,4,26.0,4.0,23.0,0.0,2.0,2.0,4.0,36.0,5.0,4.0,0.0,60.0,Bad
6730,68.0,88.0,15.0,49.0,15.0,1.0,1.0,100.0,-7.0,7,8,15.0,0.0,47.0,-7.0,0.0,0.0,87.0,83.0,3.0,3.0,0.0,100.0,Bad
3580,76.0,356.0,2.0,56.0,34.0,0.0,0.0,100.0,-7.0,7,8,29.0,6.0,22.0,0.0,6.0,6.0,2.0,66.0,4.0,3.0,0.0,39.0,Bad
1108,-9.0,-9.0,-9.0,-9.0,-9.0,-9.0,-9.0,-9.0,-9.0,-9,-9,-9.0,-9.0,-9.0,-9.0,-9.0,-9.0,-9.0,-9.0,-9.0,-9.0,-9.0,-9.0,Bad
2352,74.0,264.0,11.0,64.0,28.0,0.0,0.0,96.0,29.0,6,6,58.0,1.0,29.0,-7.0,5.0,5.0,37.0,-8.0,5.0,2.0,1.0,44.0,Bad
10112,58.0,132.0,13.0,61.0,11.0,3.0,1.0,71.0,2.0,4,4,14.0,0.0,29.0,-7.0,1.0,1.0,57.0,-8.0,3.0,1.0,1.0,83.0,Bad
5265,63.0,149.0,3.0,80.0,11.0,2.0,1.0,83.0,8.0,4,5,12.0,2.0,33.0,0.0,17.0,16.0,27.0,86.0,2.0,3.0,0.0,83.0,Bad
1529,72.0,195.0,9.0,128.0,16.0,0.0,0.0,78.0,66.0,4,6,18.0,2.0,50.0,0.0,1.0,1.0,11.0,78.0,4.0,1.0,0.0,83.0,Good
7673,72.0,225.0,3.0,68.0,28.0,0.0,0.0,96.0,18.0,6,6,28.0,4.0,18.0,-7.0,0.0,0.0,25.0,100.0,5.0,2.0,1.0,50.0,Good
6313,78.0,191.0,7.0,81.0,29.0,0.0,0.0,100.0,-7.0,7,8,30.0,3.0,45.0,3.0,1.0,1.0,52.0,66.0,2.0,4.0,0.0,86.0,Bad
8844,69.0,198.0,12.0,100.0,18.0,0.0,0.0,89.0,18.0,6,6,18.0,0.0,61.0,0.0,1.0,1.0,54.0,89.0,4.0,2.0,1.0,100.0,Bad
2604,65.0,11.0,10.0,39.0,17.0,1.0,0.0,72.0,13.0,6,5,1.0,2.0,39.0,-7.0,5.0,5.0,0.0,-8.0,3.0,2.0,0.0,63.0,Bad
10409,80.0,210.0,8.0,82.0,17.0,0.0,0.0,95.0,9.0,4,6,19.0,3.0,37.0,9.0,0.0,0.0,7.0,-8.0,1.0,3.0,0.0,56.0,Good
6366,65.0,53.0,4.0,27.0,16.0,0.0,0.0,100.0,-7.0,7,8,16.0,5.0,44.0,0.0,2.0,2.0,73.0,79.0,5.0,4.0,2.0,100.0,Bad
9111,73.0,147.0,4.0,66.0,20.0,0.0,0.0,100.0,-7.0,7,8,20.0,2.0,50.0,-7.0,0.0,0.0,74.0,76.0,5.0,4.0,1.0,100.0,Bad
6417,69.0,87.0,5.0,35.0,15.0,0.0,0.0,67.0,12.0,6,6,15.0,2.0,60.0,0.0,2.0,2.0,0.0,76.0,1.0,2.0,-8.0,50.0,Bad
9453,88.0,163.0,11.0,87.0,9.0,0.0,0.0,90.0,-8.0,6,6,10.0,1.0,20.0,0.0,0.0,0.0,2.0,-8.0,2.0,-8.0,0.0,40.0,Bad
877,80.0,404.0,12.0,105.0,35.0,0.0,0.0,100.0,-7.0,7,8,36.0,0.0,26.0,0.0,3.0,3.0,32.0,61.0,6.0,2.0,0.0,57.0,Good
446,65.0,111.0,19.0,63.0,23.0,1.0,1.0,92.0,25.0,6,2,25.0,0.0,64.0,0.0,4.0,4.0,72.0,114.0,1.0,8.0,0.0,90.0,Bad
10101,84.0,144.0,8.0,64.0,16.0,0.0,0.0,100.0,-7.0,7,8,16.0,1.0,44.0,-7.0,0.0,0.0,16.0,75.0,3.0,2.0,0.0,86.0,Good
1013,72.0,280.0,22.0,128.0,17.0,1.0,1.0,94.0,-8.0,6,6,18.0,0.0,56.0,0.0,0.0,0.0,24.0,-8.0,2.0,2.0,0.0,57.0,Good
6255,82.0,191.0,12.0,98.0,9.0,1.0,0.0,90.0,35.0,6,5,10.0,0.0,60.0,3.0,1.0,1.0,0.0,78.0,0.0,2.0,0.0,60.0,Good
2267,71.0,171.0,11.0,62.0,17.0,0.0,0.0,88.0,69.0,6,6,20.0,1.0,35.0,-7.0,0.0,0.0,41.0,67.0,3.0,2.0,1.0,56.0,Bad
5134,72.0,271.0,3.0,58.0,39.0,1.0,0.0,98.0,8.0,4,5,43.0,2.0,40.0,0.0,6.0,6.0,12.0,92.0,4.0,3.0,0.0,64.0,Good
4859,84.0,169.0,21.0,57.0,15.0,0.0,0.0,100.0,-7.0,7,8,15.0,0.0,33.0,0.0,1.0,1.0,11.0,-8.0,3.0,1.0,0.0,57.0,Good
2706,65.0,176.0,1.0,19.0,18.0,0.0,0.0,100.0,-7.0,7,8,37.0,7.0,10.0,-7.0,4.0,4.0,38.0,100.0,8.0,2.0,2.0,59.0,Bad
847,83.0,265.0,3.0,90.0,17.0,0.0,0.0,100.0,-7.0,7,8,17.0,2.0,18.0,4.0,1.0,1.0,18.0,-8.0,4.0,2.0,0.0,75.0,Good
6985,78.0,265.0,32.0,115.0,11.0,0.0,0.0,100.0,-7.0,7,8,11.0,0.0,64.0,-8.0,0.0,0.0,80.0,-8.0,2.0,1.0,-8.0,100.0,Bad
1434,-9.0,-9.0,-9.0,-9.0,-9.0,-9.0,-9.0,-9.0,-9.0,-9,-9,-9.0,-9.0,-9.0,-9.0,-9.0,-9.0,-9.0,-9.0,-9.0,-9.0,-9.0,-9.0,Good
10441,71.0,155.0,1.0,71.0,24.0,0.0,0.0,100.0,-7.0,7,8,25.0,3.0,32.0,3.0,3.0,3.0,54.0,-8.0,3.0,1.0,1.0,100.0,Good
3876,72.0,387.0,6.0,107.0,24.0,1.0,1.0,96.0,48.0,6,2,26.0,1.0,20.0,0.0,2.0,2.0,38.0,-8.0,6.0,1.0,2.0,50.0,Bad
2583,70.0,258.0,1.0,71.0,19.0,2.0,1.0,91.0,33.0,6,2,43.0,2.0,17.0,-7.0,0.0,0.0,69.0,54.0,6.0,3.0,3.0,82.0,Bad
3096,67.0,94.0,19.0,58.0,20.0,0.0,0.0,95.0,37.0,6,6,17.0,0.0,10.0,12.0,0.0,0.0,74.0,-8.0,6.0,1.0,3.0,78.0,Bad
3945,85.0,386.0,2.0,125.0,25.0,0.0,0.0,96.0,34.0,6,6,49.0,1.0,39.0,1.0,1.0,1.0,2.0,72.0,4.0,3.0,0.0,64.0,Good
533,83.0,108.0,11.0,58.0,19.0,0.0,0.0,90.0,12.0,6,6,20.0,1.0,5.0,-7.0,0.0,0.0,0.0,-8.0,2.0,1.0,0.0,50.0,Bad
8018,75.0,132.0,6.0,67.0,20.0,0.0,0.0,90.0,63.0,6,6,21.0,2.0,29.0,0.0,2.0,2.0,67.0,90.0,2.0,2.0,1.0,67.0,Bad
1066,70.0,308.0,4.0,77.0,41.0,1.0,1.0,95.0,2.0,0,2,42.0,3.0,29.0,0.0,2.0,2.0,6.0,78.0,4.0,7.0,1.0,48.0,Good
2846,54.0,134.0,2.0,60.0,30.0,0.0,0.0,85.0,11.0,4,6,16.0,4.0,32.0,0.0,3.0,3.0,26.0,53.0,5.0,2.0,1.0,50.0,Bad
2723,66.0,26.0,2.0,51.0,7.0,0.0,0.0,90.0,4.0,4,6,3.0,2.0,60.0,-7.0,2.0,1.0,28.0,77.0,2.0,3.0,0.0,83.0,Bad
4652,63.0,172.0,10.0,68.0,11.0,1.0,0.0,83.0,9.0,3,5,12.0,1.0,42.0,0.0,4.0,2.0,69.0,92.0,2.0,3.0,2.0,83.0,Bad
8816,65.0,293.0,1.0,84.0,29.0,1.0,1.0,94.0,2.0,6,6,32.0,3.0,26.0,1.0,3.0,3.0,24.0,-8.0,6.0,1.0,2.0,58.0,Bad
6546,65.0,90.0,7.0,37.0,12.0,2.0,2.0,92.0,51.0,6,4,14.0,4.0,38.0,0.0,3.0,3.0,82.0,95.0,4.0,4.0,2.0,100.0,Bad
9489,65.0,146.0,2.0,71.0,21.0,3.0,3.0,77.0,21.0,6,2,26.0,1.0,58.0,0.0,2.0,2.0,4.0,60.0,1.0,3.0,-8.0,80.0,Bad
4718,68.0,39.0,4.0,20.0,10.0,0.0,0.0,100.0,-7.0,7,8,10.0,3.0,60.0,5.0,1.0,1.0,51.0,95.0,3.0,3.0,2.0,86.0,Bad
7268,52.0,197.0,5.0,78.0,17.0,4.0,1.0,71.0,3.0,4,5,22.0,1.0,38.0,0.0,0.0,0.0,96.0,31.0,6.0,2.0,3.0,89.0,Bad
10323,82.0,77.0,10.0,42.0,8.0,0.0,0.0,100.0,-7.0,7,8,8.0,1.0,25.0,20.0,0.0,0.0,3.0,84.0,2.0,2.0,0.0,57.0,Good
1759,55.0,584.0,13.0,172.0,17.0,0.0,0.0,76.0,4.0,4,6,17.0,0.0,24.0,0.0,8.0,8.0,61.0,72.0,8.0,1.0,1.0,100.0,Bad
710,55.0,37.0,17.0,26.0,2.0,2.0,1.0,67.0,25.0,6,5,3.0,0.0,67.0,2.0,1.0,1.0,100.0,-8.0,1.0,1.0,1.0,100.0,Bad
1774,81.0,312.0,5.0,99.0,13.0,0.0,0.0,100.0,-7.0,7,8,14.0,1.0,29.0,0.0,0.0,0.0,42.0,-8.0,3.0,1.0,1.0,80.0,Good
6801,83.0,267.0,19.0,90.0,16.0,0.0,0.0,94.0,37.0,6,6,16.0,0.0,19.0,16.0,0.0,0.0,4.0,60.0,1.0,1.0,0.0,40.0,Good
5786,54.0,25.0,13.0,19.0,3.0,2.0,2.0,100.0,-7.0,0,8,4.0,0.0,33.0,0.0,2.0,2.0,33.0,-8.0,1.0,1.0,-8.0,67.0,Bad
6636,64.0,151.0,9.0,65.0,30.0,1.0,1.0,100.0,-7.0,6,8,31.0,1.0,19.0,-7.0,1.0,1.0,56.0,21.0,10.0,3.0,5.0,76.0,Bad
7968,68.0,104.0,4.0,45.0,42.0,1.0,1.0,98.0,21.0,6,2,43.0,4.0,42.0,11.0,0.0,0.0,38.0,53.0,10.0,6.0,2.0,73.0,Good
3402,62.0,77.0,3.0,30.0,26.0,0.0,0.0,100.0,-7.0,7,8,26.0,2.0,62.0,0.0,8.0,8.0,52.0,85.0,5.0,16.0,2.0,95.0,Bad
9746,84.0,239.0,4.0,132.0,10.0,1.0,0.0,91.0,30.0,6,5,11.0,3.0,36.0,5.0,1.0,1.0,11.0,-8.0,2.0,2.0,0.0,80.0,Bad
7442,73.0,102.0,2.0,41.0,22.0,0.0,0.0,100.0,-7.0,7,8,23.0,2.0,35.0,0.0,0.0,0.0,21.0,46.0,4.0,4.0,1.0,62.0,Bad
1997,71.0,135.0,24.0,73.0,21.0,2.0,1.0,87.0,15.0,6,4,23.0,0.0,4.0,0.0,0.0,0.0,26.0,-8.0,4.0,1.0,1.0,55.0,Bad
6370,68.0,335.0,8.0,148.0,18.0,0.0,0.0,100.0,-7.0,7,8,18.0,1.0,22.0,0.0,1.0,1.0,89.0,73.0,9.0,1.0,7.0,91.0,Bad
5866,73.0,284.0,11.0,111.0,15.0,0.0,0.0,100.0,-7.0,7,8,15.0,1.0,40.0,0.0,0.0,0.0,74.0,58.0,3.0,4.0,2.0,78.0,Good
2225,57.0,179.0,12.0,70.0,13.0,2.0,1.0,75.0,0.0,3,4,16.0,0.0,44.0,0.0,0.0,0.0,19.0,87.0,4.0,2.0,0.0,75.0,Good
8126,90.0,354.0,28.0,113.0,26.0,0.0,0.0,100.0,-7.0,7,8,27.0,0.0,15.0,18.0,0.0,0.0,1.0,-8.0,2.0,1.0,0.0,43.0,Good
296,73.0,144.0,38.0,96.0,13.0,0.0,0.0,85.0,44.0,6,6,13.0,0.0,8.0,0.0,0.0,0.0,40.0,5.0,10.0,1.0,1.0,85.0,Bad
5362,73.0,156.0,5.0,49.0,25.0,0.0,0.0,96.0,-7.0,5,7,25.0,2.0,40.0,-7.0,1.0,1.0,58.0,88.0,7.0,9.0,1.0,80.0,Bad
7743,50.0,118.0,18.0,75.0,3.0,3.0,3.0,43.0,14.0,6,2,7.0,0.0,29.0,0.0,5.0,5.0,154.0,69.0,1.0,1.0,1.0,100.0,Bad
1420,-9.0,-9.0,-9.0,-9.0,-9.0,-9.0,-9.0,-9.0,-9.0,-9,-9,-9.0,-9.0,-9.0,-9.0,-9.0,-9.0,-9.0,-9.0,-9.0,-9.0,-9.0,-9.0,Bad
9436,60.0,49.0,2.0,25.0,24.0,0.0,0.0,100.0,-7.0,7,8,25.0,6.0,32.0,0.0,2.0,2.0,35.0,73.0,9.0,4.0,2.0,72.0,Bad
3246,60.0,189.0,3.0,80.0,42.0,0.0,0.0,95.0,30.0,6,6,42.0,5.0,33.0,3.0,1.0,1.0,60.0,76.0,15.0,11.0,5.0,84.0,Good
5356,57.0,81.0,6.0,41.0,22.0,0.0,0.0,95.0,12.0,5,6,22.0,3.0,59.0,-7.0,1.0,1.0,100.0,61.0,7.0,6.0,5.0,93.0,Bad
7992,81.0,356.0,12.0,120.0,32.0,1.0,1.0,94.0,53.0,6,4,34.0,0.0,32.0,0.0,1.0,1.0,5.0,-8.0,7.0,3.0,0.0,56.0,Good
8942,81.0,163.0,19.0,92.0,16.0,0.0,0.0,100.0,-7.0,7,8,16.0,0.0,50.0,0.0,0.0,0.0,16.0,58.0,1.0,2.0,0.0,38.0,Good
351,82.0,340.0,1.0,87.0,45.0,0.0,0.0,100.0,-7.0,5,8,49.0,6.0,27.0,0.0,10.0,10.0,3.0,82.0,6.0,5.0,0.0,44.0,Good
7939,58.0,263.0,2.0,88.0,24.0,1.0,1.0,96.0,3.0,4,6,26.0,3.0,62.0,0.0,0.0,0.0,25.0,68.0,5.0,4.0,-8.0,90.0,Bad
4625,63.0,175.0,3.0,64.0,15.0,1.0,0.0,65.0,3.0,4,5,17.0,3.0,24.0,0.0,4.0,4.0,11.0,-8.0,5.0,1.0,0.0,75.0,Bad
4616,58.0,78.0,4.0,46.0,18.0,0.0,0.0,95.0,23.0,6,6,19.0,3.0,16.0,-7.0,2.0,2.0,87.0,-8.0,11.0,1.0,5.0,80.0,Good
3384,77.0,298.0,23.0,154.0,12.0,1.0,1.0,100.0,-7.0,6,8,12.0,0.0,33.0,0.0,3.0,3.0,3.0,-8.0,2.0,1.0,0.0,67.0,Good
9030,66.0,139.0,2.0,75.0,15.0,0.0,0.0,94.0,64.0,5,6,18.0,1.0,33.0,0.0,1.0,1.0,69.0,-8.0,8.0,1.0,1.0,100.0,Bad
2186,68.0,91.0,4.0,25.0,18.0,0.0,0.0,100.0,-7.0,7,8,21.0,10.0,19.0,0.0,4.0,4.0,14.0,52.0,4.0,3.0,1.0,44.0,Bad
1637,65.0,100.0,9.0,40.0,15.0,0.0,0.0,93.0,9.0,4,6,15.0,3.0,47.0,0.0,0.0,0.0,50.0,65.0,3.0,2.0,0.0,71.0,Good
804,68.0,170.0,11.0,78.0,49.0,0.0,0.0,100.0,-7.0,7,8,54.0,1.0,19.0,12.0,0.0,0.0,1.0,-8.0,2.0,2.0,0.0,57.0,Good
6726,82.0,351.0,11.0,101.0,30.0,0.0,0.0,100.0,-7.0,7,8,31.0,1.0,6.0,-7.0,0.0,0.0,8.0,50.0,8.0,1.0,1.0,39.0,Good
4107,67.0,227.0,1.0,90.0,11.0,1.0,1.0,100.0,-7.0,6,8,11.0,1.0,50.0,1.0,3.0,3.0,0.0,48.0,1.0,2.0,0.0,57.0,Bad
2567,63.0,-8.0,4.0,118.0,5.0,2.0,2.0,100.0,-7.0,7,8,0.0,1.0,40.0,-7.0,1.0,1.0,65.0,-8.0,2.0,-8.0,1.0,100.0,Good
7763,85.0,166.0,11.0,81.0,22.0,0.0,0.0,100.0,-7.0,7,8,22.0,1.0,36.0,-8.0,0.0,0.0,0.0,55.0,0.0,2.0,0.0,29.0,Good
8038,68.0,277.0,3.0,77.0,37.0,1.0,0.0,92.0,5.0,6,5,38.0,4.0,16.0,0.0,4.0,4.0,24.0,72.0,5.0,2.0,0.0,47.0,Bad
5276,65.0,196.0,1.0,54.0,40.0,0.0,0.0,100.0,-7.0,7,8,41.0,3.0,22.0,0.0,4.0,3.0,36.0,71.0,12.0,3.0,2.0,63.0,Bad
9435,68.0,135.0,5.0,64.0,19.0,2.0,0.0,90.0,12.0,6,5,21.0,4.0,52.0,0.0,0.0,0.0,41.0,92.0,7.0,2.0,1.0,82.0,Good
3951,85.0,320.0,17.0,104.0,18.0,0.0,0.0,94.0,46.0,6,6,46.0,0.0,17.0,-8.0,0.0,0.0,3.0,75.0,1.0,2.0,0.0,27.0,Good
4254,76.0,75.0,7.0,44.0,23.0,0.0,0.0,92.0,12.0,6,6,24.0,2.0,13.0,0.0,0.0,0.0,0.0,77.0,2.0,2.0,0.0,25.0,Bad
7336,63.0,11.0,2.0,7.0,10.0,0.0,0.0,100.0,-7.0,7,8,12.0,12.0,25.0,0.0,10.0,10.0,18.0,-8.0,7.0,1.0,0.0,80.0,Bad
2207,63.0,282.0,4.0,71.0,29.0,2.0,2.0,88.0,1.0,4,2,32.0,4.0,69.0,0.0,1.0,1.0,4.0,81.0,5.0,4.0,0.0,82.0,Bad
5872,68.0,266.0,13.0,93.0,29.0,1.0,1.0,90.0,39.0,6,6,29.0,0.0,59.0,0.0,2.0,2.0,98.0,53.0,3.0,4.0,3.0,88.0,Bad
8322,84.0,123.0,1.0,48.0,30.0,0.0,0.0,100.0,-7.0,7,8,33.0,7.0,18.0,4.0,1.0,1.0,10.0,80.0,4.0,2.0,0.0,35.0,Good
9638,87.0,172.0,11.0,72.0,19.0,0.0,0.0,100.0,-7.0,7,8,19.0,1.0,32.0,16.0,0.0,0.0,0.0,25.0,1.0,2.0,0.0,27.0,Good
1797,70.0,331.0,22.0,116.0,20.0,0.0,0.0,95.0,63.0,6,6,22.0,0.0,23.0,0.0,3.0,3.0,65.0,-8.0,8.0,1.0,2.0,82.0,Bad
6518,80.0,174.0,9.0,83.0,20.0,0.0,0.0,95.0,-8.0,6,6,21.0,1.0,43.0,0.0,0.0,0.0,-8.0,-8.0,1.0,1.0,0.0,100.0,Good
1446,-9.0,-9.0,-9.0,-9.0,-9.0,-9.0,-9.0,-9.0,-9.0,-9,-9,-9.0,-9.0,-9.0,-9.0,-9.0,-9.0,-9.0,-9.0,-9.0,-9.0,-9.0,-9.0,Good
124,-9.0,-9.0,-9.0,-9.0,-9.0,-9.0,-9.0,-9.0,-9.0,-9,-9,-9.0,-9.0,-9.0,-9.0,-9.0,-9.0,-9.0,-9.0,-9.0,-9.0,-9.0,-9.0,Bad
8509,67.0,-8.0,7.0,68.0,34.0,0.0,0.0,100.0,-7.0,7,8,39.0,3.0,13.0,-7.0,5.0,5.0,90.0,40.0,13.0,4.0,9.0,89.0,Bad
5906,85.0,139.0,2.0,59.0,11.0,0.0,0.0,100.0,-7.0,7,8,12.0,1.0,0.0,-7.0,0.0,0.0,6.0,-8.0,5.0,-8.0,0.0,71.0,Good
9848,76.0,164.0,7.0,72.0,29.0,0.0,0.0,86.0,45.0,6,6,29.0,2.0,14.0,0.0,0.0,0.0,3.0,14.0,4.0,1.0,1.0,36.0,Good
7615,56.0,180.0,8.0,74.0,29.0,2.0,2.0,87.0,2.0,1,3,32.0,4.0,30.0,-7.0,1.0,1.0,30.0,80.0,5.0,4.0,1.0,69.0,Bad
8503,72.0,-8.0,2.0,16.0,4.0,0.0,0.0,100.0,-7.0,7,8,6.0,3.0,50.0,-7.0,0.0,0.0,29.0,100.0,2.0,2.0,0.0,67.0,Bad
7536,77.0,195.0,3.0,53.0,33.0,0.0,0.0,100.0,-7.0,7,8,33.0,8.0,21.0,-7.0,2.0,2.0,1.0,-8.0,2.0,1.0,0.0,36.0,Good
10392,73.0,195.0,27.0,86.0,19.0,0.0,0.0,100.0,-7.0,7,8,20.0,0.0,40.0,-8.0,0.0,0.0,76.0,45.0,6.0,1.0,4.0,70.0,Good
3159,77.0,208.0,21.0,115.0,9.0,0.0,0.0,100.0,-7.0,7,8,16.0,0.0,44.0,6.0,0.0,0.0,0.0,-8.0,0.0,2.0,-8.0,40.0,Bad
177,65.0,129.0,10.0,64.0,30.0,0.0,0.0,78.0,2.0,4,6,32.0,3.0,34.0,0.0,1.0,1.0,17.0,99.0,2.0,10.0,0.0,67.0,Good
1255,-9.0,-9.0,-9.0,-9.0,-9.0,-9.0,-9.0,-9.0,-9.0,-9,-9,-9.0,-9.0,-9.0,-9.0,-9.0,-9.0,-9.0,-9.0,-9.0,-9.0,-9.0,-9.0,Bad
7582,75.0,235.0,6.0,85.0,15.0,0.0,0.0,94.0,17.0,6,6,16.0,1.0,38.0,-7.0,1.0,1.0,40.0,96.0,1.0,2.0,1.0,50.0,Bad
4741,73.0,84.0,1.0,43.0,19.0,0.0,0.0,95.0,12.0,6,6,21.0,3.0,33.0,12.0,0.0,0.0,0.0,100.0,3.0,3.0,0.0,50.0,Bad
3976,86.0,228.0,2.0,79.0,42.0,0.0,0.0,100.0,-7.0,7,8,17.0,4.0,20.0,0.0,6.0,6.0,9.0,-8.0,7.0,1.0,0.0,50.0,Good
10405,83.0,151.0,4.0,62.0,10.0,0.0,0.0,100.0,-7.0,7,8,10.0,1.0,20.0,23.0,0.0,0.0,33.0,-8.0,3.0,1.0,0.0,67.0,Good
1051,73.0,266.0,9.0,132.0,21.0,0.0,0.0,96.0,27.0,6,6,25.0,4.0,26.0,0.0,3.0,3.0,20.0,-8.0,2.0,2.0,0.0,45.0,Good
1487,75.0,85.0,2.0,60.0,7.0,1.0,1.0,78.0,27.0,6,4,9.0,2.0,44.0,0.0,0.0,0.0,5.0,-8.0,3.0,1.0,-8.0,80.0,Good
1426,-9.0,-9.0,-9.0,-9.0,-9.0,-9.0,-9.0,-9.0,-9.0,-9,-9,-9.0,-9.0,-9.0,-9.0,-9.0,-9.0,-9.0,-9.0,-9.0,-9.0,-9.0,-9.0,Bad
5582,84.0,125.0,15.0,81.0,13.0,0.0,0.0,100.0,-7.0,7,8,14.0,0.0,36.0,0.0,1.0,1.0,0.0,70.0,0.0,3.0,0.0,38.0,Good
9308,90.0,274.0,11.0,106.0,32.0,0.0,0.0,100.0,-7.0,7,8,33.0,1.0,21.0,12.0,0.0,0.0,2.0,87.0,1.0,1.0,0.0,20.0,Good
2581,63.0,240.0,15.0,73.0,22.0,0.0,0.0,82.0,2.0,4,6,2.0,0.0,14.0,-7.0,0.0,0.0,37.0,-8.0,6.0,2.0,1.0,57.0,Bad
9218,72.0,257.0,3.0,124.0,13.0,2.0,2.0,93.0,80.0,6,6,14.0,1.0,36.0,3.0,1.0,1.0,27.0,81.0,1.0,1.0,0.0,100.0,Good
4052,83.0,157.0,25.0,206.0,5.0,0.0,0.0,100.0,-7.0,7,8,22.0,0.0,0.0,7.0,0.0,0.0,15.0,-8.0,2.0,-8.0,0.0,50.0,Good
5044,70.0,166.0,14.0,82.0,26.0,1.0,0.0,79.0,17.0,6,5,28.0,0.0,29.0,1.0,1.0,1.0,42.0,87.0,7.0,2.0,0.0,45.0,Bad
4342,75.0,97.0,0.0,43.0,28.0,0.0,0.0,100.0,-7.0,6,8,30.0,4.0,67.0,0.0,5.0,5.0,48.0,79.0,3.0,5.0,1.0,89.0,Good
9615,91.0,228.0,18.0,127.0,16.0,0.0,0.0,100.0,-7.0,7,8,18.0,0.0,33.0,17.0,0.0,0.0,1.0,-8.0,2.0,-8.0,0.0,33.0,Good
9392,83.0,159.0,10.0,66.0,23.0,0.0,0.0,96.0,32.0,6,6,25.0,3.0,32.0,10.0,0.0,0.0,7.0,-8.0,2.0,2.0,0.0,80.0,Good
4051,73.0,288.0,11.0,61.0,8.0,0.0,0.0,88.0,8.0,4,6,24.0,2.0,50.0,1.0,1.0,1.0,46.0,-8.0,2.0,1.0,0.0,100.0,Bad
9358,65.0,247.0,2.0,100.0,41.0,1.0,1.0,96.0,6.0,0,2,46.0,3.0,35.0,1.0,4.0,3.0,24.0,59.0,10.0,4.0,0.0,61.0,Good
8607,69.0,282.0,0.0,117.0,8.0,1.0,1.0,91.0,21.0,6,6,11.0,1.0,18.0,0.0,1.0,1.0,0.0,-8.0,1.0,-8.0,0.0,25.0,Good
1201,-9.0,-9.0,-9.0,-9.0,-9.0,-9.0,-9.0,-9.0,-9.0,-9,-9,-9.0,-9.0,-9.0,-9.0,-9.0,-9.0,-9.0,-9.0,-9.0,-9.0,-9.0,-9.0,Bad
5484,81.0,302.0,23.0,145.0,9.0,1.0,0.0,90.0,53.0,6,5,10.0,0.0,30.0,21.0,0.0,0.0,1.0,75.0,2.0,2.0,0.0,80.0,Good
8560,84.0,-8.0,5.0,71.0,15.0,0.0,0.0,100.0,-7.0,7,8,0.0,2.0,20.0,20.0,0.0,0.0,2.0,69.0,3.0,3.0,0.0,60.0,Good
7642,73.0,46.0,1.0,21.0,7.0,0.0,0.0,100.0,-7.0,7,8,8.0,2.0,50.0,-7.0,1.0,1.0,17.0,77.0,2.0,2.0,0.0,83.0,Bad
8911,61.0,187.0,2.0,85.0,28.0,0.0,0.0,97.0,6.0,4,6,29.0,2.0,41.0,0.0,0.0,0.0,86.0,43.0,9.0,4.0,3.0,93.0,Bad
4316,81.0,118.0,33.0,84.0,9.0,0.0,0.0,89.0,54.0,6,6,9.0,0.0,56.0,0.0,1.0,0.0,13.0,-8.0,1.0,-8.0,0.0,100.0,Bad
9450,63.0,278.0,19.0,89.0,37.0,0.0,0.0,95.0,3.0,4,6,38.0,0.0,24.0,0.0,3.0,3.0,30.0,-8.0,11.0,1.0,3.0,86.0,Bad
7347,88.0,206.0,3.0,81.0,31.0,0.0,0.0,100.0,-7.0,7,8,33.0,3.0,67.0,0.0,1.0,1.0,26.0,88.0,2.0,6.0,0.0,89.0,Good
4637,64.0,115.0,0.0,45.0,32.0,2.0,1.0,98.0,16.0,6,5,40.0,6.0,38.0,5.0,0.0,0.0,12.0,89.0,7.0,8.0,0.0,71.0,Good
7010,79.0,108.0,4.0,58.0,26.0,0.0,0.0,100.0,-7.0,7,8,26.0,1.0,12.0,0.0,7.0,7.0,5.0,-8.0,2.0,1.0,0.0,38.0,Good
3207,68.0,168.0,10.0,33.0,8.0,0.0,0.0,100.0,-7.0,7,8,27.0,3.0,38.0,1.0,3.0,3.0,70.0,74.0,4.0,3.0,1.0,100.0,Good
465,67.0,83.0,2.0,36.0,30.0,0.0,0.0,97.0,25.0,6,6,32.0,8.0,44.0,0.0,3.0,3.0,39.0,89.0,4.0,8.0,0.0,80.0,Good
9481,75.0,23.0,6.0,15.0,2.0,0.0,0.0,100.0,-7.0,7,8,2.0,1.0,50.0,0.0,0.0,0.0,17.0,100.0,1.0,1.0,0.0,100.0,Bad
6188,89.0,151.0,20.0,87.0,14.0,0.0,0.0,100.0,-7.0,7,8,14.0,0.0,50.0,-8.0,0.0,0.0,9.0,-8.0,1.0,2.0,0.0,60.0,Good
5079,66.0,256.0,7.0,156.0,42.0,1.0,1.0,80.0,22.0,5,4,46.0,2.0,43.0,-7.0,1.0,1.0,36.0,61.0,4.0,4.0,2.0,48.0,Bad
5429,67.0,167.0,16.0,87.0,12.0,1.0,1.0,75.0,34.0,6,6,12.0,0.0,33.0,9.0,0.0,0.0,50.0,151.0,3.0,2.0,1.0,71.0,Bad
1959,66.0,138.0,7.0,72.0,4.0,4.0,4.0,50.0,45.0,6,2,8.0,1.0,25.0,0.0,1.0,1.0,46.0,-8.0,1.0,1.0,0.0,100.0,Bad
8512,78.0,-8.0,2.0,132.0,22.0,0.0,0.0,100.0,-7.0,7,8,29.0,2.0,3.0,-7.0,1.0,1.0,58.0,-8.0,8.0,-8.0,4.0,53.0,Good
8991,79.0,135.0,3.0,59.0,29.0,0.0,0.0,100.0,-7.0,7,8,31.0,3.0,45.0,0.0,1.0,1.0,2.0,51.0,2.0,4.0,1.0,60.0,Good
1225,-9.0,-9.0,-9.0,-9.0,-9.0,-9.0,-9.0,-9.0,-9.0,-9,-9,-9.0,-9.0,-9.0,-9.0,-9.0,-9.0,-9.0,-9.0,-9.0,-9.0,-9.0,-9.0,Good
5454,73.0,248.0,4.0,76.0,24.0,0.0,0.0,88.0,18.0,6,6,26.0,2.0,28.0,0.0,1.0,1.0,12.0,90.0,4.0,2.0,0.0,64.0,Good
2116,68.0,144.0,2.0,41.0,19.0,0.0,0.0,100.0,-7.0,7,8,21.0,4.0,24.0,0.0,1.0,1.0,63.0,78.0,10.0,3.0,3.0,93.0,Bad
2844,80.0,150.0,9.0,26.0,7.0,0.0,0.0,100.0,-7.0,7,8,13.0,3.0,29.0,8.0,0.0,0.0,0.0,88.0,0.0,1.0,0.0,25.0,Good
5935,66.0,164.0,19.0,108.0,9.0,1.0,0.0,70.0,9.0,4,5,10.0,0.0,80.0,-7.0,0.0,0.0,0.0,121.0,0.0,4.0,-8.0,80.0,Good
6940,82.0,89.0,14.0,47.0,24.0,0.0,0.0,100.0,-7.0,6,7,24.0,0.0,29.0,2.0,1.0,1.0,7.0,31.0,1.0,2.0,0.0,20.0,Good
3670,88.0,205.0,8.0,138.0,37.0,0.0,0.0,100.0,-7.0,7,8,8.0,1.0,11.0,19.0,0.0,0.0,2.0,-8.0,4.0,1.0,0.0,24.0,Good
4110,60.0,91.0,4.0,87.0,23.0,1.0,0.0,76.0,7.0,4,5,3.0,2.0,20.0,2.0,2.0,2.0,57.0,100.0,3.0,2.0,2.0,50.0,Bad
5985,63.0,426.0,3.0,90.0,18.0,4.0,3.0,95.0,36.0,6,5,19.0,2.0,32.0,0.0,2.0,2.0,60.0,69.0,6.0,3.0,1.0,82.0,Good
1115,-9.0,-9.0,-9.0,-9.0,-9.0,-9.0,-9.0,-9.0,-9.0,-9,-9,-9.0,-9.0,-9.0,-9.0,-9.0,-9.0,-9.0,-9.0,-9.0,-9.0,-9.0,-9.0,Good
2782,66.0,357.0,19.0,115.0,16.0,1.0,1.0,76.0,36.0,6,6,17.0,0.0,35.0,-7.0,1.0,1.0,21.0,6.0,4.0,3.0,0.0,73.0,Good
7641,68.0,-8.0,1.0,18.0,7.0,0.0,0.0,100.0,-7.0,7,8,8.0,4.0,38.0,-7.0,9.0,7.0,37.0,-8.0,2.0,1.0,0.0,67.0,Bad
7522,68.0,179.0,6.0,66.0,32.0,0.0,0.0,97.0,20.0,6,6,32.0,3.0,19.0,-7.0,0.0,0.0,47.0,73.0,4.0,3.0,1.0,50.0,Good
4724,72.0,159.0,1.0,61.0,26.0,0.0,0.0,96.0,5.0,4,6,27.0,2.0,33.0,1.0,1.0,1.0,7.0,75.0,5.0,3.0,0.0,67.0,Bad
5207,83.0,240.0,6.0,94.0,19.0,0.0,0.0,100.0,-7.0,7,8,19.0,2.0,47.0,0.0,0.0,0.0,21.0,88.0,3.0,2.0,0.0,83.0,Good
5456,73.0,223.0,23.0,99.0,22.0,0.0,0.0,91.0,9.0,4,6,23.0,0.0,35.0,4.0,1.0,1.0,6.0,65.0,6.0,2.0,0.0,80.0,Good
6710,86.0,153.0,7.0,88.0,15.0,0.0,0.0,100.0,-7.0,7,8,15.0,1.0,27.0,-7.0,0.0,0.0,5.0,-8.0,2.0,1.0,0.0,43.0,Good
1093,-9.0,-9.0,-9.0,-9.0,-9.0,-9.0,-9.0,-9.0,-9.0,-9,-9,-9.0,-9.0,-9.0,-9.0,-9.0,-9.0,-9.0,-9.0,-9.0,-9.0,-9.0,-9.0,Good
7182,76.0,163.0,7.0,72.0,27.0,0.0,0.0,97.0,25.0,6,6,30.0,1.0,53.0,0.0,0.0,0.0,48.0,-8.0,3.0,2.0,0.0,100.0,Good
7584,80.0,271.0,9.0,62.0,12.0,0.0,0.0,92.0,9.0,4,6,12.0,1.0,33.0,-7.0,0.0,0.0,29.0,50.0,1.0,2.0,0.0,60.0,Bad
1660,86.0,438.0,4.0,81.0,12.0,0.0,0.0,92.0,-8.0,6,6,12.0,1.0,42.0,0.0,0.0,0.0,5.0,-8.0,3.0,1.0,0.0,57.0,Bad
6384,86.0,369.0,11.0,80.0,20.0,0.0,0.0,100.0,-7.0,7,8,20.0,1.0,35.0,0.0,0.0,0.0,12.0,-8.0,1.0,1.0,0.0,33.0,Good
4563,74.0,73.0,6.0,36.0,16.0,0.0,0.0,94.0,36.0,6,6,16.0,3.0,75.0,-7.0,1.0,1.0,10.0,63.0,2.0,5.0,0.0,88.0,Bad
1092,-9.0,-9.0,-9.0,-9.0,-9.0,-9.0,-9.0,-9.0,-9.0,-9,-9,-9.0,-9.0,-9.0,-9.0,-9.0,-9.0,-9.0,-9.0,-9.0,-9.0,-9.0,-9.0,Good
381,66.0,175.0,14.0,84.0,6.0,1.0,0.0,57.0,1.0,4,5,7.0,0.0,29.0,0.0,0.0,0.0,112.0,91.0,2.0,1.0,-8.0,80.0,Bad
2235,72.0,413.0,10.0,70.0,31.0,0.0,0.0,97.0,54.0,6,6,31.0,2.0,74.0,0.0,1.0,1.0,25.0,-8.0,2.0,1.0,1.0,43.0,Good
8488,70.0,-8.0,7.0,64.0,13.0,1.0,1.0,93.0,29.0,6,2,14.0,2.0,36.0,-7.0,0.0,0.0,54.0,83.0,4.0,2.0,0.0,100.0,Good
2084,79.0,304.0,3.0,111.0,31.0,0.0,0.0,97.0,51.0,6,6,31.0,2.0,13.0,0.0,2.0,2.0,19.0,96.0,8.0,2.0,1.0,59.0,Bad
603,85.0,132.0,7.0,62.0,29.0,0.0,0.0,100.0,-7.0,6,7,29.0,2.0,21.0,-7.0,0.0,0.0,1.0,79.0,3.0,3.0,0.0,67.0,Good
10357,75.0,356.0,15.0,122.0,20.0,1.0,0.0,82.0,8.0,6,5,22.0,0.0,18.0,18.0,0.0,0.0,23.0,-8.0,5.0,1.0,0.0,60.0,Good
2606,77.0,301.0,4.0,149.0,13.0,0.0,0.0,92.0,9.0,4,6,42.0,2.0,31.0,-7.0,0.0,0.0,20.0,89.0,6.0,2.0,1.0,80.0,Bad
8851,73.0,115.0,3.0,55.0,40.0,0.0,0.0,100.0,-7.0,7,8,40.0,6.0,58.0,7.0,0.0,0.0,58.0,79.0,4.0,4.0,1.0,82.0,Bad
3511,88.0,302.0,22.0,93.0,14.0,0.0,0.0,100.0,-7.0,7,8,16.0,0.0,7.0,4.0,1.0,1.0,2.0,-8.0,4.0,-8.0,0.0,67.0,Good
2383,67.0,182.0,7.0,50.0,13.0,0.0,0.0,100.0,-7.0,7,8,6.0,1.0,62.0,-7.0,2.0,2.0,24.0,51.0,3.0,3.0,-8.0,86.0,Good
4173,87.0,156.0,6.0,104.0,13.0,0.0,0.0,100.0,-7.0,7,8,13.0,1.0,15.0,0.0,0.0,0.0,26.0,-8.0,2.0,1.0,0.0,30.0,Good
7356,91.0,364.0,1.0,118.0,12.0,0.0,0.0,100.0,-7.0,7,8,13.0,1.0,8.0,0.0,1.0,1.0,0.0,-8.0,1.0,-8.0,0.0,20.0,Good
3043,84.0,271.0,1.0,56.0,5.0,0.0,0.0,100.0,-7.0,7,8,18.0,3.0,57.0,2.0,3.0,3.0,0.0,100.0,0.0,1.0,0.0,50.0,Bad
121,61.0,208.0,6.0,96.0,24.0,3.0,2.0,74.0,44.0,6,2,27.0,3.0,63.0,-7.0,2.0,2.0,53.0,77.0,6.0,4.0,2.0,92.0,Bad
258,55.0,147.0,1.0,83.0,12.0,2.0,2.0,86.0,32.0,6,2,15.0,1.0,29.0,0.0,2.0,2.0,66.0,-8.0,6.0,1.0,2.0,89.0,Bad
5874,63.0,126.0,5.0,64.0,16.0,1.0,1.0,100.0,-7.0,6,8,16.0,1.0,44.0,-7.0,1.0,0.0,96.0,75.0,4.0,3.0,3.0,100.0,Bad
2362,66.0,101.0,5.0,73.0,31.0,0.0,0.0,100.0,-7.0,7,8,20.0,1.0,10.0,-7.0,4.0,3.0,72.0,-8.0,15.0,1.0,10.0,75.0,Bad
132,71.0,103.0,15.0,94.0,6.0,1.0,0.0,86.0,13.0,6,5,7.0,0.0,14.0,-7.0,0.0,0.0,48.0,-8.0,2.0,-8.0,0.0,67.0,Bad
10248,61.0,140.0,2.0,74.0,27.0,3.0,2.0,89.0,4.0,4,2,37.0,4.0,59.0,0.0,1.0,1.0,30.0,67.0,4.0,6.0,2.0,100.0,Bad
201,-9.0,-9.0,-9.0,-9.0,-9.0,-9.0,-9.0,-9.0,-9.0,-9,-9,-9.0,-9.0,-9.0,-9.0,-9.0,-9.0,-9.0,-9.0,-9.0,-9.0,-9.0,-9.0,Good
1438,-9.0,-9.0,-9.0,-9.0,-9.0,-9.0,-9.0,-9.0,-9.0,-9,-9,-9.0,-9.0,-9.0,-9.0,-9.0,-9.0,-9.0,-9.0,-9.0,-9.0,-9.0,-9.0,Good
6661,61.0,142.0,7.0,74.0,24.0,2.0,2.0,81.0,14.0,6,2,27.0,1.0,70.0,-7.0,1.0,1.0,51.0,84.0,4.0,3.0,1.0,88.0,Bad
3198,73.0,125.0,3.0,32.0,15.0,0.0,0.0,100.0,-7.0,7,8,29.0,1.0,7.0,0.0,4.0,4.0,28.0,-8.0,3.0,-8.0,1.0,25.0,Bad
8662,84.0,203.0,10.0,83.0,32.0,0.0,0.0,100.0,-7.0,7,8,34.0,2.0,38.0,9.0,0.0,0.0,0.0,6.0,2.0,1.0,0.0,27.0,Good
9215,66.0,190.0,3.0,94.0,33.0,1.0,1.0,97.0,-8.0,6,6,33.0,1.0,55.0,0.0,4.0,4.0,23.0,79.0,2.0,4.0,0.0,75.0,Good
4701,-9.0,-9.0,-9.0,-9.0,-9.0,-9.0,-9.0,-9.0,-9.0,-9,-9,-9.0,-9.0,-9.0,-9.0,-9.0,-9.0,-9.0,-9.0,-9.0,-9.0,-9.0,-9.0,Bad
9555,61.0,165.0,2.0,65.0,24.0,0.0,0.0,93.0,24.0,6,6,27.0,6.0,26.0,-7.0,3.0,3.0,68.0,99.0,14.0,3.0,3.0,85.0,Good
3561,80.0,296.0,5.0,87.0,31.0,0.0,0.0,100.0,-7.0,7,8,30.0,2.0,16.0,16.0,0.0,0.0,11.0,46.0,8.0,2.0,0.0,56.0,Good
10194,86.0,120.0,12.0,68.0,25.0,0.0,0.0,100.0,-7.0,7,8,25.0,0.0,40.0,0.0,1.0,1.0,1.0,-8.0,3.0,1.0,0.0,50.0,Good
8720,60.0,101.0,13.0,49.0,9.0,2.0,2.0,67.0,10.0,4,2,12.0,0.0,83.0,0.0,0.0,0.0,-8.0,63.0,-8.0,3.0,-8.0,100.0,Bad
5237,-9.0,-9.0,-9.0,-9.0,-9.0,-9.0,-9.0,-9.0,-9.0,-9,-9,-9.0,-9.0,-9.0,-9.0,-9.0,-9.0,-9.0,-9.0,-9.0,-9.0,-9.0,-9.0,Good
5010,75.0,278.0,75.0,123.0,6.0,0.0,0.0,83.0,20.0,6,6,6.0,0.0,17.0,0.0,1.0,1.0,7.0,-8.0,2.0,-8.0,-8.0,75.0,Good
3941,60.0,-8.0,7.0,87.0,27.0,0.0,0.0,93.0,2.0,4,6,0.0,3.0,7.0,0.0,2.0,2.0,40.0,-8.0,14.0,1.0,4.0,94.0,Bad
8349,76.0,181.0,5.0,52.0,29.0,0.0,0.0,100.0,-7.0,7,8,29.0,2.0,55.0,0.0,1.0,1.0,46.0,-8.0,7.0,1.0,2.0,73.0,Bad
6539,57.0,14.0,5.0,8.0,3.0,0.0,0.0,100.0,-7.0,7,8,3.0,2.0,33.0,0.0,6.0,5.0,96.0,-8.0,2.0,1.0,1.0,100.0,Bad
10005,64.0,302.0,0.0,59.0,17.0,1.0,1.0,100.0,-7.0,7,8,19.0,3.0,50.0,0.0,2.0,2.0,82.0,93.0,4.0,2.0,2.0,86.0,Bad
694,87.0,441.0,2.0,103.0,22.0,0.0,0.0,100.0,-7.0,7,8,23.0,3.0,48.0,3.0,2.0,2.0,3.0,83.0,1.0,3.0,0.0,33.0,Good
7167,64.0,30.0,13.0,20.0,3.0,0.0,0.0,67.0,-8.0,6,6,4.0,0.0,100.0,0.0,0.0,0.0,-8.0,72.0,-8.0,3.0,-8.0,100.0,Bad
8301,63.0,141.0,17.0,76.0,16.0,0.0,0.0,88.0,3.0,4,6,17.0,0.0,29.0,13.0,0.0,0.0,58.0,-8.0,4.0,2.0,2.0,100.0,Bad
6966,82.0,190.0,2.0,52.0,25.0,0.0,0.0,100.0,-7.0,7,8,26.0,4.0,23.0,5.0,0.0,0.0,11.0,50.0,6.0,3.0,0.0,47.0,Good
3673,87.0,294.0,8.0,93.0,35.0,0.0,0.0,100.0,-7.0,7,8,60.0,2.0,23.0,0.0,1.0,1.0,2.0,71.0,1.0,4.0,0.0,24.0,Good
3621,61.0,137.0,5.0,58.0,31.0,0.0,0.0,88.0,0.0,4,6,21.0,3.0,41.0,6.0,0.0,0.0,49.0,79.0,6.0,4.0,2.0,91.0,Bad
8795,79.0,247.0,1.0,101.0,18.0,1.0,1.0,90.0,70.0,6,3,20.0,2.0,20.0,9.0,0.0,0.0,28.0,26.0,4.0,2.0,0.0,100.0,Good
1082,-9.0,-9.0,-9.0,-9.0,-9.0,-9.0,-9.0,-9.0,-9.0,-9,-9,-9.0,-9.0,-9.0,-9.0,-9.0,-9.0,-9.0,-9.0,-9.0,-9.0,-9.0,-9.0,Bad
2190,64.0,38.0,1.0,22.0,11.0,0.0,0.0,87.0,13.0,6,6,15.0,3.0,47.0,0.0,6.0,6.0,40.0,90.0,4.0,5.0,0.0,82.0,Bad
8884,62.0,331.0,3.0,70.0,14.0,0.0,0.0,94.0,-7.0,5,7,18.0,7.0,50.0,0.0,5.0,5.0,90.0,100.0,7.0,2.0,4.0,100.0,Bad
8854,86.0,310.0,10.0,123.0,22.0,0.0,0.0,100.0,-7.0,7,8,22.0,1.0,32.0,0.0,2.0,2.0,3.0,-8.0,1.0,2.0,0.0,43.0,Bad
5555,54.0,235.0,7.0,79.0,25.0,1.0,0.0,79.0,2.0,3,5,29.0,2.0,14.0,6.0,0.0,0.0,48.0,62.0,5.0,3.0,3.0,67.0,Bad
4953,87.0,442.0,5.0,202.0,18.0,0.0,0.0,100.0,-7.0,7,8,18.0,1.0,28.0,-8.0,0.0,0.0,0.0,95.0,2.0,1.0,0.0,38.0,Good
6335,86.0,70.0,9.0,39.0,10.0,0.0,0.0,100.0,-7.0,7,8,10.0,1.0,10.0,0.0,0.0,0.0,0.0,-8.0,1.0,1.0,0.0,22.0,Bad
2780,67.0,325.0,13.0,106.0,12.0,0.0,0.0,62.0,1.0,4,6,33.0,0.0,38.0,-7.0,0.0,0.0,92.0,14.0,2.0,2.0,-8.0,80.0,Bad
139,55.0,203.0,7.0,81.0,19.0,2.0,1.0,86.0,3.0,3,5,21.0,2.0,33.0,-7.0,3.0,3.0,56.0,87.0,3.0,2.0,1.0,83.0,Good
3392,62.0,164.0,9.0,47.0,13.0,0.0,0.0,100.0,-7.0,7,8,13.0,3.0,31.0,0.0,1.0,1.0,81.0,87.0,5.0,2.0,4.0,88.0,Bad
1515,69.0,114.0,13.0,57.0,28.0,0.0,0.0,90.0,6.0,4,6,29.0,0.0,55.0,0.0,0.0,0.0,85.0,58.0,2.0,4.0,1.0,100.0,Good
4698,68.0,86.0,7.0,27.0,11.0,1.0,1.0,92.0,7.0,0,2,12.0,3.0,50.0,0.0,1.0,1.0,0.0,95.0,0.0,3.0,-8.0,50.0,Bad
5561,69.0,119.0,2.0,48.0,37.0,0.0,0.0,100.0,-7.0,7,8,39.0,7.0,33.0,0.0,7.0,7.0,9.0,99.0,6.0,2.0,0.0,53.0,Good
9623,83.0,265.0,11.0,97.0,46.0,0.0,0.0,100.0,-7.0,7,8,48.0,1.0,69.0,17.0,0.0,0.0,13.0,79.0,5.0,3.0,0.0,75.0,Good
619,65.0,188.0,6.0,112.0,14.0,0.0,0.0,87.0,2.0,4,6,15.0,1.0,53.0,-7.0,0.0,0.0,91.0,78.0,2.0,2.0,1.0,100.0,Bad
7320,78.0,169.0,17.0,71.0,34.0,0.0,0.0,100.0,-7.0,7,8,34.0,0.0,35.0,0.0,0.0,0.0,34.0,48.0,2.0,4.0,1.0,55.0,Good
6226,57.0,311.0,7.0,121.0,30.0,0.0,0.0,87.0,11.0,6,6,31.0,2.0,26.0,10.0,0.0,0.0,70.0,78.0,12.0,3.0,0.0,94.0,Good
5968,86.0,212.0,37.0,125.0,12.0,0.0,0.0,100.0,-7.0,7,8,12.0,0.0,25.0,-7.0,0.0,0.0,13.0,-8.0,1.0,1.0,0.0,43.0,Bad
3818,80.0,372.0,13.0,71.0,9.0,0.0,0.0,100.0,-7.0,7,8,14.0,0.0,33.0,0.0,4.0,4.0,35.0,-8.0,1.0,1.0,1.0,29.0,Good
6416,78.0,312.0,29.0,176.0,6.0,1.0,0.0,86.0,62.0,6,5,7.0,0.0,14.0,0.0,0.0,0.0,37.0,-8.0,1.0,-8.0,0.0,50.0,Bad
9275,65.0,397.0,4.0,149.0,18.0,2.0,1.0,76.0,1.0,4,5,21.0,2.0,48.0,0.0,1.0,1.0,0.0,-8.0,1.0,1.0,0.0,67.0,Bad
2644,63.0,189.0,3.0,70.0,15.0,8.0,4.0,61.0,16.0,5,2,31.0,1.0,17.0,-7.0,2.0,2.0,15.0,-8.0,4.0,2.0,0.0,67.0,Bad
1005,63.0,142.0,10.0,78.0,16.0,1.0,0.0,76.0,5.0,3,5,17.0,2.0,47.0,15.0,0.0,0.0,59.0,51.0,3.0,2.0,2.0,83.0,Bad
9254,63.0,316.0,21.0,99.0,13.0,0.0,0.0,69.0,0.0,4,6,16.0,0.0,56.0,10.0,0.0,0.0,26.0,-8.0,2.0,1.0,1.0,75.0,Bad
4886,65.0,228.0,5.0,69.0,24.0,3.0,2.0,85.0,3.0,0,2,27.0,1.0,31.0,7.0,0.0,0.0,13.0,66.0,3.0,2.0,0.0,46.0,Good
1704,73.0,110.0,8.0,71.0,8.0,4.0,0.0,50.0,37.0,6,5,14.0,1.0,43.0,0.0,1.0,1.0,14.0,-8.0,1.0,2.0,1.0,43.0,Bad
1923,73.0,99.0,2.0,50.0,18.0,1.0,1.0,100.0,-7.0,7,8,21.0,2.0,20.0,0.0,3.0,3.0,1.0,-8.0,3.0,1.0,0.0,57.0,Good
3375,74.0,311.0,32.0,118.0,15.0,0.0,0.0,93.0,5.0,4,6,15.0,0.0,53.0,0.0,0.0,0.0,6.0,-8.0,2.0,1.0,0.0,50.0,Bad
1097,-9.0,-9.0,-9.0,-9.0,-9.0,-9.0,-9.0,-9.0,-9.0,-9,-9,-9.0,-9.0,-9.0,-9.0,-9.0,-9.0,-9.0,-9.0,-9.0,-9.0,-9.0,-9.0,Bad
1960,56.0,135.0,12.0,74.0,34.0,1.0,0.0,91.0,3.0,4,5,35.0,0.0,20.0,0.0,9.0,9.0,55.0,48.0,8.0,3.0,3.0,61.0,Bad
8209,79.0,192.0,20.0,122.0,4.0,0.0,0.0,100.0,-7.0,7,8,5.0,0.0,20.0,0.0,3.0,3.0,40.0,53.0,1.0,1.0,1.0,75.0,Bad
9567,84.0,165.0,3.0,72.0,48.0,0.0,0.0,100.0,-7.0,7,8,51.0,6.0,45.0,-7.0,1.0,1.0,9.0,100.0,4.0,4.0,0.0,53.0,Good
2208,71.0,357.0,3.0,112.0,29.0,0.0,0.0,93.0,16.0,6,6,29.0,1.0,48.0,0.0,0.0,0.0,70.0,52.0,8.0,5.0,1.0,100.0,Bad
8161,80.0,87.0,9.0,43.0,14.0,0.0,0.0,100.0,-7.0,7,8,14.0,2.0,21.0,4.0,2.0,1.0,0.0,30.0,0.0,2.0,0.0,50.0,Bad
2736,75.0,351.0,8.0,93.0,30.0,0.0,0.0,90.0,1.0,4,6,28.0,1.0,7.0,-7.0,1.0,1.0,9.0,-8.0,7.0,-8.0,0.0,57.0,Good
10106,76.0,197.0,2.0,71.0,24.0,0.0,0.0,100.0,-7.0,7,8,25.0,2.0,24.0,-7.0,2.0,2.0,33.0,99.0,3.0,2.0,1.0,38.0,Good
8666,71.0,98.0,5.0,46.0,17.0,0.0,0.0,100.0,-7.0,7,8,18.0,4.0,39.0,0.0,1.0,1.0,57.0,76.0,3.0,3.0,1.0,86.0,Good
65,59.0,243.0,11.0,79.0,38.0,1.0,1.0,76.0,7.0,4,6,43.0,1.0,50.0,0.0,1.0,1.0,63.0,78.0,7.0,4.0,4.0,86.0,Bad
7209,85.0,249.0,6.0,100.0,13.0,0.0,0.0,100.0,-7.0,7,8,15.0,1.0,47.0,0.0,2.0,2.0,29.0,75.0,1.0,3.0,0.0,80.0,Bad
7082,73.0,305.0,2.0,84.0,29.0,0.0,0.0,97.0,5.0,4,6,31.0,1.0,40.0,16.0,0.0,0.0,19.0,18.0,5.0,3.0,0.0,53.0,Good
8858,61.0,161.0,23.0,80.0,6.0,1.0,1.0,43.0,12.0,6,6,7.0,0.0,43.0,2.0,2.0,2.0,15.0,-8.0,1.0,1.0,0.0,50.0,Bad
1578,73.0,29.0,16.0,23.0,2.0,0.0,0.0,100.0,-7.0,7,8,2.0,0.0,50.0,0.0,2.0,2.0,-8.0,-8.0,-8.0,-8.0,-8.0,-8.0,Good
5499,74.0,288.0,2.0,119.0,13.0,1.0,1.0,82.0,8.0,4,4,18.0,3.0,41.0,1.0,4.0,4.0,0.0,59.0,2.0,3.0,0.0,83.0,Good
556,73.0,103.0,20.0,70.0,6.0,0.0,0.0,71.0,48.0,6,6,7.0,0.0,29.0,-7.0,0.0,0.0,34.0,-8.0,1.0,-8.0,0.0,100.0,Good
5005,83.0,375.0,18.0,143.0,13.0,0.0,0.0,92.0,35.0,6,6,13.0,0.0,15.0,-8.0,0.0,0.0,6.0,-8.0,1.0,-8.0,0.0,33.0,Good
2926,74.0,158.0,8.0,88.0,37.0,0.0,0.0,97.0,24.0,6,6,4.0,1.0,42.0,0.0,2.0,2.0,37.0,56.0,3.0,4.0,1.0,78.0,Bad
2298,70.0,333.0,1.0,49.0,13.0,2.0,2.0,100.0,-7.0,6,8,20.0,2.0,36.0,-7.0,3.0,3.0,8.0,96.0,1.0,3.0,0.0,50.0,Bad
9033,71.0,270.0,10.0,101.0,11.0,4.0,4.0,92.0,40.0,6,6,12.0,1.0,58.0,0.0,3.0,3.0,0.0,90.0,0.0,3.0,0.0,75.0,Bad
411,71.0,83.0,11.0,46.0,22.0,0.0,0.0,95.0,8.0,4,6,22.0,2.0,14.0,0.0,1.0,1.0,34.0,-8.0,3.0,2.0,0.0,71.0,Bad
7711,91.0,392.0,24.0,150.0,17.0,0.0,0.0,100.0,-7.0,7,8,17.0,0.0,6.0,-8.0,0.0,0.0,7.0,-8.0,3.0,1.0,0.0,44.0,Bad
1802,64.0,46.0,13.0,28.0,4.0,0.0,0.0,100.0,-7.0,7,8,4.0,0.0,75.0,0.0,0.0,0.0,-8.0,-8.0,-8.0,1.0,-8.0,100.0,Bad
3318,89.0,265.0,10.0,99.0,22.0,0.0,0.0,100.0,-7.0,7,8,37.0,1.0,36.0,0.0,1.0,1.0,5.0,72.0,3.0,4.0,0.0,58.0,Good
9338,87.0,367.0,10.0,173.0,26.0,0.0,0.0,100.0,-7.0,7,8,27.0,2.0,44.0,17.0,0.0,0.0,2.0,-8.0,5.0,2.0,0.0,58.0,Good
3573,76.0,160.0,5.0,55.0,15.0,0.0,0.0,100.0,-7.0,7,8,28.0,2.0,47.0,4.0,1.0,1.0,60.0,96.0,2.0,3.0,1.0,100.0,Good
1847,65.0,133.0,5.0,41.0,17.0,0.0,0.0,94.0,5.0,4,6,17.0,5.0,53.0,0.0,1.0,1.0,43.0,90.0,2.0,4.0,1.0,67.0,Good
10201,79.0,165.0,2.0,100.0,31.0,2.0,1.0,95.0,72.0,6,3,37.0,3.0,73.0,7.0,0.0,0.0,11.0,-8.0,2.0,1.0,0.0,60.0,Good
4032,79.0,366.0,3.0,73.0,11.0,0.0,0.0,92.0,0.0,4,6,23.0,2.0,75.0,-8.0,0.0,0.0,13.0,98.0,2.0,2.0,0.0,80.0,Good
4838,88.0,490.0,4.0,181.0,12.0,0.0,0.0,92.0,36.0,6,6,12.0,1.0,42.0,-8.0,0.0,0.0,2.0,96.0,2.0,1.0,0.0,75.0,Good
3061,63.0,125.0,4.0,70.0,27.0,1.0,0.0,93.0,12.0,6,5,44.0,3.0,31.0,0.0,1.0,1.0,56.0,60.0,7.0,3.0,2.0,73.0,Good
3473,71.0,151.0,1.0,69.0,33.0,0.0,0.0,100.0,-7.0,7,8,8.0,1.0,26.0,1.0,2.0,2.0,53.0,101.0,4.0,7.0,1.0,79.0,Good
1156,-9.0,-9.0,-9.0,-9.0,-9.0,-9.0,-9.0,-9.0,-9.0,-9,-9,-9.0,-9.0,-9.0,-9.0,-9.0,-9.0,-9.0,-9.0,-9.0,-9.0,-9.0,-9.0,Bad
4799,86.0,229.0,4.0,94.0,25.0,0.0,0.0,100.0,-7.0,7,8,25.0,2.0,20.0,2.0,1.0,1.0,3.0,-8.0,2.0,-8.0,0.0,40.0,Good
5819,65.0,115.0,9.0,49.0,18.0,1.0,1.0,100.0,-7.0,7,8,21.0,1.0,30.0,0.0,1.0,1.0,56.0,81.0,7.0,2.0,3.0,82.0,Bad
1588,75.0,303.0,4.0,97.0,35.0,1.0,1.0,97.0,29.0,6,2,37.0,1.0,49.0,0.0,0.0,0.0,6.0,49.0,2.0,2.0,1.0,57.0,Good
8096,74.0,369.0,54.0,197.0,21.0,0.0,0.0,95.0,11.0,4,6,21.0,0.0,10.0,1.0,1.0,1.0,10.0,-8.0,5.0,2.0,0.0,44.0,Good
7159,63.0,65.0,2.0,40.0,12.0,3.0,2.0,82.0,8.0,4,3,18.0,3.0,76.0,0.0,3.0,3.0,3.0,100.0,2.0,3.0,0.0,83.0,Bad
2496,63.0,168.0,3.0,21.0,3.0,1.0,1.0,100.0,-7.0,7,8,9.0,1.0,67.0,-7.0,1.0,1.0,75.0,42.0,1.0,2.0,1.0,100.0,Bad
884,80.0,126.0,6.0,65.0,12.0,0.0,0.0,100.0,-7.0,7,8,17.0,1.0,65.0,7.0,0.0,0.0,30.0,58.0,2.0,5.0,0.0,88.0,Good
8954,68.0,368.0,4.0,111.0,47.0,0.0,0.0,100.0,-7.0,7,8,49.0,2.0,27.0,0.0,1.0,1.0,78.0,61.0,21.0,2.0,9.0,80.0,Bad
9227,73.0,68.0,62.0,65.0,2.0,0.0,0.0,100.0,-7.0,7,8,2.0,0.0,0.0,0.0,1.0,1.0,57.0,-8.0,1.0,-8.0,1.0,50.0,Good
6734,64.0,200.0,5.0,68.0,41.0,0.0,0.0,88.0,4.0,4,6,42.0,4.0,24.0,-7.0,0.0,0.0,11.0,66.0,3.0,4.0,1.0,47.0,Bad
8550,65.0,-8.0,3.0,101.0,19.0,0.0,0.0,90.0,5.0,4,6,21.0,3.0,43.0,15.0,0.0,0.0,59.0,-8.0,4.0,1.0,3.0,50.0,Bad
4565,63.0,95.0,3.0,46.0,15.0,1.0,1.0,93.0,12.0,6,6,15.0,1.0,27.0,-7.0,1.0,1.0,68.0,82.0,6.0,2.0,3.0,80.0,Bad
7945,91.0,401.0,58.0,152.0,9.0,0.0,0.0,100.0,-7.0,7,8,9.0,0.0,44.0,-8.0,0.0,0.0,3.0,-8.0,1.0,-8.0,0.0,25.0,Good
629,68.0,210.0,3.0,68.0,25.0,0.0,0.0,100.0,-7.0,7,8,26.0,3.0,31.0,3.0,2.0,2.0,65.0,97.0,8.0,2.0,5.0,67.0,Bad
578,89.0,235.0,9.0,94.0,22.0,0.0,0.0,100.0,-7.0,7,8,25.0,1.0,16.0,-7.0,0.0,0.0,8.0,-8.0,3.0,-8.0,0.0,43.0,Good
6080,84.0,140.0,5.0,74.0,22.0,0.0,0.0,100.0,-7.0,7,8,24.0,2.0,14.0,0.0,1.0,1.0,36.0,22.0,1.0,2.0,0.0,30.0,Good
7549,69.0,137.0,6.0,58.0,18.0,1.0,1.0,95.0,-7.0,5,7,20.0,3.0,70.0,-7.0,0.0,0.0,81.0,65.0,4.0,2.0,2.0,86.0,Bad
2541,65.0,165.0,3.0,53.0,27.0,2.0,1.0,86.0,61.0,6,4,35.0,5.0,41.0,-7.0,6.0,6.0,31.0,60.0,6.0,3.0,1.0,69.0,Good
4117,57.0,257.0,7.0,81.0,11.0,5.0,3.0,40.0,7.0,1,3,15.0,1.0,40.0,0.0,1.0,1.0,11.0,-8.0,3.0,1.0,0.0,57.0,Bad
7006,47.0,496.0,2.0,74.0,17.0,7.0,1.0,74.0,2.0,3,5,27.0,6.0,48.0,0.0,1.0,1.0,53.0,93.0,3.0,5.0,0.0,80.0,Bad
66,-9.0,-9.0,-9.0,-9.0,-9.0,-9.0,-9.0,-9.0,-9.0,-9,-9,-9.0,-9.0,-9.0,-9.0,-9.0,-9.0,-9.0,-9.0,-9.0,-9.0,-9.0,-9.0,Good
6627,74.0,129.0,1.0,70.0,20.0,0.0,0.0,100.0,-7.0,7,8,22.0,3.0,32.0,-7.0,0.0,0.0,61.0,84.0,6.0,3.0,4.0,75.0,Bad
6682,80.0,136.0,15.0,63.0,11.0,0.0,0.0,91.0,21.0,6,6,11.0,0.0,36.0,-7.0,1.0,1.0,19.0,54.0,2.0,3.0,0.0,71.0,Good
6221,66.0,22.0,3.0,13.0,2.0,0.0,0.0,100.0,-7.0,7,8,2.0,1.0,100.0,3.0,1.0,1.0,-8.0,92.0,-8.0,1.0,-8.0,100.0,Bad
8282,79.0,58.0,5.0,26.0,10.0,0.0,0.0,100.0,-7.0,7,8,10.0,3.0,30.0,-7.0,2.0,2.0,26.0,-8.0,1.0,-8.0,0.0,20.0,Bad
4678,66.0,171.0,11.0,75.0,28.0,1.0,1.0,100.0,-7.0,6,8,28.0,2.0,14.0,1.0,3.0,2.0,69.0,37.0,6.0,1.0,3.0,60.0,Bad
9748,63.0,85.0,6.0,43.0,21.0,0.0,0.0,100.0,-7.0,7,8,21.0,2.0,29.0,4.0,1.0,1.0,76.0,56.0,7.0,2.0,3.0,75.0,Bad
9641,82.0,231.0,28.0,113.0,29.0,0.0,0.0,100.0,-7.0,7,8,30.0,0.0,40.0,0.0,2.0,2.0,6.0,-8.0,3.0,1.0,0.0,80.0,Good
9470,69.0,176.0,13.0,84.0,34.0,0.0,0.0,97.0,14.0,6,6,34.0,0.0,56.0,0.0,1.0,1.0,52.0,73.0,7.0,6.0,2.0,81.0,Good
9832,65.0,151.0,7.0,71.0,13.0,1.0,0.0,79.0,33.0,6,2,14.0,1.0,36.0,0.0,1.0,1.0,22.0,-8.0,4.0,1.0,0.0,63.0,Bad
2191,75.0,123.0,12.0,74.0,7.0,0.0,0.0,75.0,7.0,4,6,8.0,0.0,25.0,0.0,2.0,0.0,17.0,90.0,2.0,1.0,0.0,100.0,Bad
2625,68.0,196.0,2.0,36.0,25.0,0.0,0.0,100.0,-7.0,7,8,20.0,7.0,14.0,-7.0,2.0,2.0,41.0,69.0,11.0,4.0,2.0,75.0,Bad
322,79.0,244.0,2.0,93.0,8.0,1.0,1.0,82.0,26.0,6,4,11.0,3.0,18.0,0.0,1.0,1.0,15.0,-8.0,4.0,1.0,0.0,86.0,Bad
5370,80.0,194.0,9.0,96.0,20.0,0.0,0.0,100.0,-7.0,7,8,21.0,1.0,30.0,-7.0,1.0,1.0,16.0,66.0,5.0,1.0,0.0,55.0,Bad
250,85.0,271.0,8.0,96.0,26.0,0.0,0.0,100.0,-7.0,7,8,26.0,1.0,19.0,0.0,1.0,1.0,4.0,-8.0,3.0,1.0,0.0,25.0,Good
10151,57.0,116.0,2.0,55.0,25.0,2.0,1.0,81.0,5.0,4,5,27.0,1.0,22.0,0.0,6.0,6.0,2.0,-8.0,2.0,-8.0,0.0,18.0,Good
8926,70.0,178.0,10.0,64.0,28.0,0.0,0.0,100.0,-7.0,7,8,28.0,1.0,50.0,0.0,0.0,0.0,69.0,81.0,7.0,3.0,4.0,65.0,Good
7251,71.0,68.0,4.0,33.0,10.0,0.0,0.0,100.0,-7.0,7,8,10.0,4.0,50.0,0.0,0.0,0.0,58.0,71.0,5.0,4.0,0.0,100.0,Bad
5677,61.0,194.0,6.0,69.0,22.0,1.0,1.0,74.0,9.0,6,4,23.0,5.0,22.0,0.0,0.0,0.0,44.0,84.0,5.0,3.0,3.0,57.0,Bad
4287,65.0,233.0,67.0,130.0,3.0,1.0,1.0,75.0,10.0,4,3,4.0,0.0,50.0,0.0,4.0,2.0,60.0,-8.0,1.0,1.0,-8.0,100.0,Bad
4944,67.0,247.0,14.0,79.0,18.0,1.0,0.0,80.0,4.0,4,5,21.0,0.0,20.0,6.0,0.0,0.0,25.0,50.0,4.0,2.0,1.0,46.0,Good
671,89.0,431.0,12.0,119.0,23.0,0.0,0.0,100.0,-7.0,7,8,23.0,0.0,43.0,12.0,0.0,0.0,6.0,32.0,4.0,3.0,0.0,54.0,Good
9655,78.0,175.0,7.0,68.0,44.0,0.0,0.0,100.0,-7.0,6,7,45.0,3.0,62.0,0.0,3.0,3.0,17.0,92.0,5.0,2.0,0.0,70.0,Good
6800,82.0,142.0,19.0,91.0,27.0,0.0,0.0,100.0,-7.0,6,7,27.0,0.0,37.0,8.0,0.0,0.0,9.0,44.0,6.0,3.0,1.0,82.0,Good
4396,76.0,160.0,4.0,62.0,20.0,0.0,0.0,100.0,-7.0,7,8,20.0,4.0,40.0,0.0,0.0,0.0,17.0,94.0,5.0,6.0,1.0,85.0,Good
7370,81.0,311.0,27.0,118.0,15.0,0.0,0.0,93.0,65.0,6,6,15.0,0.0,20.0,0.0,0.0,0.0,27.0,-8.0,8.0,1.0,0.0,82.0,Good
2527,89.0,173.0,4.0,130.0,23.0,0.0,0.0,100.0,-7.0,7,8,21.0,3.0,43.0,-7.0,0.0,0.0,1.0,-8.0,3.0,-8.0,0.0,33.0,Good
716,55.0,93.0,7.0,45.0,32.0,0.0,0.0,94.0,8.0,4,6,33.0,4.0,58.0,7.0,0.0,0.0,100.0,85.0,2.0,7.0,1.0,100.0,Bad
8598,69.0,301.0,32.0,178.0,5.0,1.0,0.0,56.0,2.0,4,5,9.0,0.0,44.0,-8.0,0.0,0.0,75.0,40.0,2.0,2.0,1.0,80.0,Bad
3571,67.0,-8.0,3.0,51.0,7.0,2.0,2.0,75.0,16.0,6,2,0.0,1.0,13.0,2.0,1.0,1.0,16.0,-8.0,3.0,-8.0,0.0,75.0,Bad
4371,78.0,78.0,5.0,36.0,21.0,0.0,0.0,95.0,33.0,6,6,21.0,6.0,62.0,0.0,1.0,1.0,8.0,100.0,5.0,1.0,0.0,86.0,Good
6098,75.0,285.0,6.0,111.0,10.0,0.0,0.0,100.0,-7.0,7,8,10.0,1.0,40.0,13.0,0.0,0.0,96.0,11.0,4.0,2.0,3.0,100.0,Good
2575,60.0,168.0,3.0,40.0,28.0,1.0,0.0,87.0,7.0,4,5,10.0,2.0,47.0,-7.0,1.0,1.0,56.0,83.0,10.0,11.0,2.0,81.0,Bad
1333,-9.0,-9.0,-9.0,-9.0,-9.0,-9.0,-9.0,-9.0,-9.0,-9,-9,-9.0,-9.0,-9.0,-9.0,-9.0,-9.0,-9.0,-9.0,-9.0,-9.0,-9.0,-9.0,Bad
8045,78.0,114.0,5.0,62.0,36.0,0.0,0.0,100.0,-7.0,7,8,36.0,4.0,22.0,5.0,1.0,1.0,3.0,-8.0,3.0,2.0,1.0,33.0,Good
7108,75.0,170.0,8.0,62.0,22.0,0.0,0.0,100.0,-7.0,7,8,24.0,4.0,54.0,0.0,2.0,2.0,27.0,79.0,3.0,6.0,1.0,69.0,Bad
6898,58.0,230.0,4.0,70.0,14.0,2.0,2.0,82.0,4.0,4,2,17.0,1.0,47.0,1.0,2.0,2.0,44.0,83.0,4.0,2.0,1.0,86.0,Bad
913,67.0,291.0,10.0,115.0,24.0,1.0,0.0,97.0,12.0,6,5,31.0,1.0,32.0,0.0,2.0,1.0,83.0,-8.0,9.0,1.0,6.0,83.0,Bad
4976,61.0,162.0,4.0,73.0,25.0,0.0,0.0,100.0,-7.0,7,8,25.0,4.0,20.0,0.0,2.0,2.0,69.0,60.0,14.0,3.0,7.0,89.0,Bad
9681,61.0,187.0,6.0,54.0,26.0,0.0,0.0,88.0,47.0,6,6,26.0,1.0,42.0,0.0,1.0,1.0,66.0,76.0,3.0,3.0,2.0,75.0,Bad
8094,-9.0,-9.0,-9.0,-9.0,-9.0,-9.0,-9.0,-9.0,-9.0,-9,-9,-9.0,-9.0,-9.0,-9.0,-9.0,-9.0,-9.0,-9.0,-9.0,-9.0,-9.0,-9.0,Good
4344,62.0,106.0,8.0,46.0,21.0,0.0,0.0,95.0,9.0,4,6,21.0,3.0,33.0,0.0,6.0,6.0,62.0,81.0,3.0,4.0,1.0,78.0,Bad
2478,84.0,-8.0,2.0,159.0,20.0,1.0,1.0,95.0,34.0,6,4,0.0,1.0,0.0,-7.0,0.0,0.0,0.0,-8.0,1.0,-8.0,0.0,13.0,Bad
9544,79.0,190.0,16.0,151.0,15.0,0.0,0.0,100.0,-7.0,7,8,17.0,0.0,35.0,-7.0,1.0,1.0,35.0,15.0,4.0,2.0,1.0,75.0,Good
10178,88.0,202.0,10.0,93.0,14.0,0.0,0.0,100.0,-7.0,7,8,14.0,1.0,21.0,-8.0,0.0,0.0,7.0,-8.0,4.0,1.0,0.0,71.0,Good
6459,72.0,224.0,23.0,91.0,23.0,1.0,0.0,96.0,49.0,6,5,24.0,0.0,29.0,0.0,0.0,0.0,48.0,60.0,3.0,2.0,0.0,56.0,Good
5197,82.0,151.0,4.0,66.0,10.0,1.0,0.0,91.0,51.0,6,5,13.0,2.0,23.0,10.0,0.0,0.0,0.0,-8.0,0.0,1.0,-8.0,33.0,Good
9617,89.0,171.0,3.0,90.0,14.0,0.0,0.0,100.0,-7.0,7,8,15.0,1.0,27.0,3.0,1.0,1.0,3.0,29.0,1.0,2.0,0.0,60.0,Good
6655,69.0,155.0,3.0,52.0,31.0,0.0,0.0,100.0,-7.0,7,8,31.0,1.0,29.0,-7.0,2.0,2.0,51.0,98.0,3.0,3.0,2.0,46.0,Bad
8833,70.0,316.0,2.0,104.0,37.0,0.0,0.0,100.0,-7.0,7,8,38.0,4.0,5.0,2.0,3.0,2.0,43.0,99.0,8.0,2.0,2.0,56.0,Good
2299,75.0,212.0,6.0,52.0,16.0,1.0,0.0,88.0,20.0,6,5,24.0,2.0,53.0,-7.0,2.0,2.0,16.0,44.0,2.0,2.0,-8.0,44.0,Bad
2698,61.0,255.0,15.0,125.0,17.0,3.0,2.0,71.0,12.0,5,2,22.0,0.0,32.0,-7.0,0.0,0.0,96.0,97.0,3.0,3.0,1.0,100.0,Bad
2734,62.0,172.0,7.0,70.0,37.0,2.0,1.0,90.0,7.0,4,5,60.0,2.0,63.0,-7.0,0.0,0.0,44.0,53.0,6.0,3.0,1.0,71.0,Good
7586,56.0,119.0,11.0,58.0,21.0,1.0,1.0,86.0,11.0,0,6,21.0,1.0,14.0,-7.0,0.0,0.0,47.0,-8.0,5.0,-8.0,3.0,67.0,Bad
7326,77.0,128.0,5.0,67.0,35.0,0.0,0.0,100.0,-7.0,7,8,36.0,2.0,17.0,0.0,1.0,1.0,24.0,100.0,2.0,2.0,1.0,29.0,Bad
7515,58.0,128.0,12.0,61.0,29.0,0.0,0.0,97.0,5.0,4,6,29.0,0.0,45.0,-7.0,2.0,2.0,37.0,76.0,6.0,8.0,2.0,82.0,Good
8682,66.0,91.0,2.0,49.0,10.0,0.0,0.0,75.0,16.0,6,6,12.0,2.0,83.0,0.0,3.0,3.0,-8.0,-8.0,-8.0,2.0,-8.0,100.0,Bad
3303,73.0,221.0,4.0,79.0,26.0,0.0,0.0,96.0,10.0,4,6,27.0,3.0,27.0,0.0,2.0,2.0,18.0,69.0,2.0,3.0,1.0,45.0,Good
698,79.0,202.0,2.0,74.0,29.0,0.0,0.0,93.0,72.0,6,6,30.0,3.0,13.0,0.0,2.0,2.0,7.0,85.0,5.0,2.0,0.0,58.0,Bad
3084,73.0,109.0,6.0,54.0,26.0,1.0,1.0,100.0,-7.0,6,8,27.0,3.0,50.0,5.0,0.0,0.0,2.0,75.0,2.0,3.0,0.0,63.0,Good
2701,80.0,247.0,11.0,133.0,45.0,0.0,0.0,92.0,25.0,6,6,53.0,1.0,45.0,-7.0,0.0,0.0,2.0,29.0,5.0,4.0,0.0,53.0,Bad
3364,75.0,222.0,2.0,124.0,23.0,2.0,2.0,92.0,62.0,6,2,25.0,2.0,24.0,0.0,0.0,0.0,30.0,57.0,4.0,2.0,1.0,40.0,Good
126,74.0,159.0,9.0,69.0,26.0,0.0,0.0,100.0,-7.0,6,7,27.0,2.0,48.0,-7.0,0.0,0.0,61.0,67.0,3.0,4.0,2.0,78.0,Bad
1942,61.0,119.0,5.0,60.0,8.0,1.0,1.0,78.0,8.0,4,3,9.0,1.0,67.0,0.0,0.0,0.0,115.0,78.0,1.0,2.0,1.0,75.0,Bad
7151,61.0,174.0,7.0,65.0,12.0,0.0,0.0,92.0,36.0,6,6,13.0,2.0,23.0,0.0,4.0,4.0,88.0,-8.0,5.0,1.0,5.0,86.0,Bad
4522,76.0,132.0,5.0,54.0,24.0,0.0,0.0,96.0,80.0,6,6,24.0,3.0,17.0,-7.0,1.0,1.0,15.0,91.0,4.0,2.0,1.0,75.0,Bad
5365,87.0,183.0,2.0,122.0,24.0,0.0,0.0,100.0,-7.0,7,8,26.0,1.0,42.0,-7.0,1.0,1.0,18.0,69.0,5.0,2.0,0.0,54.0,Good
3087,67.0,115.0,15.0,80.0,6.0,2.0,2.0,60.0,25.0,6,2,7.0,0.0,50.0,4.0,1.0,1.0,23.0,-8.0,2.0,-8.0,0.0,100.0,Bad
347,72.0,141.0,1.0,66.0,10.0,0.0,0.0,83.0,15.0,6,6,12.0,2.0,25.0,0.0,1.0,1.0,49.0,94.0,2.0,1.0,1.0,33.0,Bad
5885,80.0,177.0,5.0,49.0,7.0,0.0,0.0,100.0,-7.0,7,8,7.0,1.0,14.0,-7.0,2.0,2.0,28.0,92.0,1.0,1.0,-8.0,50.0,Good
6032,87.0,163.0,84.0,109.0,9.0,0.0,0.0,100.0,-7.0,7,8,9.0,0.0,33.0,-8.0,0.0,0.0,28.0,-8.0,3.0,1.0,0.0,67.0,Good
3351,67.0,142.0,3.0,82.0,11.0,1.0,1.0,92.0,0.0,0,2,38.0,1.0,8.0,10.0,0.0,0.0,1.0,-8.0,4.0,-8.0,0.0,40.0,Bad
7079,61.0,204.0,46.0,105.0,11.0,1.0,0.0,77.0,13.0,6,5,15.0,0.0,31.0,0.0,3.0,3.0,65.0,-8.0,4.0,1.0,3.0,83.0,Good
4481,80.0,102.0,3.0,61.0,7.0,0.0,0.0,100.0,-7.0,7,8,7.0,1.0,71.0,-7.0,3.0,3.0,-8.0,48.0,-8.0,3.0,-8.0,100.0,Bad
2704,77.0,54.0,12.0,32.0,3.0,0.0,0.0,100.0,-7.0,7,8,4.0,0.0,33.0,-7.0,2.0,1.0,25.0,-8.0,2.0,-8.0,0.0,100.0,Bad
2068,60.0,79.0,6.0,32.0,18.0,0.0,0.0,100.0,-7.0,7,8,19.0,6.0,26.0,0.0,4.0,4.0,20.0,100.0,6.0,2.0,1.0,57.0,Bad
3206,71.0,55.0,3.0,25.0,9.0,1.0,1.0,100.0,-7.0,6,8,9.0,3.0,44.0,2.0,1.0,1.0,1.0,-8.0,1.0,1.0,0.0,33.0,Bad
6160,78.0,341.0,3.0,94.0,34.0,0.0,0.0,100.0,-7.0,7,8,34.0,2.0,41.0,2.0,3.0,3.0,1.0,-8.0,3.0,2.0,1.0,38.0,Good
3899,86.0,192.0,1.0,88.0,43.0,0.0,0.0,100.0,-7.0,7,8,11.0,7.0,37.0,0.0,8.0,8.0,5.0,-8.0,1.0,4.0,0.0,42.0,Good
219,67.0,90.0,7.0,38.0,7.0,0.0,0.0,100.0,-7.0,7,8,7.0,1.0,57.0,5.0,1.0,1.0,91.0,52.0,1.0,2.0,1.0,75.0,Bad
9262,85.0,162.0,49.0,101.0,6.0,0.0,0.0,100.0,-7.0,7,8,6.0,0.0,33.0,-8.0,0.0,0.0,10.0,9.0,2.0,2.0,0.0,80.0,Bad
7146,59.0,99.0,1.0,57.0,8.0,3.0,0.0,64.0,11.0,4,5,14.0,4.0,43.0,0.0,2.0,2.0,67.0,87.0,4.0,3.0,1.0,88.0,Bad
4225,58.0,210.0,14.0,87.0,23.0,0.0,0.0,70.0,1.0,4,6,23.0,0.0,35.0,0.0,1.0,1.0,53.0,5.0,6.0,3.0,2.0,77.0,Bad
6193,73.0,187.0,11.0,77.0,24.0,0.0,0.0,100.0,-7.0,7,8,24.0,1.0,50.0,10.0,0.0,0.0,48.0,87.0,4.0,3.0,2.0,100.0,Good
7421,82.0,272.0,3.0,106.0,26.0,1.0,1.0,89.0,10.0,4,4,28.0,1.0,32.0,0.0,0.0,0.0,7.0,-8.0,2.0,2.0,0.0,38.0,Bad
10270,-9.0,-9.0,-9.0,-9.0,-9.0,-9.0,-9.0,-9.0,-9.0,-9,-9,-9.0,-9.0,-9.0,-9.0,-9.0,-9.0,-9.0,-9.0,-9.0,-9.0,-9.0,-9.0,Good
5996,73.0,165.0,3.0,62.0,22.0,2.0,2.0,96.0,3.0,0,2,23.0,5.0,39.0,2.0,1.0,1.0,10.0,55.0,4.0,5.0,0.0,69.0,Good
8408,61.0,180.0,1.0,62.0,12.0,3.0,3.0,75.0,13.0,6,3,17.0,2.0,35.0,0.0,1.0,1.0,31.0,79.0,2.0,2.0,0.0,50.0,Bad
4509,73.0,124.0,5.0,41.0,8.0,0.0,0.0,100.0,-7.0,7,8,8.0,2.0,50.0,-7.0,0.0,0.0,84.0,76.0,2.0,3.0,2.0,83.0,Bad
10426,91.0,273.0,27.0,145.0,10.0,0.0,0.0,100.0,-7.0,7,8,10.0,0.0,20.0,3.0,1.0,1.0,2.0,-8.0,1.0,1.0,0.0,40.0,Good
6134,76.0,115.0,2.0,60.0,25.0,0.0,0.0,100.0,-7.0,7,8,27.0,2.0,27.0,0.0,3.0,3.0,14.0,-8.0,5.0,2.0,1.0,58.0,Good
4769,84.0,204.0,4.0,59.0,16.0,0.0,0.0,100.0,-7.0,7,8,16.0,2.0,38.0,18.0,0.0,0.0,17.0,80.0,3.0,2.0,0.0,67.0,Bad
10351,90.0,170.0,12.0,94.0,16.0,0.0,0.0,100.0,-7.0,7,8,16.0,0.0,38.0,-8.0,0.0,0.0,8.0,-8.0,3.0,1.0,0.0,57.0,Good
4881,55.0,248.0,15.0,62.0,19.0,2.0,1.0,86.0,3.0,0,5,22.0,0.0,64.0,0.0,2.0,2.0,8.0,31.0,1.0,2.0,0.0,75.0,Good
9743,84.0,352.0,25.0,154.0,14.0,0.0,0.0,100.0,-7.0,7,8,15.0,0.0,36.0,-8.0,0.0,0.0,13.0,-8.0,2.0,1.0,1.0,50.0,Good
4589,66.0,163.0,1.0,55.0,31.0,0.0,0.0,91.0,13.0,6,6,33.0,3.0,42.0,-7.0,1.0,0.0,64.0,82.0,5.0,3.0,2.0,89.0,Bad
8474,67.0,-8.0,4.0,20.0,17.0,1.0,1.0,100.0,-7.0,6,8,18.0,8.0,17.0,-7.0,1.0,1.0,10.0,89.0,2.0,2.0,1.0,29.0,Bad
10174,69.0,158.0,2.0,58.0,24.0,0.0,0.0,96.0,35.0,6,6,25.0,2.0,16.0,1.0,6.0,6.0,26.0,-8.0,4.0,-8.0,2.0,43.0,Good
7896,64.0,106.0,2.0,52.0,7.0,3.0,3.0,73.0,64.0,6,3,11.0,1.0,36.0,1.0,4.0,4.0,90.0,99.0,1.0,2.0,1.0,75.0,Good
9429,66.0,174.0,6.0,72.0,29.0,3.0,2.0,87.0,16.0,6,4,32.0,2.0,19.0,0.0,1.0,0.0,37.0,87.0,9.0,2.0,4.0,65.0,Bad
7923,64.0,45.0,1.0,19.0,10.0,0.0,0.0,100.0,-7.0,7,8,11.0,3.0,18.0,0.0,1.0,1.0,77.0,93.0,6.0,2.0,2.0,100.0,Bad
7893,69.0,261.0,10.0,100.0,22.0,0.0,0.0,95.0,10.0,4,6,22.0,1.0,32.0,-8.0,0.0,0.0,57.0,-8.0,7.0,1.0,2.0,89.0,Good
2907,61.0,111.0,1.0,25.0,9.0,1.0,1.0,100.0,-7.0,6,8,14.0,4.0,64.0,0.0,3.0,3.0,65.0,88.0,2.0,6.0,1.0,90.0,Bad
4900,86.0,216.0,9.0,125.0,18.0,0.0,0.0,94.0,27.0,6,6,18.0,1.0,33.0,16.0,0.0,0.0,0.0,70.0,0.0,3.0,0.0,43.0,Good
1141,-9.0,-9.0,-9.0,-9.0,-9.0,-9.0,-9.0,-9.0,-9.0,-9,-9,-9.0,-9.0,-9.0,-9.0,-9.0,-9.0,-9.0,-9.0,-9.0,-9.0,-9.0,-9.0,Good
1482,57.0,41.0,12.0,29.0,7.0,0.0,0.0,57.0,12.0,6,6,7.0,0.0,43.0,0.0,0.0,0.0,93.0,62.0,3.0,2.0,1.0,83.0,Bad
2481,79.0,267.0,7.0,86.0,17.0,0.0,0.0,88.0,68.0,6,6,18.0,3.0,35.0,-7.0,0.0,0.0,0.0,-8.0,0.0,2.0,0.0,25.0,Good
1210,-9.0,-9.0,-9.0,-9.0,-9.0,-9.0,-9.0,-9.0,-9.0,-9,-9,-9.0,-9.0,-9.0,-9.0,-9.0,-9.0,-9.0,-9.0,-9.0,-9.0,-9.0,-9.0,Bad
5413,54.0,207.0,3.0,69.0,34.0,1.0,0.0,75.0,1.0,3,5,38.0,6.0,25.0,2.0,2.0,2.0,17.0,80.0,8.0,5.0,1.0,68.0,Bad
5901,71.0,291.0,21.0,108.0,23.0,0.0,0.0,96.0,14.0,6,6,23.0,0.0,13.0,-7.0,2.0,2.0,51.0,-8.0,3.0,1.0,1.0,44.0,Good
2428,69.0,129.0,13.0,63.0,24.0,1.0,0.0,80.0,20.0,6,5,25.0,0.0,24.0,-7.0,0.0,0.0,51.0,71.0,4.0,3.0,2.0,53.0,Bad
1571,69.0,146.0,5.0,73.0,31.0,0.0,0.0,100.0,-7.0,7,8,31.0,4.0,29.0,0.0,2.0,2.0,63.0,52.0,6.0,4.0,3.0,83.0,Bad
6049,80.0,99.0,9.0,52.0,12.0,0.0,0.0,100.0,-7.0,7,8,12.0,2.0,8.0,1.0,1.0,1.0,10.0,-8.0,1.0,-8.0,0.0,14.0,Bad
8661,73.0,424.0,3.0,78.0,36.0,0.0,0.0,100.0,-7.0,7,8,40.0,5.0,20.0,3.0,1.0,1.0,13.0,-8.0,6.0,1.0,1.0,44.0,Good
8154,62.0,341.0,3.0,76.0,33.0,0.0,0.0,100.0,-7.0,7,8,33.0,2.0,45.0,1.0,4.0,4.0,67.0,94.0,6.0,4.0,5.0,85.0,Good
3484,81.0,162.0,8.0,82.0,32.0,0.0,0.0,100.0,-7.0,7,8,13.0,1.0,47.0,7.0,0.0,0.0,5.0,71.0,1.0,5.0,0.0,46.0,Good
3892,67.0,190.0,17.0,83.0,29.0,1.0,0.0,93.0,74.0,6,5,28.0,0.0,27.0,17.0,0.0,0.0,72.0,-8.0,7.0,1.0,3.0,67.0,Bad
7823,88.0,425.0,16.0,152.0,15.0,0.0,0.0,100.0,-7.0,7,8,16.0,0.0,31.0,18.0,0.0,0.0,14.0,81.0,2.0,2.0,0.0,80.0,Good
4553,91.0,336.0,20.0,122.0,17.0,0.0,0.0,100.0,-7.0,7,8,17.0,0.0,18.0,-7.0,0.0,0.0,2.0,-8.0,2.0,1.0,0.0,27.0,Good
7199,70.0,136.0,21.0,89.0,23.0,0.0,0.0,96.0,58.0,6,6,24.0,0.0,25.0,0.0,0.0,0.0,72.0,49.0,5.0,3.0,2.0,62.0,Good
795,90.0,429.0,5.0,116.0,15.0,0.0,0.0,100.0,-7.0,7,8,16.0,1.0,20.0,3.0,2.0,2.0,1.0,-8.0,1.0,-8.0,0.0,11.0,Good
453,56.0,91.0,16.0,54.0,4.0,6.0,2.0,27.0,12.0,6,3,11.0,0.0,55.0,0.0,8.0,8.0,104.0,86.0,2.0,1.0,1.0,100.0,Bad
6450,76.0,150.0,7.0,70.0,33.0,0.0,0.0,97.0,-8.0,6,6,33.0,1.0,27.0,0.0,0.0,0.0,32.0,45.0,5.0,4.0,1.0,64.0,Good
1014,68.0,166.0,3.0,37.0,16.0,0.0,0.0,100.0,-7.0,7,8,16.0,5.0,25.0,0.0,5.0,5.0,66.0,87.0,6.0,2.0,2.0,67.0,Good
9088,63.0,95.0,3.0,37.0,19.0,2.0,2.0,100.0,-7.0,6,8,19.0,4.0,37.0,-7.0,2.0,2.0,43.0,67.0,5.0,4.0,1.0,69.0,Bad
473,74.0,156.0,2.0,51.0,14.0,0.0,0.0,100.0,-7.0,7,8,15.0,3.0,47.0,0.0,4.0,4.0,31.0,69.0,3.0,2.0,0.0,83.0,Good
2213,82.0,147.0,6.0,35.0,6.0,0.0,0.0,100.0,-7.0,7,8,6.0,2.0,50.0,0.0,0.0,0.0,16.0,73.0,1.0,2.0,0.0,75.0,Bad
2559,65.0,67.0,24.0,36.0,5.0,1.0,1.0,100.0,-7.0,7,8,5.0,0.0,80.0,-7.0,0.0,0.0,99.0,-8.0,1.0,1.0,-8.0,100.0,Good
8011,82.0,401.0,10.0,161.0,13.0,0.0,0.0,93.0,3.0,4,6,14.0,3.0,14.0,-8.0,0.0,0.0,5.0,-8.0,2.0,-8.0,0.0,40.0,Good
3739,72.0,212.0,33.0,106.0,12.0,1.0,1.0,100.0,-7.0,6,8,18.0,0.0,17.0,19.0,0.0,0.0,5.0,8.0,4.0,1.0,0.0,56.0,Good
7951,69.0,271.0,2.0,101.0,22.0,0.0,0.0,100.0,-7.0,7,8,23.0,1.0,17.0,2.0,4.0,4.0,32.0,35.0,9.0,2.0,3.0,69.0,Good
9041,61.0,118.0,19.0,63.0,26.0,1.0,0.0,78.0,14.0,5,5,27.0,0.0,41.0,0.0,3.0,3.0,65.0,67.0,3.0,4.0,1.0,88.0,Bad
995,61.0,250.0,4.0,66.0,47.0,1.0,1.0,100.0,-7.0,6,8,49.0,2.0,39.0,0.0,2.0,2.0,73.0,61.0,14.0,4.0,5.0,90.0,Bad
1314,-9.0,-9.0,-9.0,-9.0,-9.0,-9.0,-9.0,-9.0,-9.0,-9,-9,-9.0,-9.0,-9.0,-9.0,-9.0,-9.0,-9.0,-9.0,-9.0,-9.0,-9.0,-9.0,Good
7911,77.0,207.0,40.0,87.0,4.0,1.0,0.0,80.0,27.0,6,5,5.0,0.0,0.0,-8.0,0.0,0.0,31.0,-8.0,1.0,-8.0,0.0,50.0,Good
7914,70.0,51.0,11.0,36.0,8.0,0.0,0.0,100.0,-7.0,7,8,8.0,1.0,75.0,0.0,1.0,1.0,-8.0,74.0,-8.0,2.0,-8.0,100.0,Good
3491,77.0,311.0,7.0,144.0,27.0,1.0,1.0,96.0,47.0,6,2,44.0,2.0,29.0,6.0,0.0,0.0,3.0,77.0,1.0,2.0,0.0,17.0,Bad
4163,70.0,116.0,2.0,65.0,26.0,0.0,0.0,96.0,37.0,6,6,27.0,4.0,52.0,0.0,2.0,2.0,44.0,70.0,7.0,4.0,0.0,92.0,Bad
1113,-9.0,-9.0,-9.0,-9.0,-9.0,-9.0,-9.0,-9.0,-9.0,-9,-9,-9.0,-9.0,-9.0,-9.0,-9.0,-9.0,-9.0,-9.0,-9.0,-9.0,-9.0,-9.0,Bad
3763,78.0,188.0,5.0,106.0,40.0,0.0,0.0,100.0,-7.0,7,8,34.0,3.0,28.0,2.0,1.0,1.0,5.0,51.0,6.0,5.0,0.0,52.0,Good
8153,77.0,347.0,5.0,172.0,18.0,0.0,0.0,100.0,-7.0,7,8,18.0,1.0,6.0,-8.0,0.0,0.0,32.0,-8.0,5.0,1.0,1.0,75.0,Good
1398,-9.0,-9.0,-9.0,-9.0,-9.0,-9.0,-9.0,-9.0,-9.0,-9,-9,-9.0,-9.0,-9.0,-9.0,-9.0,-9.0,-9.0,-9.0,-9.0,-9.0,-9.0,-9.0,Bad
9794,68.0,187.0,9.0,75.0,29.0,0.0,0.0,100.0,-7.0,7,8,29.0,1.0,41.0,0.0,1.0,1.0,89.0,72.0,3.0,3.0,2.0,75.0,Bad
318,84.0,149.0,13.0,80.0,13.0,0.0,0.0,100.0,-7.0,7,8,13.0,0.0,85.0,0.0,1.0,1.0,0.0,87.0,0.0,2.0,-8.0,67.0,Good
7313,66.0,328.0,4.0,104.0,20.0,1.0,1.0,81.0,4.0,4,4,21.0,1.0,29.0,0.0,0.0,0.0,54.0,25.0,5.0,2.0,3.0,70.0,Bad
5933,84.0,312.0,3.0,86.0,40.0,0.0,0.0,100.0,-7.0,7,8,40.0,3.0,25.0,-7.0,1.0,1.0,1.0,-8.0,3.0,6.0,0.0,41.0,Good
7114,72.0,165.0,8.0,59.0,31.0,0.0,0.0,90.0,17.0,6,6,31.0,4.0,39.0,0.0,0.0,0.0,16.0,-8.0,4.0,2.0,1.0,50.0,Bad
9883,60.0,255.0,2.0,99.0,9.0,1.0,0.0,50.0,4.0,4,5,14.0,1.0,43.0,0.0,1.0,1.0,64.0,56.0,4.0,4.0,2.0,80.0,Bad
7433,59.0,90.0,17.0,60.0,11.0,1.0,1.0,100.0,-7.0,0,8,13.0,0.0,50.0,0.0,2.0,2.0,76.0,-8.0,1.0,2.0,-8.0,100.0,Bad
7845,81.0,197.0,3.0,65.0,31.0,0.0,0.0,100.0,-7.0,7,8,31.0,3.0,29.0,9.0,0.0,0.0,2.0,-8.0,1.0,2.0,0.0,27.0,Good
398,80.0,234.0,0.0,62.0,27.0,0.0,0.0,100.0,-7.0,7,8,35.0,4.0,26.0,0.0,3.0,3.0,22.0,-8.0,4.0,1.0,2.0,38.0,Good
2532,64.0,240.0,5.0,93.0,20.0,2.0,2.0,91.0,7.0,0,2,22.0,3.0,41.0,-7.0,3.0,3.0,66.0,97.0,5.0,1.0,1.0,88.0,Bad
4465,86.0,147.0,7.0,63.0,15.0,0.0,0.0,100.0,-7.0,7,8,15.0,1.0,47.0,-7.0,1.0,0.0,6.0,91.0,1.0,2.0,0.0,60.0,Good
4947,86.0,287.0,15.0,117.0,23.0,0.0,0.0,100.0,-7.0,7,8,23.0,0.0,30.0,11.0,0.0,0.0,3.0,54.0,3.0,3.0,0.0,60.0,Good
6695,74.0,97.0,1.0,39.0,11.0,1.0,0.0,92.0,26.0,6,5,14.0,6.0,31.0,-7.0,0.0,0.0,36.0,-8.0,4.0,1.0,0.0,63.0,Bad
7521,72.0,140.0,3.0,80.0,27.0,0.0,0.0,96.0,66.0,6,6,27.0,3.0,44.0,-7.0,0.0,0.0,22.0,39.0,5.0,4.0,1.0,75.0,Good
953,76.0,254.0,1.0,102.0,36.0,3.0,3.0,90.0,25.0,6,3,40.0,5.0,35.0,0.0,1.0,1.0,3.0,68.0,6.0,4.0,0.0,59.0,Good
8956,78.0,150.0,6.0,63.0,37.0,0.0,0.0,100.0,-7.0,7,8,40.0,1.0,18.0,0.0,0.0,0.0,3.0,63.0,2.0,2.0,0.0,50.0,Good
1913,68.0,175.0,4.0,48.0,27.0,0.0,0.0,100.0,-7.0,7,8,29.0,4.0,28.0,0.0,1.0,1.0,54.0,44.0,7.0,3.0,1.0,83.0,Good
10414,83.0,103.0,23.0,62.0,11.0,0.0,0.0,100.0,-7.0,7,8,11.0,0.0,27.0,-8.0,0.0,0.0,5.0,23.0,1.0,2.0,0.0,60.0,Good
6830,68.0,84.0,4.0,42.0,11.0,1.0,1.0,83.0,20.0,6,4,12.0,1.0,42.0,3.0,2.0,2.0,68.0,15.0,5.0,2.0,1.0,100.0,Bad
3719,74.0,254.0,15.0,66.0,39.0,0.0,0.0,95.0,8.0,4,6,74.0,0.0,38.0,7.0,1.0,1.0,6.0,41.0,6.0,4.0,1.0,53.0,Good
5371,79.0,70.0,2.0,35.0,6.0,0.0,0.0,86.0,19.0,5,6,7.0,1.0,43.0,-7.0,2.0,2.0,2.0,97.0,1.0,2.0,0.0,75.0,Good
4941,78.0,185.0,10.0,77.0,35.0,0.0,0.0,97.0,59.0,6,6,37.0,1.0,29.0,13.0,0.0,0.0,49.0,41.0,3.0,2.0,0.0,83.0,Good
41,90.0,230.0,13.0,73.0,11.0,0.0,0.0,100.0,-7.0,7,8,13.0,0.0,62.0,0.0,0.0,0.0,1.0,71.0,1.0,4.0,0.0,71.0,Good
4197,63.0,27.0,3.0,14.0,8.0,0.0,0.0,100.0,-7.0,7,8,8.0,3.0,50.0,0.0,1.0,1.0,79.0,95.0,3.0,2.0,1.0,83.0,Bad
6606,62.0,173.0,14.0,86.0,14.0,0.0,0.0,86.0,5.0,4,6,15.0,0.0,50.0,-7.0,0.0,0.0,74.0,1.0,3.0,2.0,3.0,71.0,Good
5030,71.0,216.0,27.0,70.0,16.0,0.0,0.0,94.0,20.0,6,6,17.0,0.0,13.0,7.0,0.0,0.0,75.0,-8.0,2.0,1.0,1.0,60.0,Good
7682,62.0,93.0,9.0,40.0,12.0,1.0,1.0,85.0,3.0,0,2,13.0,1.0,54.0,8.0,0.0,0.0,30.0,90.0,2.0,2.0,1.0,57.0,Bad
2737,84.0,325.0,1.0,89.0,22.0,0.0,0.0,100.0,-7.0,7,8,17.0,4.0,33.0,-7.0,3.0,3.0,6.0,-8.0,2.0,1.0,0.0,33.0,Good
6231,75.0,74.0,6.0,46.0,17.0,0.0,0.0,100.0,-7.0,7,8,17.0,1.0,29.0,9.0,0.0,0.0,17.0,61.0,2.0,3.0,1.0,45.0,Good
2379,75.0,281.0,20.0,91.0,19.0,0.0,0.0,95.0,27.0,6,6,12.0,0.0,16.0,-7.0,3.0,3.0,22.0,81.0,5.0,1.0,0.0,60.0,Good
853,60.0,153.0,3.0,72.0,14.0,1.0,1.0,56.0,8.0,4,3,16.0,1.0,31.0,8.0,0.0,0.0,33.0,-8.0,4.0,1.0,2.0,71.0,Bad
2144,66.0,163.0,19.0,73.0,14.0,0.0,0.0,93.0,27.0,6,6,14.0,0.0,64.0,0.0,0.0,0.0,51.0,58.0,2.0,2.0,2.0,67.0,Bad
7052,89.0,131.0,29.0,60.0,6.0,0.0,0.0,100.0,-7.0,7,8,6.0,0.0,17.0,-8.0,0.0,0.0,5.0,-8.0,1.0,1.0,0.0,40.0,Good
4979,83.0,202.0,10.0,98.0,22.0,3.0,1.0,88.0,34.0,6,4,25.0,2.0,24.0,1.0,1.0,1.0,6.0,83.0,4.0,2.0,0.0,50.0,Good
2171,76.0,146.0,12.0,54.0,13.0,0.0,0.0,100.0,-7.0,7,8,14.0,0.0,36.0,0.0,0.0,0.0,48.0,49.0,2.0,3.0,0.0,100.0,Good
3464,81.0,401.0,2.0,126.0,20.0,0.0,0.0,100.0,-7.0,7,8,31.0,2.0,18.0,2.0,1.0,1.0,26.0,-8.0,2.0,1.0,1.0,40.0,Good
1519,72.0,21.0,8.0,16.0,3.0,0.0,0.0,100.0,-7.0,7,8,3.0,1.0,67.0,0.0,1.0,1.0,4.0,87.0,1.0,2.0,-8.0,100.0,Bad
1922,78.0,168.0,4.0,68.0,18.0,0.0,0.0,100.0,-7.0,7,8,18.0,2.0,33.0,0.0,0.0,0.0,22.0,47.0,5.0,2.0,0.0,70.0,Bad
8656,84.0,356.0,23.0,178.0,16.0,0.0,0.0,100.0,-7.0,7,8,16.0,0.0,31.0,-8.0,0.0,0.0,10.0,-8.0,4.0,1.0,0.0,67.0,Good
1543,86.0,332.0,15.0,95.0,19.0,0.0,0.0,100.0,-7.0,7,8,19.0,0.0,21.0,0.0,1.0,1.0,9.0,-8.0,2.0,-8.0,0.0,33.0,Good
7966,58.0,149.0,4.0,64.0,30.0,0.0,0.0,93.0,34.0,6,6,30.0,3.0,37.0,0.0,3.0,3.0,90.0,77.0,7.0,8.0,4.0,83.0,Bad
6979,67.0,220.0,2.0,44.0,20.0,0.0,0.0,95.0,71.0,6,6,22.0,10.0,19.0,0.0,1.0,1.0,34.0,-8.0,4.0,1.0,1.0,50.0,Good
5606,71.0,155.0,2.0,51.0,18.0,0.0,0.0,81.0,16.0,6,6,21.0,2.0,24.0,0.0,4.0,3.0,24.0,98.0,3.0,3.0,0.0,46.0,Bad
10374,-9.0,-9.0,-9.0,-9.0,-9.0,-9.0,-9.0,-9.0,-9.0,-9,-9,-9.0,-9.0,-9.0,-9.0,-9.0,-9.0,-9.0,-9.0,-9.0,-9.0,-9.0,-9.0,Good
8266,75.0,268.0,8.0,73.0,14.0,0.0,0.0,87.0,47.0,6,6,15.0,1.0,27.0,-7.0,1.0,1.0,15.0,20.0,4.0,2.0,1.0,67.0,Good
10045,62.0,144.0,6.0,81.0,4.0,5.0,3.0,33.0,17.0,6,2,9.0,1.0,22.0,-7.0,0.0,0.0,36.0,59.0,2.0,1.0,0.0,75.0,Bad
7267,69.0,173.0,6.0,63.0,30.0,0.0,0.0,97.0,-8.0,6,6,31.0,3.0,42.0,0.0,0.0,0.0,36.0,-8.0,8.0,1.0,2.0,64.0,Good
5247,72.0,169.0,8.0,86.0,12.0,3.0,2.0,80.0,12.0,6,5,17.0,1.0,33.0,0.0,0.0,0.0,1.0,-8.0,1.0,1.0,0.0,40.0,Bad
4714,68.0,195.0,3.0,70.0,41.0,1.0,1.0,98.0,69.0,6,4,45.0,6.0,71.0,2.0,3.0,3.0,74.0,83.0,6.0,7.0,3.0,100.0,Bad
1742,87.0,324.0,37.0,104.0,16.0,0.0,0.0,100.0,-7.0,7,8,16.0,0.0,0.0,0.0,0.0,0.0,5.0,-8.0,2.0,-8.0,0.0,14.0,Good
5558,69.0,151.0,32.0,84.0,14.0,1.0,1.0,93.0,3.0,1,3,15.0,0.0,40.0,-8.0,1.0,0.0,1.0,21.0,1.0,2.0,0.0,75.0,Good
4205,72.0,112.0,2.0,42.0,17.0,1.0,1.0,94.0,53.0,6,6,18.0,2.0,61.0,0.0,0.0,0.0,39.0,99.0,1.0,4.0,0.0,83.0,Bad
5863,56.0,49.0,2.0,24.0,19.0,0.0,0.0,95.0,2.0,4,6,22.0,4.0,18.0,0.0,0.0,0.0,48.0,100.0,6.0,2.0,1.0,67.0,Good
1018,76.0,314.0,3.0,170.0,7.0,2.0,1.0,67.0,31.0,6,3,9.0,1.0,11.0,0.0,2.0,2.0,2.0,-8.0,2.0,1.0,0.0,43.0,Bad
729,79.0,390.0,4.0,117.0,28.0,0.0,0.0,97.0,3.0,4,6,31.0,3.0,23.0,3.0,1.0,1.0,5.0,-8.0,4.0,1.0,0.0,36.0,Good
286,65.0,77.0,6.0,50.0,2.0,1.0,1.0,67.0,57.0,6,3,3.0,1.0,67.0,0.0,0.0,0.0,-8.0,-8.0,-8.0,1.0,-8.0,100.0,Bad
6784,75.0,231.0,7.0,83.0,28.0,2.0,2.0,97.0,78.0,6,6,30.0,2.0,77.0,1.0,1.0,1.0,10.0,73.0,2.0,3.0,0.0,63.0,Good
4293,64.0,173.0,2.0,77.0,7.0,0.0,0.0,100.0,-7.0,7,8,8.0,2.0,0.0,0.0,5.0,4.0,100.0,-8.0,3.0,-8.0,2.0,100.0,Bad
2082,63.0,97.0,5.0,53.0,17.0,0.0,0.0,88.0,18.0,6,6,18.0,2.0,18.0,0.0,4.0,4.0,65.0,79.0,3.0,1.0,1.0,44.0,Bad
5395,66.0,251.0,17.0,98.0,35.0,0.0,0.0,92.0,1.0,4,6,38.0,0.0,16.0,-7.0,0.0,0.0,60.0,-8.0,3.0,1.0,1.0,36.0,Bad
4194,70.0,272.0,1.0,77.0,28.0,0.0,0.0,100.0,-7.0,7,8,29.0,5.0,28.0,0.0,3.0,3.0,63.0,90.0,1.0,2.0,1.0,31.0,Good
6178,76.0,168.0,12.0,63.0,21.0,1.0,1.0,88.0,66.0,6,4,24.0,0.0,54.0,19.0,0.0,0.0,48.0,67.0,3.0,6.0,0.0,69.0,Bad
5895,83.0,226.0,35.0,88.0,12.0,0.0,0.0,100.0,-7.0,7,8,13.0,0.0,42.0,-7.0,1.0,1.0,26.0,-8.0,2.0,1.0,0.0,75.0,Good
4092,86.0,269.0,16.0,97.0,22.0,0.0,0.0,100.0,-7.0,7,8,22.0,0.0,32.0,0.0,4.0,4.0,0.0,-8.0,2.0,-8.0,1.0,33.0,Bad
9052,61.0,122.0,3.0,53.0,39.0,0.0,0.0,95.0,1.0,4,6,43.0,4.0,65.0,0.0,3.0,3.0,53.0,82.0,5.0,7.0,1.0,81.0,Good
10395,86.0,138.0,16.0,97.0,18.0,0.0,0.0,100.0,-7.0,7,8,18.0,0.0,61.0,-8.0,0.0,0.0,24.0,-8.0,2.0,1.0,0.0,60.0,Good
10115,59.0,183.0,8.0,84.0,19.0,2.0,0.0,90.0,22.0,6,5,21.0,2.0,5.0,-7.0,1.0,1.0,66.0,-8.0,6.0,-8.0,2.0,67.0,Good
2477,82.0,184.0,22.0,97.0,19.0,0.0,0.0,100.0,-7.0,7,8,14.0,0.0,21.0,-7.0,2.0,2.0,31.0,71.0,3.0,2.0,0.0,71.0,Bad
387,68.0,117.0,8.0,60.0,31.0,0.0,0.0,100.0,-7.0,7,8,31.0,1.0,42.0,0.0,2.0,2.0,68.0,76.0,6.0,7.0,1.0,100.0,Bad
8287,74.0,202.0,19.0,81.0,32.0,0.0,0.0,97.0,36.0,6,6,32.0,0.0,44.0,-7.0,0.0,0.0,42.0,-8.0,3.0,2.0,0.0,71.0,Good
8910,69.0,176.0,8.0,73.0,31.0,0.0,0.0,97.0,-8.0,6,6,32.0,4.0,38.0,0.0,0.0,0.0,72.0,96.0,6.0,3.0,4.0,75.0,Bad
5407,69.0,63.0,1.0,32.0,16.0,0.0,0.0,100.0,-7.0,6,7,17.0,3.0,41.0,-7.0,7.0,7.0,45.0,57.0,5.0,3.0,0.0,80.0,Bad
4246,61.0,74.0,14.0,59.0,20.0,2.0,2.0,90.0,16.0,0,6,23.0,0.0,5.0,0.0,0.0,0.0,19.0,-8.0,4.0,1.0,1.0,31.0,Bad
455,73.0,188.0,2.0,83.0,18.0,1.0,1.0,95.0,29.0,6,2,22.0,1.0,27.0,0.0,11.0,11.0,30.0,-8.0,4.0,2.0,0.0,67.0,Bad
9057,74.0,371.0,6.0,79.0,40.0,0.0,0.0,100.0,-7.0,7,8,43.0,4.0,23.0,0.0,0.0,0.0,28.0,13.0,6.0,2.0,2.0,47.0,Good
9269,79.0,335.0,5.0,106.0,45.0,0.0,0.0,100.0,-7.0,7,8,45.0,2.0,42.0,0.0,0.0,0.0,49.0,90.0,4.0,4.0,3.0,56.0,Bad
6449,66.0,198.0,3.0,46.0,10.0,0.0,0.0,90.0,19.0,6,6,11.0,2.0,60.0,0.0,3.0,3.0,60.0,86.0,2.0,2.0,1.0,67.0,Bad
6220,84.0,209.0,3.0,84.0,19.0,0.0,0.0,100.0,-7.0,7,8,20.0,2.0,30.0,2.0,5.0,5.0,0.0,51.0,2.0,3.0,0.0,63.0,Good
4899,66.0,332.0,4.0,134.0,12.0,4.0,4.0,79.0,72.0,6,2,14.0,2.0,43.0,8.0,0.0,0.0,47.0,96.0,4.0,3.0,1.0,100.0,Good
2479,62.0,265.0,22.0,68.0,7.0,0.0,0.0,71.0,3.0,4,6,14.0,0.0,29.0,-7.0,0.0,0.0,79.0,-8.0,2.0,1.0,1.0,75.0,Bad
7166,79.0,133.0,1.0,71.0,7.0,0.0,0.0,100.0,-7.0,7,8,9.0,3.0,56.0,0.0,3.0,3.0,19.0,56.0,2.0,1.0,1.0,100.0,Bad
4446,56.0,419.0,4.0,61.0,31.0,1.0,0.0,76.0,1.0,4,5,33.0,6.0,30.0,0.0,0.0,0.0,44.0,79.0,9.0,3.0,1.0,80.0,Bad
6363,82.0,589.0,3.0,213.0,6.0,0.0,0.0,100.0,-7.0,7,8,6.0,2.0,17.0,0.0,1.0,1.0,30.0,-8.0,3.0,-8.0,1.0,60.0,Good
10278,89.0,199.0,11.0,81.0,15.0,0.0,0.0,100.0,-7.0,7,8,15.0,2.0,40.0,-8.0,0.0,0.0,6.0,-8.0,3.0,1.0,0.0,57.0,Good
4189,75.0,267.0,19.0,102.0,6.0,1.0,1.0,86.0,36.0,7,2,7.0,0.0,57.0,0.0,1.0,0.0,77.0,-8.0,1.0,1.0,1.0,100.0,Bad
205,61.0,338.0,2.0,145.0,32.0,0.0,0.0,88.0,4.0,4,6,33.0,1.0,27.0,12.0,0.0,0.0,56.0,85.0,15.0,2.0,6.0,78.0,Bad
4984,64.0,223.0,3.0,77.0,21.0,0.0,0.0,100.0,-7.0,7,8,21.0,1.0,10.0,0.0,6.0,6.0,93.0,-8.0,6.0,1.0,3.0,100.0,Good
8244,80.0,117.0,2.0,59.0,32.0,0.0,0.0,100.0,-7.0,7,8,34.0,3.0,24.0,0.0,2.0,2.0,27.0,-8.0,4.0,2.0,1.0,54.0,Bad
8719,61.0,74.0,5.0,38.0,24.0,2.0,2.0,85.0,4.0,4,4,26.0,2.0,31.0,0.0,1.0,1.0,43.0,87.0,2.0,4.0,0.0,46.0,Bad
8396,62.0,134.0,3.0,48.0,17.0,0.0,0.0,94.0,0.0,4,6,19.0,3.0,63.0,0.0,1.0,1.0,63.0,55.0,2.0,5.0,1.0,88.0,Bad
4106,89.0,474.0,49.0,184.0,8.0,0.0,0.0,100.0,-7.0,7,8,15.0,0.0,0.0,-8.0,0.0,0.0,-8.0,-8.0,-8.0,-8.0,-8.0,-8.0,Bad
4449,74.0,61.0,2.0,22.0,7.0,0.0,0.0,100.0,-7.0,7,8,8.0,4.0,50.0,0.0,1.0,1.0,38.0,96.0,2.0,1.0,0.0,100.0,Bad
3855,45.0,341.0,6.0,75.0,25.0,2.0,1.0,85.0,1.0,3,5,48.0,3.0,35.0,1.0,1.0,1.0,89.0,-8.0,8.0,1.0,4.0,83.0,Bad
1246,-9.0,-9.0,-9.0,-9.0,-9.0,-9.0,-9.0,-9.0,-9.0,-9,-9,-9.0,-9.0,-9.0,-9.0,-9.0,-9.0,-9.0,-9.0,-9.0,-9.0,-9.0,-9.0,Bad
5263,77.0,117.0,3.0,55.0,18.0,0.0,0.0,89.0,12.0,6,6,19.0,1.0,53.0,0.0,3.0,3.0,29.0,65.0,3.0,4.0,0.0,88.0,Bad
274,84.0,191.0,35.0,104.0,11.0,0.0,0.0,100.0,-7.0,7,8,12.0,0.0,58.0,0.0,2.0,0.0,4.0,50.0,1.0,2.0,0.0,75.0,Bad
3602,71.0,179.0,6.0,107.0,37.0,0.0,0.0,97.0,53.0,6,6,12.0,1.0,35.0,2.0,3.0,1.0,38.0,93.0,7.0,3.0,2.0,56.0,Good
1159,-9.0,-9.0,-9.0,-9.0,-9.0,-9.0,-9.0,-9.0,-9.0,-9,-9,-9.0,-9.0,-9.0,-9.0,-9.0,-9.0,-9.0,-9.0,-9.0,-9.0,-9.0,-9.0,Bad
3330,81.0,166.0,4.0,60.0,20.0,0.0,0.0,100.0,-7.0,7,8,21.0,1.0,20.0,5.0,1.0,1.0,0.0,3.0,1.0,3.0,0.0,25.0,Bad
9440,82.0,229.0,11.0,101.0,25.0,0.0,0.0,100.0,-7.0,7,8,25.0,1.0,36.0,0.0,0.0,0.0,8.0,-8.0,4.0,1.0,0.0,50.0,Good
7935,84.0,394.0,2.0,106.0,23.0,0.0,0.0,92.0,33.0,5,6,25.0,1.0,40.0,0.0,0.0,0.0,11.0,66.0,5.0,4.0,0.0,75.0,Good
2988,62.0,197.0,13.0,81.0,22.0,1.0,1.0,74.0,3.0,4,3,18.0,0.0,22.0,0.0,1.0,1.0,30.0,91.0,4.0,2.0,1.0,50.0,Bad
9693,69.0,266.0,5.0,93.0,22.0,2.0,0.0,89.0,28.0,6,5,27.0,2.0,41.0,9.0,0.0,0.0,27.0,92.0,6.0,2.0,1.0,67.0,Bad
6407,69.0,50.0,5.0,32.0,15.0,0.0,0.0,100.0,-7.0,7,8,16.0,1.0,50.0,0.0,2.0,2.0,55.0,68.0,5.0,1.0,1.0,67.0,Good
8959,91.0,240.0,22.0,118.0,8.0,0.0,0.0,100.0,-7.0,7,8,8.0,0.0,0.0,0.0,0.0,0.0,5.0,-8.0,3.0,-8.0,0.0,50.0,Good
8645,65.0,345.0,1.0,110.0,57.0,0.0,0.0,95.0,11.0,4,6,59.0,4.0,25.0,1.0,1.0,1.0,24.0,66.0,6.0,4.0,0.0,33.0,Bad
4746,85.0,404.0,4.0,80.0,43.0,0.0,0.0,100.0,-7.0,7,8,44.0,3.0,28.0,20.0,0.0,0.0,3.0,54.0,7.0,3.0,0.0,63.0,Good
8108,62.0,150.0,13.0,80.0,21.0,1.0,1.0,87.0,8.0,0,6,23.0,0.0,30.0,14.0,0.0,0.0,40.0,-8.0,7.0,1.0,0.0,100.0,Bad
4888,89.0,148.0,6.0,72.0,22.0,1.0,0.0,96.0,34.0,6,5,24.0,1.0,13.0,-8.0,0.0,0.0,0.0,-8.0,1.0,1.0,0.0,12.0,Good
4503,64.0,52.0,4.0,17.0,12.0,0.0,0.0,100.0,-7.0,7,8,14.0,6.0,58.0,-7.0,0.0,0.0,100.0,67.0,5.0,4.0,1.0,100.0,Bad
2634,63.0,271.0,2.0,51.0,20.0,0.0,0.0,100.0,-7.0,7,8,26.0,2.0,32.0,-7.0,1.0,1.0,88.0,94.0,9.0,2.0,3.0,100.0,Bad
4968,77.0,132.0,8.0,70.0,23.0,0.0,0.0,100.0,-7.0,7,8,23.0,1.0,48.0,3.0,2.0,2.0,21.0,88.0,2.0,3.0,0.0,71.0,Good
3362,58.0,117.0,6.0,54.0,14.0,2.0,1.0,80.0,4.0,4,5,15.0,6.0,47.0,0.0,0.0,0.0,46.0,84.0,5.0,3.0,1.0,80.0,Bad
6584,67.0,187.0,9.0,67.0,15.0,1.0,1.0,88.0,2.0,0,2,17.0,1.0,41.0,0.0,1.0,1.0,60.0,56.0,5.0,2.0,1.0,78.0,Bad
3865,89.0,388.0,14.0,116.0,12.0,0.0,0.0,100.0,-7.0,7,8,47.0,0.0,25.0,-8.0,0.0,0.0,8.0,-8.0,4.0,-8.0,0.0,80.0,Good
8733,66.0,186.0,9.0,61.0,24.0,1.0,1.0,100.0,-7.0,6,8,27.0,1.0,63.0,0.0,0.0,0.0,79.0,85.0,6.0,6.0,3.0,100.0,Bad
7903,72.0,103.0,9.0,58.0,16.0,2.0,0.0,89.0,59.0,6,5,19.0,1.0,6.0,1.0,1.0,1.0,14.0,-8.0,2.0,-8.0,1.0,18.0,Bad
552,63.0,137.0,5.0,70.0,10.0,4.0,4.0,92.0,6.0,0,2,13.0,1.0,75.0,-7.0,1.0,1.0,68.0,90.0,1.0,3.0,0.0,100.0,Bad
7858,70.0,94.0,1.0,28.0,26.0,0.0,0.0,100.0,-7.0,7,8,30.0,10.0,28.0,1.0,3.0,3.0,22.0,74.0,2.0,5.0,1.0,67.0,Bad
3241,55.0,171.0,10.0,65.0,52.0,1.0,1.0,98.0,1.0,4,6,54.0,1.0,69.0,1.0,2.0,2.0,83.0,56.0,6.0,12.0,2.0,90.0,Bad
2326,67.0,248.0,9.0,45.0,30.0,1.0,0.0,94.0,28.0,6,5,28.0,2.0,16.0,-7.0,0.0,0.0,40.0,77.0,6.0,4.0,1.0,45.0,Bad
8253,61.0,172.0,24.0,80.0,4.0,1.0,0.0,43.0,7.0,4,5,7.0,0.0,14.0,0.0,2.0,2.0,91.0,-8.0,4.0,-8.0,3.0,80.0,Bad
5378,55.0,378.0,15.0,103.0,22.0,2.0,2.0,75.0,1.0,0,2,26.0,0.0,29.0,-7.0,3.0,2.0,40.0,73.0,5.0,3.0,1.0,67.0,Bad
4739,86.0,269.0,5.0,80.0,25.0,0.0,0.0,100.0,-7.0,7,8,25.0,1.0,16.0,4.0,1.0,1.0,2.0,-8.0,3.0,1.0,0.0,27.0,Good
2293,55.0,312.0,3.0,72.0,24.0,3.0,1.0,78.0,1.0,3,3,27.0,6.0,22.0,-7.0,1.0,1.0,18.0,71.0,10.0,2.0,1.0,55.0,Good
8455,80.0,342.0,4.0,68.0,28.0,0.0,0.0,100.0,-7.0,7,8,28.0,2.0,57.0,0.0,1.0,1.0,57.0,86.0,5.0,5.0,1.0,83.0,Bad
10260,84.0,241.0,16.0,95.0,21.0,0.0,0.0,95.0,27.0,6,6,21.0,0.0,24.0,2.0,2.0,2.0,9.0,-8.0,3.0,1.0,0.0,50.0,Good
7881,83.0,149.0,13.0,80.0,13.0,0.0,0.0,100.0,-7.0,7,8,13.0,0.0,46.0,8.0,0.0,0.0,26.0,82.0,3.0,1.0,0.0,80.0,Bad
5517,86.0,174.0,3.0,77.0,22.0,0.0,0.0,95.0,46.0,6,6,22.0,1.0,23.0,2.0,2.0,2.0,2.0,99.0,1.0,2.0,0.0,50.0,Good
2126,66.0,398.0,13.0,129.0,14.0,1.0,0.0,81.0,2.0,4,5,16.0,0.0,13.0,0.0,0.0,0.0,32.0,-8.0,3.0,1.0,0.0,67.0,Bad
15,63.0,184.0,3.0,77.0,34.0,0.0,0.0,97.0,32.0,6,6,36.0,2.0,36.0,0.0,11.0,10.0,71.0,80.0,10.0,2.0,3.0,82.0,Bad
2646,70.0,251.0,50.0,164.0,16.0,0.0,0.0,94.0,10.0,4,6,23.0,0.0,44.0,-7.0,0.0,0.0,30.0,-8.0,2.0,1.0,1.0,80.0,Bad
6541,63.0,208.0,6.0,86.0,39.0,1.0,1.0,95.0,9.0,4,6,43.0,1.0,45.0,0.0,11.0,11.0,5.0,82.0,6.0,5.0,0.0,86.0,Bad
3619,73.0,347.0,8.0,120.0,37.0,1.0,1.0,95.0,22.0,6,4,53.0,2.0,46.0,0.0,1.0,1.0,66.0,84.0,5.0,2.0,2.0,70.0,Good
8619,74.0,178.0,3.0,54.0,24.0,0.0,0.0,100.0,-7.0,7,8,25.0,6.0,28.0,2.0,1.0,1.0,21.0,-8.0,3.0,1.0,1.0,44.0,Good
2856,79.0,97.0,9.0,44.0,26.0,0.0,0.0,96.0,60.0,6,6,26.0,1.0,12.0,5.0,0.0,0.0,5.0,-8.0,5.0,1.0,0.0,33.0,Bad
9628,55.0,241.0,5.0,89.0,11.0,3.0,2.0,71.0,2.0,4,3,14.0,1.0,64.0,0.0,1.0,1.0,78.0,75.0,3.0,2.0,1.0,83.0,Bad
5217,77.0,316.0,4.0,85.0,53.0,0.0,0.0,100.0,-7.0,7,8,57.0,4.0,21.0,0.0,1.0,1.0,20.0,97.0,10.0,4.0,3.0,50.0,Bad
8129,82.0,163.0,3.0,67.0,46.0,0.0,0.0,100.0,-7.0,7,8,47.0,1.0,17.0,4.0,1.0,1.0,14.0,-8.0,3.0,1.0,0.0,25.0,Good
3214,77.0,222.0,4.0,102.0,39.0,0.0,0.0,100.0,-7.0,7,8,39.0,1.0,26.0,1.0,1.0,1.0,30.0,73.0,16.0,3.0,1.0,87.0,Bad
7112,47.0,147.0,6.0,43.0,15.0,2.0,2.0,71.0,6.0,1,3,18.0,1.0,59.0,0.0,0.0,0.0,91.0,76.0,4.0,6.0,4.0,91.0,Good
7118,76.0,190.0,6.0,65.0,23.0,0.0,0.0,96.0,29.0,6,6,24.0,3.0,33.0,0.0,1.0,1.0,70.0,92.0,3.0,2.0,2.0,71.0,Bad
4532,58.0,149.0,17.0,66.0,16.0,8.0,4.0,61.0,5.0,4,2,25.0,0.0,29.0,-7.0,0.0,0.0,19.0,81.0,2.0,2.0,0.0,67.0,Bad
3188,69.0,307.0,9.0,108.0,20.0,0.0,0.0,81.0,3.0,4,6,21.0,1.0,33.0,6.0,0.0,0.0,20.0,58.0,4.0,3.0,0.0,89.0,Bad
3657,55.0,167.0,3.0,63.0,25.0,0.0,0.0,84.0,5.0,4,6,11.0,4.0,32.0,2.0,1.0,1.0,66.0,43.0,7.0,3.0,2.0,71.0,Bad
1384,-9.0,-9.0,-9.0,-9.0,-9.0,-9.0,-9.0,-9.0,-9.0,-9,-9,-9.0,-9.0,-9.0,-9.0,-9.0,-9.0,-9.0,-9.0,-9.0,-9.0,-9.0,-9.0,Bad
8527,88.0,-8.0,41.0,102.0,8.0,1.0,1.0,100.0,-7.0,6,8,8.0,0.0,38.0,0.0,1.0,1.0,0.0,83.0,2.0,1.0,0.0,60.0,Bad
5842,72.0,38.0,6.0,17.0,17.0,0.0,0.0,100.0,-7.0,7,8,17.0,4.0,12.0,0.0,0.0,0.0,59.0,76.0,3.0,1.0,0.0,57.0,Bad
1810,84.0,213.0,13.0,114.0,27.0,0.0,0.0,100.0,-7.0,7,8,30.0,0.0,7.0,0.0,0.0,0.0,26.0,65.0,4.0,2.0,0.0,75.0,Bad
5402,56.0,158.0,1.0,63.0,10.0,1.0,0.0,71.0,1.0,4,5,14.0,3.0,14.0,-7.0,1.0,1.0,46.0,-8.0,6.0,1.0,2.0,100.0,Bad
366,57.0,162.0,6.0,66.0,25.0,1.0,0.0,80.0,7.0,4,5,31.0,1.0,40.0,0.0,1.0,1.0,47.0,68.0,6.0,3.0,1.0,82.0,Bad
9907,59.0,128.0,19.0,64.0,3.0,2.0,0.0,20.0,3.0,3,5,5.0,0.0,80.0,0.0,0.0,0.0,0.0,90.0,0.0,2.0,-8.0,67.0,Bad
8843,57.0,35.0,7.0,16.0,10.0,0.0,0.0,100.0,-7.0,7,8,10.0,4.0,30.0,0.0,2.0,2.0,81.0,85.0,6.0,2.0,2.0,89.0,Bad
2577,91.0,244.0,20.0,84.0,12.0,0.0,0.0,100.0,-7.0,7,8,15.0,0.0,43.0,-7.0,0.0,0.0,0.0,51.0,0.0,2.0,0.0,50.0,Good
2270,70.0,154.0,8.0,124.0,9.0,1.0,0.0,70.0,5.0,3,5,24.0,1.0,50.0,-7.0,1.0,1.0,9.0,-8.0,1.0,1.0,0.0,40.0,Bad
7053,89.0,395.0,2.0,132.0,11.0,0.0,0.0,100.0,-7.0,7,8,12.0,1.0,25.0,2.0,2.0,2.0,7.0,99.0,3.0,1.0,0.0,67.0,Good
5588,68.0,165.0,6.0,71.0,21.0,1.0,0.0,65.0,22.0,6,5,23.0,3.0,65.0,0.0,0.0,0.0,11.0,85.0,1.0,3.0,0.0,57.0,Good
9974,-9.0,-9.0,-9.0,-9.0,-9.0,-9.0,-9.0,-9.0,-9.0,-9,-9,-9.0,-9.0,-9.0,-9.0,-9.0,-9.0,-9.0,-9.0,-9.0,-9.0,-9.0,-9.0,Good
5004,86.0,293.0,3.0,90.0,18.0,0.0,0.0,100.0,-7.0,6,7,18.0,1.0,44.0,2.0,1.0,1.0,2.0,100.0,4.0,2.0,0.0,86.0,Good
3878,69.0,166.0,1.0,97.0,19.0,0.0,0.0,100.0,-7.0,7,8,13.0,4.0,0.0,0.0,13.0,13.0,40.0,-8.0,8.0,-8.0,4.0,73.0,Bad
6932,63.0,32.0,12.0,20.0,12.0,0.0,0.0,100.0,-7.0,7,8,12.0,0.0,50.0,13.0,0.0,0.0,71.0,60.0,5.0,4.0,2.0,100.0,Bad
7472,72.0,270.0,1.0,91.0,35.0,0.0,0.0,94.0,22.0,6,6,36.0,2.0,8.0,0.0,0.0,0.0,40.0,-8.0,11.0,1.0,1.0,57.0,Bad
3245,70.0,259.0,5.0,81.0,23.0,1.0,1.0,91.0,27.0,6,6,22.0,1.0,35.0,0.0,2.0,2.0,38.0,39.0,11.0,2.0,3.0,81.0,Bad
705,57.0,321.0,2.0,75.0,11.0,0.0,0.0,75.0,8.0,4,6,12.0,1.0,17.0,1.0,1.0,1.0,102.0,-8.0,6.0,1.0,5.0,100.0,Bad
2942,59.0,153.0,12.0,61.0,18.0,1.0,1.0,84.0,76.0,0,6,9.0,0.0,26.0,15.0,0.0,0.0,85.0,89.0,7.0,2.0,3.0,82.0,Bad
2672,88.0,225.0,6.0,112.0,23.0,0.0,0.0,96.0,18.0,6,6,22.0,2.0,22.0,-7.0,0.0,0.0,3.0,-8.0,3.0,-8.0,0.0,38.0,Good
8716,58.0,163.0,2.0,67.0,23.0,1.0,0.0,81.0,3.0,4,5,27.0,4.0,52.0,0.0,5.0,5.0,40.0,79.0,7.0,5.0,1.0,93.0,Bad
9336,67.0,310.0,18.0,101.0,31.0,0.0,0.0,97.0,9.0,4,6,31.0,0.0,42.0,0.0,1.0,1.0,72.0,31.0,3.0,2.0,2.0,86.0,Good
6480,73.0,131.0,6.0,54.0,11.0,0.0,0.0,100.0,-7.0,7,8,11.0,1.0,27.0,0.0,2.0,2.0,76.0,98.0,5.0,1.0,2.0,100.0,Good
3532,87.0,42.0,15.0,120.0,12.0,0.0,0.0,100.0,-7.0,7,8,12.0,0.0,33.0,-8.0,0.0,0.0,41.0,-8.0,1.0,1.0,0.0,50.0,Good
3367,64.0,116.0,14.0,47.0,43.0,0.0,0.0,100.0,-7.0,7,8,48.0,0.0,15.0,0.0,1.0,1.0,59.0,78.0,15.0,2.0,3.0,91.0,Good
1920,78.0,161.0,6.0,70.0,18.0,0.0,0.0,90.0,14.0,6,6,20.0,1.0,30.0,0.0,0.0,0.0,1.0,67.0,3.0,3.0,0.0,64.0,Bad
7740,55.0,254.0,1.0,69.0,23.0,0.0,0.0,92.0,0.0,4,6,24.0,1.0,58.0,21.0,0.0,0.0,97.0,66.0,5.0,3.0,4.0,89.0,Bad
38,65.0,116.0,10.0,37.0,14.0,1.0,1.0,93.0,72.0,6,2,15.0,1.0,13.0,0.0,2.0,2.0,52.0,-8.0,3.0,1.0,2.0,56.0,Bad
8048,80.0,290.0,21.0,100.0,10.0,0.0,0.0,100.0,-7.0,7,8,10.0,0.0,30.0,0.0,1.0,1.0,42.0,-8.0,2.0,-8.0,1.0,40.0,Good
4440,70.0,130.0,8.0,67.0,11.0,1.0,0.0,92.0,3.0,3,2,12.0,1.0,58.0,0.0,1.0,1.0,45.0,78.0,1.0,2.0,-8.0,75.0,Bad
1119,-9.0,-9.0,-9.0,-9.0,-9.0,-9.0,-9.0,-9.0,-9.0,-9,-9,-9.0,-9.0,-9.0,-9.0,-9.0,-9.0,-9.0,-9.0,-9.0,-9.0,-9.0,-9.0,Bad
6607,66.0,74.0,15.0,43.0,13.0,0.0,0.0,100.0,-7.0,7,8,14.0,0.0,23.0,-7.0,0.0,0.0,68.0,64.0,5.0,1.0,3.0,75.0,Good
1814,81.0,397.0,35.0,108.0,21.0,0.0,0.0,100.0,-7.0,7,8,21.0,0.0,14.0,0.0,2.0,2.0,23.0,-8.0,13.0,-8.0,1.0,81.0,Bad
5315,80.0,263.0,14.0,84.0,23.0,0.0,0.0,96.0,-8.0,6,6,23.0,0.0,52.0,0.0,0.0,0.0,8.0,33.0,4.0,3.0,0.0,70.0,Good
4705,84.0,220.0,7.0,97.0,33.0,0.0,0.0,97.0,20.0,6,6,39.0,1.0,59.0,1.0,1.0,1.0,1.0,71.0,2.0,4.0,0.0,55.0,Bad
8749,67.0,89.0,2.0,41.0,19.0,0.0,0.0,100.0,-7.0,7,8,21.0,5.0,71.0,0.0,4.0,4.0,83.0,91.0,4.0,5.0,2.0,100.0,Bad
6553,57.0,118.0,16.0,54.0,2.0,7.0,7.0,20.0,10.0,4,2,10.0,0.0,40.0,0.0,4.0,4.0,40.0,33.0,1.0,3.0,0.0,83.0,Bad
1366,-9.0,-9.0,-9.0,-9.0,-9.0,-9.0,-9.0,-9.0,-9.0,-9,-9,-9.0,-9.0,-9.0,-9.0,-9.0,-9.0,-9.0,-9.0,-9.0,-9.0,-9.0,-9.0,Bad
197,-9.0,-9.0,-9.0,-9.0,-9.0,-9.0,-9.0,-9.0,-9.0,-9,-9,-9.0,-9.0,-9.0,-9.0,-9.0,-9.0,-9.0,-9.0,-9.0,-9.0,-9.0,-9.0,Bad
4611,82.0,511.0,20.0,168.0,20.0,0.0,0.0,100.0,-7.0,7,8,20.0,0.0,25.0,-7.0,0.0,0.0,16.0,-8.0,3.0,1.0,1.0,40.0,Bad
1793,57.0,121.0,12.0,63.0,7.0,4.0,4.0,70.0,57.0,0,2,11.0,0.0,60.0,0.0,0.0,0.0,38.0,78.0,1.0,3.0,0.0,100.0,Bad
2639,56.0,329.0,5.0,20.0,11.0,0.0,0.0,100.0,-7.0,7,8,18.0,2.0,36.0,-7.0,3.0,3.0,73.0,55.0,6.0,3.0,3.0,100.0,Good
5397,63.0,203.0,4.0,83.0,32.0,1.0,1.0,97.0,-8.0,6,6,35.0,1.0,60.0,-7.0,2.0,2.0,68.0,8.0,8.0,2.0,1.0,92.0,Good
663,83.0,241.0,40.0,213.0,26.0,0.0,0.0,100.0,-7.0,7,8,27.0,0.0,26.0,5.0,0.0,0.0,32.0,-8.0,5.0,1.0,1.0,75.0,Good
3093,84.0,230.0,3.0,95.0,24.0,0.0,0.0,100.0,-7.0,7,8,48.0,3.0,24.0,3.0,2.0,2.0,21.0,-8.0,3.0,1.0,1.0,36.0,Good
1737,64.0,480.0,15.0,92.0,31.0,1.0,1.0,94.0,3.0,0,2,33.0,0.0,15.0,0.0,0.0,0.0,86.0,-8.0,9.0,1.0,2.0,91.0,Bad
3687,63.0,204.0,1.0,71.0,48.0,0.0,0.0,98.0,28.0,6,6,30.0,5.0,47.0,1.0,1.0,1.0,51.0,90.0,5.0,11.0,2.0,70.0,Bad
3720,92.0,-8.0,37.0,103.0,19.0,0.0,0.0,100.0,-7.0,7,8,0.0,0.0,26.0,0.0,1.0,1.0,0.0,-8.0,0.0,-8.0,0.0,0.0,Good
9716,73.0,197.0,27.0,109.0,6.0,1.0,1.0,100.0,-7.0,6,8,7.0,0.0,71.0,-8.0,0.0,0.0,8.0,-8.0,1.0,2.0,0.0,100.0,Good
6083,59.0,174.0,2.0,92.0,10.0,0.0,0.0,69.0,0.0,4,6,13.0,1.0,62.0,12.0,0.0,0.0,94.0,100.0,3.0,1.0,1.0,80.0,Bad
7985,68.0,248.0,6.0,72.0,35.0,1.0,1.0,97.0,8.0,0,2,39.0,1.0,28.0,11.0,0.0,0.0,9.0,63.0,3.0,3.0,1.0,33.0,Good
18,89.0,244.0,9.0,147.0,10.0,0.0,0.0,100.0,-7.0,7,8,10.0,1.0,10.0,0.0,0.0,0.0,3.0,-8.0,2.0,-8.0,0.0,50.0,Bad
1638,84.0,150.0,11.0,68.0,23.0,0.0,0.0,100.0,-7.0,7,8,25.0,1.0,24.0,0.0,0.0,0.0,1.0,-8.0,1.0,1.0,1.0,17.0,Bad
3176,67.0,-8.0,14.0,67.0,3.0,1.0,1.0,100.0,-7.0,6,8,0.0,0.0,0.0,0.0,2.0,2.0,42.0,-8.0,2.0,-8.0,0.0,100.0,Good
342,70.0,206.0,19.0,75.0,17.0,0.0,0.0,100.0,-7.0,7,8,18.0,0.0,28.0,0.0,1.0,1.0,58.0,-8.0,4.0,1.0,3.0,60.0,Good
416,86.0,130.0,9.0,49.0,17.0,0.0,0.0,100.0,-7.0,7,8,17.0,1.0,24.0,0.0,0.0,0.0,7.0,132.0,1.0,4.0,0.0,50.0,Good
1760,59.0,170.0,2.0,69.0,40.0,1.0,0.0,87.0,4.0,3,5,46.0,5.0,41.0,0.0,0.0,0.0,38.0,54.0,11.0,5.0,3.0,77.0,Bad
6527,58.0,188.0,5.0,83.0,8.0,0.0,0.0,64.0,2.0,4,6,11.0,3.0,9.0,0.0,1.0,1.0,59.0,-8.0,5.0,1.0,1.0,88.0,Bad
2350,91.0,17.0,58.0,177.0,10.0,0.0,0.0,100.0,-7.0,7,8,3.0,0.0,10.0,-7.0,0.0,0.0,2.0,-8.0,5.0,-8.0,0.0,71.0,Good
1671,89.0,323.0,9.0,117.0,9.0,0.0,0.0,100.0,-7.0,7,8,9.0,1.0,11.0,0.0,5.0,5.0,0.0,-8.0,0.0,-8.0,-8.0,0.0,Bad
6379,64.0,187.0,16.0,85.0,16.0,0.0,0.0,78.0,4.0,4,6,18.0,0.0,17.0,0.0,0.0,0.0,52.0,-8.0,6.0,1.0,2.0,64.0,Bad
4135,74.0,158.0,2.0,58.0,36.0,1.0,1.0,97.0,-8.0,6,6,40.0,5.0,45.0,0.0,0.0,0.0,0.0,92.0,1.0,3.0,-8.0,57.0,Good
1560,70.0,217.0,1.0,66.0,31.0,0.0,0.0,97.0,49.0,6,6,33.0,6.0,52.0,0.0,2.0,2.0,71.0,94.0,3.0,9.0,1.0,82.0,Bad
7850,78.0,207.0,18.0,77.0,9.0,0.0,0.0,100.0,-7.0,7,8,9.0,0.0,44.0,6.0,0.0,0.0,21.0,-8.0,2.0,1.0,1.0,75.0,Good
10293,79.0,102.0,8.0,45.0,21.0,0.0,0.0,100.0,-7.0,7,8,21.0,1.0,43.0,0.0,0.0,0.0,26.0,-8.0,1.0,2.0,0.0,43.0,Good
9548,76.0,133.0,26.0,69.0,5.0,0.0,0.0,80.0,25.0,6,6,5.0,0.0,60.0,-7.0,1.0,1.0,13.0,65.0,1.0,2.0,0.0,75.0,Good
1254,-9.0,-9.0,-9.0,-9.0,-9.0,-9.0,-9.0,-9.0,-9.0,-9,-9,-9.0,-9.0,-9.0,-9.0,-9.0,-9.0,-9.0,-9.0,-9.0,-9.0,-9.0,-9.0,Bad
6002,87.0,332.0,2.0,127.0,15.0,0.0,0.0,100.0,-7.0,7,8,17.0,1.0,59.0,23.0,0.0,0.0,13.0,89.0,2.0,2.0,0.0,80.0,Good
7434,77.0,46.0,5.0,27.0,7.0,0.0,0.0,100.0,-7.0,7,8,7.0,2.0,43.0,0.0,1.0,1.0,0.0,96.0,0.0,2.0,-8.0,67.0,Bad
1285,-9.0,-9.0,-9.0,-9.0,-9.0,-9.0,-9.0,-9.0,-9.0,-9,-9,-9.0,-9.0,-9.0,-9.0,-9.0,-9.0,-9.0,-9.0,-9.0,-9.0,-9.0,-9.0,Bad
810,69.0,276.0,3.0,118.0,33.0,0.0,0.0,97.0,41.0,6,6,35.0,1.0,17.0,3.0,2.0,2.0,69.0,100.0,9.0,2.0,6.0,67.0,Good
10168,76.0,230.0,6.0,76.0,22.0,0.0,0.0,82.0,38.0,6,6,22.0,2.0,23.0,21.0,0.0,0.0,5.0,-8.0,3.0,1.0,1.0,33.0,Good
7516,76.0,169.0,6.0,63.0,29.0,1.0,0.0,90.0,12.0,6,5,30.0,2.0,40.0,-7.0,0.0,0.0,0.0,27.0,1.0,3.0,0.0,33.0,Good
6455,56.0,4.0,4.0,4.0,1.0,1.0,1.0,100.0,-7.0,7,8,2.0,1.0,100.0,0.0,2.0,1.0,-8.0,100.0,-8.0,1.0,-8.0,100.0,Bad
8020,78.0,266.0,13.0,90.0,41.0,0.0,0.0,100.0,-7.0,7,8,44.0,0.0,36.0,2.0,1.0,1.0,18.0,36.0,2.0,5.0,1.0,70.0,Good
1058,83.0,165.0,7.0,92.0,33.0,0.0,0.0,100.0,-7.0,7,8,50.0,1.0,68.0,0.0,1.0,1.0,16.0,85.0,3.0,6.0,0.0,69.0,Good
8582,74.0,73.0,18.0,46.0,9.0,0.0,0.0,100.0,-7.0,7,8,9.0,0.0,11.0,21.0,0.0,0.0,65.0,-8.0,3.0,-8.0,1.0,50.0,Good
7670,77.0,221.0,0.0,64.0,31.0,0.0,0.0,94.0,14.0,6,6,36.0,4.0,51.0,-7.0,1.0,0.0,9.0,88.0,3.0,6.0,0.0,45.0,Bad
6816,61.0,123.0,39.0,63.0,10.0,0.0,0.0,73.0,3.0,4,6,11.0,0.0,36.0,-8.0,1.0,0.0,73.0,-8.0,1.0,1.0,1.0,33.0,Bad
3119,74.0,91.0,4.0,48.0,2.0,0.0,0.0,50.0,-7.0,5,7,2.0,1.0,100.0,3.0,3.0,3.0,-8.0,97.0,-8.0,2.0,-8.0,100.0,Bad
4551,60.0,86.0,1.0,35.0,14.0,0.0,0.0,94.0,35.0,6,6,16.0,3.0,38.0,-7.0,4.0,4.0,101.0,79.0,3.0,4.0,1.0,100.0,Bad
4768,58.0,8.0,2.0,4.0,1.0,0.0,0.0,100.0,-7.0,7,8,3.0,3.0,0.0,0.0,46.0,46.0,70.0,-8.0,3.0,-8.0,2.0,100.0,Bad
3431,60.0,194.0,25.0,78.0,16.0,0.0,0.0,65.0,2.0,4,6,20.0,0.0,25.0,0.0,1.0,1.0,46.0,15.0,6.0,3.0,1.0,82.0,Good
3706,59.0,312.0,1.0,22.0,20.0,1.0,1.0,100.0,-7.0,0,8,10.0,7.0,36.0,2.0,2.0,2.0,16.0,78.0,6.0,3.0,0.0,77.0,Bad
4080,74.0,343.0,6.0,93.0,34.0,0.0,0.0,97.0,15.0,6,6,44.0,3.0,35.0,0.0,3.0,3.0,2.0,73.0,5.0,3.0,1.0,42.0,Bad
521,84.0,200.0,4.0,103.0,27.0,0.0,0.0,100.0,-7.0,7,8,29.0,1.0,21.0,-7.0,3.0,3.0,7.0,92.0,2.0,2.0,1.0,55.0,Good
3465,55.0,194.0,26.0,100.0,18.0,0.0,0.0,84.0,1.0,4,6,11.0,0.0,42.0,23.0,0.0,0.0,84.0,48.0,5.0,3.0,3.0,100.0,Bad
2932,64.0,429.0,10.0,64.0,25.0,0.0,0.0,85.0,46.0,6,6,2.0,2.0,37.0,0.0,2.0,2.0,41.0,70.0,8.0,2.0,2.0,67.0,Bad
5672,73.0,482.0,7.0,74.0,32.0,1.0,1.0,97.0,21.0,6,2,34.0,3.0,21.0,0.0,1.0,1.0,24.0,-8.0,8.0,1.0,1.0,56.0,Bad
9898,84.0,345.0,14.0,94.0,42.0,0.0,0.0,95.0,34.0,6,6,43.0,0.0,9.0,0.0,1.0,1.0,2.0,74.0,2.0,1.0,0.0,17.0,Bad
9305,64.0,329.0,11.0,102.0,36.0,2.0,2.0,100.0,-7.0,6,8,38.0,3.0,34.0,0.0,3.0,3.0,3.0,-8.0,2.0,2.0,0.0,33.0,Good
1680,79.0,147.0,5.0,50.0,34.0,0.0,0.0,100.0,-7.0,7,8,34.0,7.0,15.0,0.0,1.0,1.0,1.0,44.0,2.0,2.0,0.0,18.0,Good
3594,58.0,216.0,12.0,86.0,23.0,0.0,0.0,88.0,3.0,4,6,53.0,0.0,29.0,1.0,1.0,1.0,84.0,-8.0,7.0,1.0,5.0,75.0,Bad
1241,-9.0,-9.0,-9.0,-9.0,-9.0,-9.0,-9.0,-9.0,-9.0,-9,-9,-9.0,-9.0,-9.0,-9.0,-9.0,-9.0,-9.0,-9.0,-9.0,-9.0,-9.0,-9.0,Bad
3266,86.0,309.0,8.0,93.0,22.0,0.0,0.0,100.0,-7.0,7,8,35.0,2.0,23.0,-8.0,0.0,0.0,0.0,84.0,2.0,2.0,0.0,40.0,Good
8697,76.0,422.0,5.0,128.0,35.0,2.0,0.0,89.0,9.0,3,5,37.0,2.0,3.0,0.0,1.0,1.0,4.0,-8.0,4.0,1.0,0.0,20.0,Bad
2184,83.0,143.0,9.0,59.0,27.0,0.0,0.0,100.0,-7.0,7,8,27.0,1.0,37.0,0.0,1.0,1.0,4.0,-8.0,2.0,1.0,0.0,33.0,Good
3091,71.0,240.0,2.0,15.0,3.0,0.0,0.0,100.0,-7.0,7,8,7.0,2.0,0.0,1.0,2.0,2.0,40.0,-8.0,1.0,-8.0,0.0,33.0,Bad
457,66.0,202.0,9.0,82.0,23.0,2.0,2.0,96.0,0.0,4,6,26.0,1.0,17.0,0.0,0.0,0.0,33.0,70.0,7.0,3.0,0.0,63.0,Bad
4697,58.0,272.0,6.0,52.0,21.0,1.0,0.0,95.0,55.0,6,5,22.0,6.0,32.0,1.0,8.0,8.0,76.0,73.0,8.0,3.0,3.0,86.0,Bad
8394,67.0,130.0,5.0,25.0,10.0,0.0,0.0,100.0,-7.0,7,8,12.0,4.0,25.0,0.0,0.0,0.0,95.0,90.0,6.0,2.0,2.0,89.0,Bad
7385,60.0,89.0,1.0,16.0,8.0,0.0,0.0,100.0,-7.0,7,8,9.0,8.0,67.0,0.0,0.0,0.0,95.0,87.0,3.0,6.0,1.0,100.0,Bad
1188,-9.0,-9.0,-9.0,-9.0,-9.0,-9.0,-9.0,-9.0,-9.0,-9,-9,-9.0,-9.0,-9.0,-9.0,-9.0,-9.0,-9.0,-9.0,-9.0,-9.0,-9.0,-9.0,Bad
2999,71.0,-8.0,2.0,102.0,16.0,1.0,1.0,100.0,-7.0,6,8,0.0,6.0,18.0,1.0,4.0,4.0,22.0,92.0,3.0,2.0,0.0,45.0,Good
9306,83.0,222.0,13.0,107.0,17.0,0.0,0.0,94.0,66.0,6,6,17.0,0.0,35.0,0.0,1.0,1.0,0.0,-8.0,1.0,1.0,0.0,25.0,Good
6587,69.0,165.0,3.0,70.0,10.0,2.0,1.0,85.0,62.0,6,2,13.0,1.0,54.0,0.0,2.0,2.0,90.0,-8.0,5.0,1.0,2.0,100.0,Bad
8491,74.0,-8.0,3.0,93.0,19.0,0.0,0.0,90.0,33.0,6,6,21.0,3.0,43.0,-7.0,2.0,2.0,34.0,78.0,4.0,3.0,1.0,64.0,Bad
7899,76.0,192.0,1.0,67.0,36.0,0.0,0.0,100.0,-7.0,7,8,37.0,4.0,35.0,5.0,2.0,1.0,5.0,-8.0,4.0,2.0,1.0,60.0,Bad
8593,72.0,110.0,7.0,63.0,12.0,1.0,1.0,92.0,52.0,6,2,13.0,1.0,54.0,0.0,3.0,3.0,0.0,-8.0,0.0,1.0,-8.0,25.0,Bad
9634,65.0,179.0,19.0,99.0,24.0,1.0,0.0,76.0,0.0,4,5,25.0,0.0,32.0,22.0,0.0,0.0,26.0,71.0,10.0,2.0,1.0,86.0,Bad
1957,80.0,149.0,3.0,52.0,16.0,0.0,0.0,100.0,-7.0,7,8,16.0,2.0,63.0,0.0,1.0,1.0,26.0,83.0,1.0,4.0,0.0,83.0,Good
3969,85.0,226.0,2.0,84.0,14.0,0.0,0.0,100.0,-7.0,7,8,27.0,1.0,13.0,2.0,1.0,1.0,6.0,-8.0,6.0,-8.0,0.0,75.0,Good
5476,65.0,201.0,3.0,97.0,26.0,1.0,1.0,85.0,18.0,6,6,26.0,4.0,38.0,1.0,3.0,3.0,60.0,-8.0,3.0,2.0,2.0,83.0,Bad
42,76.0,293.0,4.0,74.0,33.0,0.0,0.0,100.0,-7.0,7,8,34.0,1.0,38.0,0.0,2.0,2.0,37.0,-8.0,13.0,1.0,0.0,88.0,Bad
7537,57.0,90.0,3.0,51.0,35.0,0.0,0.0,100.0,-7.0,7,8,35.0,6.0,40.0,-7.0,2.0,2.0,68.0,75.0,6.0,4.0,4.0,71.0,Bad
7309,71.0,321.0,15.0,117.0,60.0,0.0,0.0,100.0,-7.0,7,8,60.0,0.0,10.0,0.0,2.0,2.0,43.0,39.0,27.0,2.0,8.0,60.0,Good
3588,86.0,-8.0,11.0,98.0,32.0,0.0,0.0,100.0,-7.0,7,8,0.0,1.0,9.0,16.0,0.0,0.0,20.0,-8.0,3.0,1.0,0.0,38.0,Good
82,67.0,85.0,7.0,44.0,15.0,1.0,1.0,93.0,45.0,6,6,16.0,2.0,33.0,0.0,0.0,0.0,59.0,62.0,3.0,2.0,2.0,83.0,Bad
8003,-9.0,-9.0,-9.0,-9.0,-9.0,-9.0,-9.0,-9.0,-9.0,-9,-9,-9.0,-9.0,-9.0,-9.0,-9.0,-9.0,-9.0,-9.0,-9.0,-9.0,-9.0,-9.0,Good
4313,72.0,194.0,17.0,98.0,18.0,1.0,1.0,94.0,54.0,6,6,19.0,0.0,28.0,0.0,0.0,0.0,43.0,-8.0,3.0,1.0,-8.0,57.0,Bad
6822,73.0,182.0,5.0,94.0,5.0,1.0,0.0,30.0,8.0,4,5,10.0,1.0,30.0,2.0,1.0,1.0,14.0,95.0,1.0,2.0,0.0,75.0,Bad
10338,75.0,197.0,1.0,91.0,30.0,0.0,0.0,100.0,-7.0,7,8,31.0,2.0,26.0,1.0,1.0,1.0,37.0,71.0,5.0,3.0,2.0,64.0,Good
405,70.0,213.0,4.0,90.0,36.0,0.0,0.0,97.0,45.0,6,6,36.0,1.0,39.0,0.0,1.0,1.0,93.0,67.0,5.0,4.0,3.0,100.0,Bad
11,50.0,311.0,25.0,76.0,12.0,1.0,0.0,60.0,2.0,3,5,15.0,0.0,20.0,0.0,1.0,1.0,84.0,64.0,5.0,2.0,2.0,88.0,Bad
1990,64.0,92.0,3.0,35.0,21.0,2.0,2.0,91.0,33.0,6,6,24.0,5.0,23.0,0.0,1.0,1.0,9.0,58.0,3.0,4.0,0.0,53.0,Bad
735,84.0,305.0,5.0,86.0,45.0,0.0,0.0,100.0,-7.0,7,8,46.0,2.0,35.0,0.0,3.0,3.0,22.0,84.0,4.0,3.0,0.0,47.0,Bad
8938,89.0,306.0,14.0,115.0,20.0,0.0,0.0,100.0,-7.0,7,8,24.0,0.0,17.0,0.0,0.0,0.0,10.0,-8.0,3.0,1.0,0.0,50.0,Bad
216,93.0,399.0,27.0,174.0,5.0,0.0,0.0,100.0,-7.0,7,8,5.0,0.0,0.0,2.0,1.0,1.0,0.0,-8.0,0.0,-8.0,0.0,0.0,Bad
4064,83.0,215.0,8.0,123.0,20.0,0.0,0.0,100.0,-7.0,7,8,7.0,1.0,15.0,1.0,2.0,2.0,7.0,-8.0,3.0,1.0,0.0,40.0,Good
5017,60.0,168.0,1.0,57.0,17.0,0.0,0.0,95.0,0.0,4,6,22.0,7.0,23.0,0.0,6.0,6.0,30.0,100.0,4.0,3.0,2.0,47.0,Bad
4839,76.0,190.0,23.0,98.0,24.0,0.0,0.0,100.0,-7.0,7,8,29.0,0.0,41.0,2.0,2.0,2.0,50.0,32.0,4.0,1.0,1.0,100.0,Good
470,54.0,336.0,13.0,93.0,17.0,1.0,1.0,89.0,4.0,2,4,18.0,0.0,33.0,0.0,4.0,4.0,65.0,53.0,4.0,2.0,2.0,75.0,Bad
9801,63.0,117.0,1.0,54.0,35.0,1.0,0.0,87.0,22.0,6,5,39.0,3.0,59.0,0.0,3.0,3.0,33.0,48.0,3.0,5.0,3.0,62.0,Good
9188,68.0,113.0,4.0,46.0,13.0,0.0,0.0,100.0,-7.0,7,8,14.0,3.0,50.0,6.0,0.0,0.0,54.0,-8.0,2.0,3.0,2.0,63.0,Bad
6773,75.0,181.0,4.0,63.0,30.0,0.0,0.0,100.0,-7.0,7,8,32.0,1.0,33.0,23.0,0.0,0.0,14.0,31.0,4.0,4.0,1.0,62.0,Good
1326,-9.0,-9.0,-9.0,-9.0,-9.0,-9.0,-9.0,-9.0,-9.0,-9,-9,-9.0,-9.0,-9.0,-9.0,-9.0,-9.0,-9.0,-9.0,-9.0,-9.0,-9.0,-9.0,Good
9816,58.0,71.0,8.0,36.0,9.0,0.0,0.0,78.0,2.0,4,6,9.0,1.0,67.0,0.0,3.0,3.0,93.0,82.0,1.0,2.0,1.0,100.0,Bad
9242,60.0,154.0,5.0,76.0,35.0,3.0,1.0,82.0,4.0,4,4,38.0,3.0,34.0,4.0,1.0,1.0,26.0,3.0,6.0,2.0,2.0,89.0,Good
8264,68.0,185.0,22.0,97.0,36.0,1.0,0.0,95.0,64.0,6,5,39.0,0.0,49.0,-7.0,0.0,0.0,65.0,67.0,8.0,3.0,3.0,86.0,Bad
3790,66.0,198.0,1.0,103.0,18.0,2.0,2.0,83.0,10.0,4,2,11.0,2.0,39.0,0.0,1.0,1.0,0.0,59.0,0.0,3.0,0.0,50.0,Bad
10389,68.0,279.0,7.0,86.0,9.0,0.0,0.0,89.0,15.0,5,6,9.0,2.0,78.0,6.0,0.0,0.0,90.0,99.0,2.0,4.0,2.0,100.0,Good
9872,66.0,269.0,0.0,61.0,40.0,0.0,0.0,98.0,59.0,6,6,46.0,4.0,17.0,0.0,1.0,1.0,49.0,72.0,6.0,3.0,3.0,45.0,Bad
10305,83.0,464.0,12.0,153.0,16.0,0.0,0.0,94.0,19.0,6,6,16.0,0.0,19.0,0.0,1.0,1.0,18.0,27.0,2.0,1.0,0.0,75.0,Bad
3427,74.0,257.0,7.0,93.0,33.0,0.0,0.0,92.0,23.0,6,6,38.0,2.0,32.0,0.0,2.0,2.0,1.0,-8.0,4.0,1.0,0.0,33.0,Bad
9213,67.0,188.0,12.0,92.0,24.0,2.0,0.0,75.0,45.0,6,5,32.0,0.0,59.0,10.0,0.0,0.0,60.0,-8.0,5.0,1.0,0.0,75.0,Bad
4231,79.0,148.0,3.0,59.0,35.0,0.0,0.0,100.0,-7.0,7,8,35.0,1.0,54.0,0.0,0.0,0.0,0.0,-8.0,1.0,1.0,0.0,22.0,Bad
1403,-9.0,-9.0,-9.0,-9.0,-9.0,-9.0,-9.0,-9.0,-9.0,-9,-9,-9.0,-9.0,-9.0,-9.0,-9.0,-9.0,-9.0,-9.0,-9.0,-9.0,-9.0,-9.0,Bad
2971,86.0,-8.0,0.0,70.0,16.0,0.0,0.0,100.0,-7.0,7,8,0.0,3.0,29.0,19.0,0.0,0.0,8.0,91.0,3.0,2.0,0.0,50.0,Good
1518,64.0,228.0,5.0,84.0,60.0,0.0,0.0,95.0,23.0,6,6,60.0,4.0,38.0,0.0,0.0,0.0,35.0,-8.0,10.0,2.0,3.0,68.0,Good
7189,70.0,241.0,2.0,104.0,23.0,1.0,0.0,70.0,26.0,6,5,27.0,1.0,52.0,0.0,1.0,1.0,43.0,53.0,5.0,2.0,0.0,89.0,Bad
1569,71.0,188.0,2.0,63.0,46.0,0.0,0.0,98.0,62.0,6,6,47.0,7.0,23.0,0.0,1.0,1.0,44.0,39.0,8.0,4.0,5.0,50.0,Bad
9921,56.0,128.0,8.0,64.0,8.0,3.0,1.0,50.0,2.0,3,2,12.0,1.0,42.0,0.0,0.0,0.0,21.0,49.0,2.0,1.0,0.0,60.0,Good
1008,68.0,98.0,5.0,54.0,14.0,1.0,1.0,100.0,-7.0,0,8,15.0,3.0,13.0,0.0,2.0,2.0,6.0,-8.0,4.0,-8.0,0.0,67.0,Bad
875,81.0,306.0,2.0,130.0,32.0,0.0,0.0,100.0,-7.0,7,8,34.0,1.0,35.0,1.0,2.0,2.0,8.0,99.0,3.0,2.0,1.0,35.0,Good
608,66.0,207.0,20.0,100.0,33.0,0.0,0.0,91.0,5.0,4,6,33.0,0.0,39.0,-7.0,0.0,0.0,51.0,81.0,9.0,2.0,2.0,79.0,Bad
6293,86.0,268.0,6.0,87.0,25.0,0.0,0.0,96.0,36.0,6,6,27.0,1.0,20.0,0.0,2.0,2.0,0.0,-8.0,1.0,-8.0,0.0,13.0,Good
8313,91.0,323.0,5.0,118.0,25.0,0.0,0.0,100.0,-7.0,7,8,27.0,1.0,41.0,18.0,0.0,0.0,3.0,81.0,1.0,3.0,0.0,36.0,Good
7650,62.0,193.0,15.0,92.0,18.0,0.0,0.0,83.0,5.0,4,6,18.0,0.0,22.0,-7.0,0.0,0.0,76.0,-8.0,11.0,1.0,7.0,92.0,Bad
830,90.0,484.0,14.0,158.0,18.0,0.0,0.0,100.0,-7.0,7,8,20.0,0.0,20.0,0.0,1.0,1.0,1.0,82.0,2.0,1.0,0.0,30.0,Good
10355,76.0,284.0,7.0,92.0,13.0,1.0,1.0,93.0,66.0,6,3,15.0,1.0,43.0,4.0,1.0,1.0,27.0,20.0,1.0,3.0,0.0,100.0,Good
4935,79.0,314.0,1.0,102.0,25.0,0.0,0.0,100.0,-7.0,7,8,26.0,3.0,31.0,0.0,4.0,4.0,13.0,84.0,3.0,4.0,1.0,50.0,Good
4470,66.0,176.0,7.0,83.0,17.0,0.0,0.0,94.0,8.0,4,6,17.0,1.0,35.0,-7.0,0.0,0.0,64.0,-8.0,2.0,1.0,2.0,57.0,Bad
1576,57.0,59.0,59.0,59.0,0.0,1.0,0.0,0.0,15.0,6,5,1.0,0.0,100.0,0.0,3.0,2.0,-8.0,-8.0,-8.0,1.0,-8.0,100.0,Good
7685,78.0,410.0,2.0,93.0,40.0,0.0,0.0,98.0,59.0,6,6,41.0,3.0,27.0,11.0,0.0,0.0,2.0,51.0,11.0,3.0,0.0,54.0,Bad
1907,58.0,89.0,3.0,49.0,15.0,1.0,1.0,67.0,24.0,6,6,16.0,2.0,20.0,0.0,1.0,1.0,68.0,61.0,9.0,1.0,1.0,83.0,Bad
7753,59.0,166.0,13.0,72.0,16.0,2.0,1.0,68.0,3.0,4,2,19.0,0.0,42.0,11.0,0.0,0.0,42.0,73.0,4.0,3.0,2.0,78.0,Bad
7904,86.0,321.0,10.0,104.0,10.0,0.0,0.0,100.0,-7.0,7,8,11.0,1.0,45.0,-8.0,0.0,0.0,2.0,-8.0,4.0,1.0,2.0,83.0,Bad
6206,82.0,186.0,5.0,91.0,31.0,0.0,0.0,97.0,21.0,6,6,31.0,2.0,19.0,11.0,0.0,0.0,4.0,87.0,1.0,1.0,0.0,14.0,Good
4079,72.0,236.0,5.0,88.0,29.0,1.0,1.0,84.0,10.0,4,2,43.0,1.0,13.0,0.0,3.0,3.0,2.0,3.0,2.0,1.0,0.0,23.0,Bad
3407,75.0,138.0,2.0,67.0,12.0,0.0,0.0,100.0,-7.0,7,8,13.0,2.0,31.0,0.0,2.0,2.0,33.0,62.0,3.0,3.0,0.0,75.0,Good
176,87.0,112.0,5.0,67.0,22.0,0.0,0.0,100.0,-7.0,7,8,22.0,2.0,55.0,5.0,0.0,0.0,3.0,92.0,1.0,3.0,0.0,44.0,Good
4242,44.0,219.0,3.0,51.0,40.0,1.0,1.0,87.0,1.0,4,4,45.0,4.0,58.0,0.0,2.0,2.0,75.0,85.0,5.0,5.0,2.0,63.0,Bad
2511,75.0,188.0,6.0,68.0,30.0,0.0,0.0,100.0,-7.0,7,8,26.0,2.0,39.0,-7.0,1.0,1.0,22.0,74.0,7.0,6.0,2.0,68.0,Good
3697,70.0,204.0,6.0,77.0,28.0,0.0,0.0,97.0,2.0,4,6,50.0,4.0,23.0,6.0,0.0,0.0,33.0,97.0,3.0,1.0,1.0,42.0,Good
6738,68.0,237.0,1.0,120.0,26.0,0.0,0.0,96.0,21.0,6,6,28.0,1.0,43.0,-7.0,4.0,4.0,64.0,26.0,9.0,3.0,2.0,75.0,Bad
4328,67.0,133.0,6.0,64.0,13.0,1.0,0.0,75.0,12.0,6,5,16.0,1.0,25.0,0.0,0.0,0.0,46.0,94.0,3.0,3.0,1.0,75.0,Bad
6876,88.0,222.0,2.0,82.0,10.0,0.0,0.0,100.0,-7.0,7,8,11.0,1.0,45.0,1.0,1.0,1.0,3.0,30.0,2.0,2.0,0.0,57.0,Good
6170,77.0,389.0,30.0,102.0,22.0,2.0,2.0,92.0,25.0,6,2,24.0,0.0,4.0,0.0,1.0,1.0,13.0,-8.0,5.0,-8.0,0.0,36.0,Good
10360,72.0,183.0,7.0,72.0,23.0,0.0,0.0,100.0,-7.0,7,8,23.0,2.0,26.0,6.0,0.0,0.0,40.0,76.0,11.0,3.0,1.0,88.0,Good
554,74.0,181.0,1.0,65.0,61.0,0.0,0.0,100.0,-7.0,6,7,65.0,5.0,35.0,-7.0,0.0,0.0,12.0,80.0,9.0,6.0,2.0,58.0,Bad
8863,91.0,447.0,24.0,110.0,27.0,0.0,0.0,100.0,-7.0,7,8,27.0,0.0,15.0,22.0,0.0,0.0,2.0,-8.0,3.0,1.0,0.0,33.0,Bad
5422,72.0,260.0,15.0,142.0,22.0,0.0,0.0,100.0,-7.0,7,8,23.0,0.0,30.0,0.0,3.0,3.0,90.0,67.0,4.0,1.0,3.0,83.0,Bad
8849,60.0,383.0,1.0,57.0,26.0,0.0,0.0,96.0,62.0,6,6,29.0,6.0,25.0,1.0,2.0,2.0,48.0,99.0,8.0,2.0,3.0,91.0,Bad
6989,-9.0,-9.0,-9.0,-9.0,-9.0,-9.0,-9.0,-9.0,-9.0,-9,-9,-9.0,-9.0,-9.0,-9.0,-9.0,-9.0,-9.0,-9.0,-9.0,-9.0,-9.0,-9.0,Good
6492,89.0,423.0,18.0,110.0,13.0,0.0,0.0,100.0,-7.0,7,8,13.0,0.0,15.0,0.0,0.0,0.0,2.0,59.0,2.0,1.0,0.0,43.0,Good
5386,70.0,197.0,16.0,97.0,30.0,0.0,0.0,91.0,19.0,6,6,32.0,0.0,22.0,-7.0,4.0,4.0,44.0,-8.0,8.0,1.0,4.0,63.0,Bad
10240,80.0,220.0,5.0,86.0,28.0,0.0,0.0,93.0,16.0,6,6,28.0,2.0,50.0,11.0,0.0,0.0,2.0,99.0,3.0,3.0,-8.0,100.0,Good
3860,73.0,94.0,11.0,80.0,34.0,0.0,0.0,94.0,2.0,4,6,2.0,1.0,26.0,4.0,2.0,2.0,0.0,72.0,0.0,3.0,0.0,18.0,Good
1649,69.0,172.0,1.0,63.0,13.0,1.0,0.0,87.0,41.0,6,5,15.0,3.0,40.0,0.0,0.0,0.0,80.0,-8.0,3.0,1.0,2.0,50.0,Bad
8229,84.0,138.0,2.0,67.0,21.0,0.0,0.0,100.0,-7.0,7,8,22.0,3.0,55.0,0.0,2.0,2.0,15.0,78.0,3.0,3.0,0.0,86.0,Good
4301,58.0,142.0,2.0,60.0,11.0,1.0,1.0,92.0,3.0,0,2,13.0,1.0,46.0,0.0,0.0,0.0,91.0,87.0,7.0,4.0,3.0,100.0,Bad
3193,68.0,171.0,9.0,67.0,39.0,2.0,2.0,93.0,24.0,6,2,40.0,1.0,43.0,0.0,2.0,2.0,49.0,52.0,5.0,4.0,2.0,75.0,Good
4306,60.0,214.0,8.0,86.0,29.0,1.0,1.0,94.0,1.0,4,4,31.0,2.0,26.0,0.0,1.0,1.0,71.0,23.0,3.0,4.0,1.0,62.0,Bad
9679,66.0,287.0,13.0,100.0,16.0,1.0,0.0,65.0,21.0,6,5,20.0,0.0,45.0,2.0,1.0,1.0,93.0,62.0,2.0,3.0,1.0,100.0,Good
6127,83.0,205.0,3.0,105.0,7.0,0.0,0.0,100.0,-7.0,7,8,7.0,3.0,86.0,-8.0,0.0,0.0,-8.0,69.0,-8.0,3.0,-8.0,100.0,Good
1485,75.0,162.0,8.0,93.0,18.0,1.0,1.0,95.0,25.0,6,2,19.0,1.0,26.0,0.0,0.0,0.0,19.0,82.0,4.0,3.0,0.0,78.0,Good
6095,74.0,338.0,17.0,111.0,17.0,0.0,0.0,53.0,4.0,4,6,20.0,0.0,30.0,0.0,1.0,1.0,6.0,-8.0,3.0,-8.0,0.0,43.0,Bad
6788,-9.0,-9.0,-9.0,-9.0,-9.0,-9.0,-9.0,-9.0,-9.0,-9,-9,-9.0,-9.0,-9.0,-9.0,-9.0,-9.0,-9.0,-9.0,-9.0,-9.0,-9.0,-9.0,Good
2904,54.0,-8.0,9.0,57.0,20.0,1.0,1.0,88.0,5.0,4,6,0.0,2.0,67.0,9.0,0.0,0.0,68.0,79.0,2.0,6.0,1.0,90.0,Bad
8874,75.0,415.0,20.0,75.0,22.0,1.0,1.0,83.0,9.0,4,4,23.0,0.0,22.0,0.0,3.0,3.0,2.0,23.0,2.0,1.0,0.0,33.0,Bad
6408,59.0,178.0,16.0,87.0,16.0,4.0,2.0,71.0,19.0,6,4,22.0,0.0,48.0,0.0,2.0,2.0,96.0,59.0,2.0,3.0,1.0,75.0,Good
2996,69.0,217.0,5.0,98.0,32.0,0.0,0.0,91.0,1.0,4,6,38.0,1.0,31.0,17.0,0.0,0.0,24.0,92.0,6.0,3.0,0.0,64.0,Good
7011,74.0,184.0,3.0,79.0,23.0,0.0,0.0,91.0,69.0,6,6,23.0,2.0,30.0,3.0,3.0,3.0,24.0,29.0,3.0,2.0,1.0,71.0,Good
585,63.0,193.0,3.0,66.0,24.0,0.0,0.0,83.0,7.0,4,6,24.0,2.0,8.0,-7.0,0.0,0.0,70.0,100.0,5.0,1.0,2.0,78.0,Good
8689,73.0,16.0,16.0,16.0,1.0,0.0,0.0,100.0,-7.0,7,8,1.0,0.0,100.0,0.0,2.0,2.0,-8.0,-8.0,-8.0,1.0,-8.0,100.0,Bad
7207,67.0,94.0,4.0,55.0,36.0,1.0,1.0,95.0,50.0,6,2,38.0,4.0,32.0,0.0,5.0,5.0,12.0,81.0,5.0,4.0,1.0,64.0,Good
7835,69.0,190.0,47.0,128.0,25.0,0.0,0.0,88.0,14.0,5,6,25.0,0.0,16.0,8.0,0.0,0.0,87.0,30.0,9.0,1.0,5.0,100.0,Bad
7741,74.0,150.0,5.0,43.0,22.0,0.0,0.0,96.0,33.0,6,6,23.0,2.0,52.0,14.0,1.0,1.0,23.0,99.0,3.0,3.0,2.0,67.0,Good
9020,76.0,82.0,4.0,38.0,15.0,0.0,0.0,94.0,-8.0,6,6,16.0,3.0,31.0,0.0,1.0,1.0,13.0,95.0,2.0,2.0,1.0,36.0,Bad
8344,78.0,192.0,4.0,104.0,16.0,1.0,1.0,94.0,78.0,6,2,17.0,1.0,6.0,0.0,3.0,3.0,7.0,-8.0,2.0,1.0,0.0,33.0,Good
4412,65.0,71.0,14.0,47.0,23.0,0.0,0.0,96.0,-8.0,6,6,23.0,0.0,30.0,0.0,1.0,1.0,61.0,62.0,6.0,3.0,2.0,75.0,Bad
4437,61.0,94.0,4.0,38.0,16.0,0.0,0.0,94.0,20.0,6,6,16.0,3.0,50.0,0.0,0.0,0.0,94.0,88.0,5.0,1.0,3.0,86.0,Bad
9247,74.0,385.0,2.0,72.0,35.0,1.0,1.0,95.0,69.0,6,4,37.0,6.0,49.0,3.0,1.0,1.0,34.0,95.0,3.0,5.0,0.0,75.0,Bad
8995,74.0,247.0,9.0,107.0,46.0,0.0,0.0,100.0,-7.0,7,8,47.0,2.0,38.0,0.0,1.0,1.0,38.0,88.0,11.0,1.0,2.0,87.0,Bad
6268,84.0,239.0,6.0,63.0,25.0,0.0,0.0,100.0,-7.0,7,8,27.0,4.0,37.0,0.0,5.0,5.0,7.0,-8.0,2.0,-8.0,0.0,20.0,Bad
2985,82.0,127.0,4.0,57.0,50.0,0.0,0.0,100.0,-7.0,5,7,28.0,3.0,20.0,9.0,0.0,0.0,19.0,98.0,6.0,4.0,0.0,59.0,Bad
8382,68.0,255.0,13.0,120.0,16.0,0.0,0.0,100.0,-7.0,7,8,21.0,0.0,33.0,0.0,0.0,0.0,90.0,-8.0,6.0,1.0,3.0,100.0,Good
6561,65.0,79.0,9.0,40.0,11.0,1.0,0.0,77.0,8.0,4,5,13.0,1.0,46.0,0.0,2.0,2.0,0.0,96.0,0.0,2.0,-8.0,75.0,Bad
6950,91.0,402.0,13.0,118.0,21.0,0.0,0.0,100.0,-7.0,7,8,21.0,0.0,52.0,0.0,1.0,1.0,2.0,-8.0,2.0,1.0,0.0,38.0,Good
9203,84.0,158.0,13.0,74.0,14.0,0.0,0.0,100.0,-7.0,7,8,16.0,0.0,63.0,0.0,1.0,1.0,16.0,82.0,2.0,3.0,0.0,71.0,Good
5867,72.0,11.0,7.0,9.0,2.0,0.0,0.0,100.0,-7.0,7,8,2.0,2.0,0.0,0.0,0.0,0.0,17.0,-8.0,2.0,-8.0,-8.0,100.0,Bad
6452,68.0,359.0,9.0,98.0,21.0,0.0,0.0,81.0,4.0,4,6,21.0,1.0,43.0,0.0,0.0,0.0,26.0,76.0,4.0,4.0,0.0,67.0,Bad
1999,66.0,394.0,7.0,123.0,28.0,2.0,2.0,93.0,1.0,0,2,31.0,1.0,0.0,0.0,1.0,1.0,12.0,-8.0,6.0,-8.0,0.0,41.0,Good
99,75.0,169.0,2.0,59.0,21.0,0.0,0.0,100.0,-7.0,7,8,22.0,4.0,36.0,-7.0,4.0,4.0,43.0,112.0,4.0,6.0,0.0,83.0,Bad
6343,60.0,188.0,31.0,136.0,12.0,1.0,0.0,65.0,4.0,4,5,17.0,0.0,47.0,0.0,3.0,3.0,51.0,54.0,4.0,2.0,1.0,100.0,Bad
8882,72.0,79.0,2.0,26.0,13.0,0.0,0.0,100.0,-7.0,7,8,15.0,2.0,27.0,0.0,1.0,1.0,28.0,65.0,6.0,3.0,1.0,69.0,Bad
7594,86.0,189.0,2.0,76.0,19.0,0.0,0.0,100.0,-7.0,7,8,24.0,3.0,58.0,-7.0,0.0,0.0,5.0,100.0,4.0,3.0,0.0,78.0,Good
477,76.0,111.0,1.0,50.0,20.0,0.0,0.0,95.0,79.0,6,6,22.0,3.0,45.0,0.0,1.0,1.0,25.0,83.0,2.0,3.0,1.0,63.0,Good
936,82.0,178.0,9.0,58.0,16.0,0.0,0.0,100.0,-7.0,7,8,17.0,1.0,24.0,2.0,2.0,2.0,23.0,87.0,2.0,2.0,1.0,67.0,Good
4459,70.0,125.0,2.0,60.0,45.0,0.0,0.0,100.0,-7.0,7,8,48.0,2.0,17.0,-7.0,1.0,1.0,36.0,78.0,7.0,2.0,2.0,47.0,Bad
2744,93.0,95.0,11.0,131.0,8.0,0.0,0.0,100.0,-7.0,7,8,2.0,1.0,0.0,-7.0,0.0,0.0,1.0,-8.0,3.0,-8.0,0.0,38.0,Bad
3371,72.0,86.0,3.0,57.0,25.0,1.0,0.0,96.0,76.0,6,5,26.0,1.0,12.0,0.0,3.0,3.0,6.0,69.0,4.0,2.0,1.0,47.0,Good
4545,70.0,132.0,2.0,49.0,20.0,0.0,0.0,100.0,-7.0,7,8,21.0,4.0,33.0,-7.0,5.0,4.0,70.0,60.0,2.0,2.0,1.0,67.0,Bad
7457,89.0,425.0,27.0,133.0,8.0,0.0,0.0,100.0,-7.0,7,8,8.0,0.0,25.0,0.0,0.0,0.0,5.0,-8.0,2.0,1.0,0.0,50.0,Good
9768,75.0,168.0,2.0,99.0,27.0,0.0,0.0,86.0,23.0,6,6,28.0,2.0,18.0,0.0,2.0,2.0,24.0,51.0,7.0,1.0,0.0,40.0,Bad
3829,79.0,99.0,12.0,28.0,4.0,0.0,0.0,100.0,-7.0,7,8,16.0,0.0,50.0,-8.0,0.0,0.0,40.0,-8.0,1.0,-8.0,0.0,50.0,Good
3607,81.0,327.0,2.0,116.0,40.0,0.0,0.0,100.0,-7.0,7,8,5.0,4.0,15.0,1.0,2.0,2.0,7.0,88.0,5.0,3.0,1.0,42.0,Good
5363,56.0,70.0,6.0,31.0,28.0,0.0,0.0,96.0,43.0,6,6,29.0,7.0,25.0,-7.0,2.0,2.0,71.0,-8.0,8.0,1.0,4.0,56.0,Bad
3827,75.0,153.0,15.0,83.0,22.0,0.0,0.0,95.0,20.0,6,6,39.0,0.0,18.0,1.0,5.0,5.0,13.0,-8.0,1.0,-8.0,0.0,33.0,Good
6887,65.0,125.0,7.0,65.0,12.0,3.0,1.0,65.0,8.0,3,4,18.0,1.0,35.0,0.0,5.0,4.0,22.0,-8.0,2.0,2.0,0.0,40.0,Bad
4082,64.0,436.0,10.0,94.0,27.0,0.0,0.0,93.0,2.0,4,6,38.0,1.0,4.0,6.0,0.0,0.0,59.0,-8.0,9.0,-8.0,5.0,56.0,Bad
4285,90.0,423.0,6.0,109.0,15.0,0.0,0.0,100.0,-7.0,7,8,15.0,3.0,0.0,0.0,1.0,1.0,13.0,-8.0,5.0,-8.0,0.0,36.0,Good
1354,-9.0,-9.0,-9.0,-9.0,-9.0,-9.0,-9.0,-9.0,-9.0,-9,-9,-9.0,-9.0,-9.0,-9.0,-9.0,-9.0,-9.0,-9.0,-9.0,-9.0,-9.0,-9.0,Good
8051,56.0,24.0,1.0,10.0,4.0,1.0,1.0,100.0,-7.0,6,8,5.0,3.0,20.0,0.0,20.0,20.0,93.0,-8.0,2.0,1.0,1.0,75.0,Bad
2269,62.0,201.0,3.0,84.0,31.0,1.0,0.0,69.0,11.0,4,5,39.0,2.0,9.0,-7.0,4.0,4.0,13.0,99.0,4.0,1.0,2.0,36.0,Bad
1927,79.0,21.0,1.0,11.0,1.0,0.0,0.0,100.0,-7.0,7,8,2.0,1.0,50.0,0.0,0.0,0.0,0.0,-8.0,0.0,1.0,-8.0,50.0,Bad
7291,78.0,64.0,12.0,34.0,24.0,0.0,0.0,100.0,-7.0,7,8,24.0,0.0,8.0,0.0,0.0,0.0,6.0,-8.0,4.0,1.0,0.0,24.0,Bad
2471,69.0,-8.0,1.0,59.0,8.0,2.0,2.0,90.0,29.0,6,4,0.0,1.0,60.0,-7.0,6.0,6.0,52.0,-8.0,1.0,-8.0,0.0,67.0,Bad
4059,73.0,-8.0,1.0,84.0,21.0,0.0,0.0,100.0,-7.0,7,8,0.0,2.0,9.0,0.0,3.0,3.0,30.0,101.0,6.0,1.0,1.0,58.0,Good
3533,61.0,230.0,4.0,70.0,56.0,1.0,1.0,100.0,-7.0,6,8,70.0,4.0,9.0,6.0,0.0,0.0,73.0,26.0,29.0,2.0,8.0,82.0,Bad
302,75.0,291.0,20.0,118.0,15.0,1.0,0.0,94.0,68.0,6,5,17.0,0.0,41.0,0.0,2.0,2.0,48.0,-8.0,3.0,1.0,0.0,83.0,Bad
7818,80.0,145.0,2.0,80.0,25.0,0.0,0.0,92.0,50.0,6,6,26.0,3.0,50.0,3.0,1.0,1.0,2.0,85.0,2.0,3.0,-8.0,56.0,Good
9175,70.0,84.0,1.0,46.0,16.0,0.0,0.0,94.0,-7.0,5,7,23.0,2.0,11.0,0.0,2.0,2.0,86.0,91.0,7.0,1.0,4.0,80.0,Bad
895,77.0,148.0,27.0,96.0,13.0,0.0,0.0,100.0,-7.0,7,8,14.0,0.0,50.0,0.0,2.0,2.0,75.0,-8.0,1.0,1.0,0.0,100.0,Good
2905,48.0,151.0,9.0,101.0,50.0,1.0,1.0,83.0,3.0,0,2,8.0,3.0,48.0,1.0,2.0,2.0,74.0,75.0,17.0,7.0,6.0,89.0,Bad
9711,69.0,141.0,6.0,55.0,14.0,0.0,0.0,100.0,-7.0,7,8,14.0,2.0,14.0,1.0,1.0,1.0,58.0,38.0,2.0,1.0,1.0,43.0,Good
7504,61.0,164.0,0.0,52.0,31.0,4.0,4.0,94.0,40.0,6,2,36.0,4.0,59.0,-7.0,7.0,7.0,13.0,85.0,4.0,7.0,0.0,79.0,Good
3151,77.0,206.0,11.0,90.0,15.0,0.0,0.0,100.0,-7.0,7,8,20.0,1.0,27.0,10.0,0.0,0.0,38.0,-8.0,3.0,1.0,1.0,67.0,Good
7038,79.0,30.0,13.0,22.0,2.0,0.0,0.0,100.0,-7.0,7,8,2.0,0.0,0.0,12.0,0.0,0.0,27.0,-8.0,1.0,-8.0,0.0,50.0,Good
1496,81.0,198.0,3.0,92.0,20.0,0.0,0.0,100.0,-7.0,7,8,20.0,1.0,30.0,0.0,2.0,2.0,34.0,76.0,2.0,4.0,0.0,60.0,Good
1177,-9.0,-9.0,-9.0,-9.0,-9.0,-9.0,-9.0,-9.0,-9.0,-9,-9,-9.0,-9.0,-9.0,-9.0,-9.0,-9.0,-9.0,-9.0,-9.0,-9.0,-9.0,-9.0,Good
3541,82.0,163.0,24.0,89.0,17.0,0.0,0.0,100.0,-7.0,7,8,15.0,0.0,29.0,-8.0,0.0,0.0,24.0,-8.0,3.0,2.0,1.0,63.0,Bad
9240,65.0,147.0,8.0,57.0,9.0,4.0,4.0,82.0,35.0,6,2,11.0,2.0,91.0,7.0,0.0,0.0,64.0,73.0,1.0,4.0,0.0,100.0,Good
51,79.0,243.0,17.0,77.0,35.0,0.0,0.0,97.0,67.0,6,6,39.0,0.0,36.0,0.0,2.0,2.0,20.0,-8.0,4.0,1.0,0.0,56.0,Good
7355,71.0,136.0,10.0,57.0,24.0,0.0,0.0,100.0,-7.0,7,8,24.0,2.0,29.0,0.0,2.0,2.0,62.0,-8.0,2.0,1.0,1.0,60.0,Good
1359,-9.0,-9.0,-9.0,-9.0,-9.0,-9.0,-9.0,-9.0,-9.0,-9,-9,-9.0,-9.0,-9.0,-9.0,-9.0,-9.0,-9.0,-9.0,-9.0,-9.0,-9.0,-9.0,Bad
7043,63.0,141.0,2.0,71.0,27.0,1.0,1.0,83.0,21.0,6,2,35.0,4.0,43.0,0.0,4.0,4.0,35.0,100.0,5.0,3.0,0.0,90.0,Bad
5255,54.0,190.0,6.0,74.0,21.0,0.0,0.0,65.0,1.0,4,6,23.0,1.0,48.0,0.0,0.0,0.0,94.0,-8.0,6.0,1.0,2.0,100.0,Bad
9523,71.0,313.0,22.0,107.0,30.0,0.0,0.0,100.0,-7.0,7,8,32.0,0.0,53.0,0.0,1.0,1.0,19.0,15.0,3.0,4.0,0.0,89.0,Good
2374,73.0,25.0,3.0,57.0,19.0,0.0,0.0,100.0,-7.0,7,8,11.0,1.0,10.0,-7.0,0.0,0.0,56.0,-8.0,8.0,1.0,3.0,75.0,Bad
6249,83.0,202.0,28.0,97.0,10.0,0.0,0.0,100.0,-7.0,7,8,10.0,0.0,20.0,1.0,1.0,1.0,0.0,46.0,0.0,2.0,-8.0,67.0,Good
9821,90.0,363.0,15.0,84.0,37.0,0.0,0.0,100.0,-7.0,7,8,39.0,0.0,3.0,0.0,0.0,0.0,1.0,-8.0,3.0,1.0,0.0,15.0,Good
1620,82.0,86.0,3.0,40.0,9.0,0.0,0.0,100.0,-7.0,7,8,10.0,2.0,30.0,0.0,1.0,1.0,16.0,82.0,2.0,2.0,0.0,50.0,Bad
8141,61.0,195.0,9.0,88.0,19.0,0.0,0.0,95.0,2.0,4,6,20.0,1.0,32.0,1.0,1.0,1.0,59.0,91.0,3.0,2.0,2.0,67.0,Good
739,84.0,163.0,4.0,56.0,36.0,0.0,0.0,100.0,-7.0,7,8,36.0,2.0,17.0,12.0,0.0,0.0,14.0,88.0,3.0,2.0,1.0,46.0,Good
3075,57.0,390.0,9.0,102.0,58.0,2.0,1.0,80.0,4.0,2,4,38.0,3.0,23.0,9.0,0.0,0.0,65.0,68.0,13.0,3.0,6.0,58.0,Bad
6815,66.0,162.0,12.0,76.0,35.0,1.0,0.0,93.0,12.0,6,5,43.0,0.0,74.0,0.0,6.0,5.0,55.0,73.0,5.0,2.0,3.0,70.0,Good
5491,79.0,366.0,3.0,94.0,53.0,0.0,0.0,100.0,-7.0,7,8,53.0,2.0,23.0,16.0,0.0,0.0,16.0,64.0,5.0,4.0,0.0,39.0,Good
4088,85.0,209.0,5.0,85.0,21.0,0.0,0.0,100.0,-7.0,7,8,21.0,1.0,57.0,-8.0,0.0,0.0,12.0,45.0,7.0,2.0,0.0,90.0,Bad
2781,79.0,150.0,4.0,76.0,19.0,0.0,0.0,100.0,-7.0,7,8,29.0,1.0,20.0,-7.0,2.0,2.0,46.0,-8.0,2.0,1.0,1.0,44.0,Good
7460,60.0,49.0,5.0,23.0,16.0,0.0,0.0,100.0,-7.0,7,8,16.0,3.0,31.0,0.0,1.0,1.0,40.0,82.0,6.0,3.0,0.0,90.0,Bad
7058,74.0,203.0,1.0,66.0,27.0,0.0,0.0,93.0,3.0,4,6,30.0,1.0,20.0,0.0,3.0,3.0,2.0,86.0,2.0,2.0,0.0,57.0,Good
2569,76.0,211.0,1.0,84.0,24.0,0.0,0.0,100.0,-7.0,7,8,62.0,7.0,34.0,-7.0,6.0,6.0,16.0,91.0,5.0,4.0,1.0,69.0,Bad
8293,87.0,264.0,8.0,138.0,28.0,0.0,0.0,100.0,-7.0,7,8,60.0,2.0,17.0,8.0,0.0,0.0,4.0,82.0,1.0,2.0,0.0,57.0,Good
8872,90.0,179.0,13.0,86.0,12.0,0.0,0.0,100.0,-7.0,7,8,12.0,0.0,25.0,0.0,4.0,4.0,0.0,-8.0,2.0,1.0,0.0,50.0,Good
2002,68.0,155.0,13.0,48.0,10.0,2.0,2.0,90.0,8.0,4,6,12.0,0.0,40.0,0.0,0.0,0.0,59.0,49.0,3.0,4.0,0.0,100.0,Bad
4916,64.0,230.0,11.0,108.0,35.0,0.0,0.0,92.0,4.0,4,6,39.0,1.0,47.0,2.0,1.0,1.0,56.0,40.0,7.0,8.0,2.0,83.0,Good
681,64.0,146.0,5.0,45.0,19.0,0.0,0.0,95.0,-7.0,5,7,20.0,3.0,10.0,2.0,2.0,2.0,84.0,-8.0,13.0,1.0,4.0,100.0,Bad
4056,70.0,298.0,5.0,71.0,24.0,0.0,0.0,96.0,81.0,6,6,47.0,6.0,13.0,0.0,2.0,2.0,29.0,-8.0,3.0,1.0,1.0,36.0,Good
7121,64.0,73.0,2.0,36.0,14.0,0.0,0.0,93.0,18.0,6,6,15.0,2.0,73.0,0.0,1.0,1.0,79.0,49.0,3.0,5.0,1.0,100.0,Good
4341,75.0,203.0,7.0,84.0,25.0,0.0,0.0,100.0,-7.0,7,8,26.0,1.0,31.0,0.0,2.0,2.0,22.0,36.0,4.0,3.0,1.0,54.0,Bad
8819,58.0,334.0,4.0,99.0,34.0,0.0,0.0,68.0,13.0,6,6,37.0,2.0,54.0,2.0,4.0,4.0,68.0,32.0,3.0,4.0,1.0,58.0,Bad
2015,65.0,317.0,5.0,132.0,12.0,2.0,1.0,80.0,10.0,3,2,15.0,4.0,20.0,0.0,9.0,7.0,43.0,90.0,7.0,2.0,2.0,100.0,Bad
1798,81.0,243.0,1.0,89.0,41.0,0.0,0.0,100.0,-7.0,7,8,44.0,9.0,27.0,0.0,7.0,6.0,1.0,39.0,7.0,4.0,0.0,50.0,Good
646,60.0,80.0,7.0,33.0,6.0,1.0,1.0,71.0,30.0,6,4,7.0,1.0,43.0,6.0,0.0,0.0,92.0,-8.0,2.0,1.0,-8.0,100.0,Bad
9353,69.0,35.0,1.0,20.0,5.0,1.0,1.0,100.0,-7.0,6,8,7.0,2.0,43.0,1.0,1.0,1.0,48.0,-8.0,3.0,-8.0,0.0,75.0,Bad
3685,69.0,390.0,3.0,100.0,18.0,3.0,1.0,67.0,3.0,4,4,11.0,1.0,10.0,14.0,0.0,0.0,7.0,-8.0,3.0,-8.0,0.0,27.0,Bad
8207,60.0,121.0,3.0,64.0,21.0,1.0,1.0,96.0,0.0,4,6,23.0,2.0,57.0,0.0,0.0,0.0,1.0,77.0,1.0,4.0,0.0,83.0,Good
5978,59.0,166.0,36.0,102.0,4.0,4.0,1.0,33.0,7.0,3,2,9.0,0.0,33.0,13.0,0.0,0.0,110.0,-8.0,1.0,1.0,-8.0,100.0,Good
6656,67.0,160.0,4.0,49.0,27.0,0.0,0.0,97.0,48.0,6,6,29.0,6.0,45.0,-7.0,5.0,5.0,30.0,76.0,5.0,2.0,0.0,70.0,Good
5293,84.0,362.0,11.0,114.0,33.0,0.0,0.0,97.0,25.0,6,6,35.0,1.0,40.0,0.0,3.0,3.0,1.0,89.0,2.0,2.0,0.0,36.0,Bad
4744,73.0,206.0,1.0,77.0,53.0,2.0,1.0,95.0,28.0,6,5,63.0,4.0,51.0,0.0,4.0,4.0,39.0,78.0,4.0,5.0,1.0,56.0,Bad
2366,75.0,253.0,12.0,40.0,22.0,0.0,0.0,100.0,-7.0,7,8,50.0,0.0,32.0,-7.0,5.0,5.0,8.0,47.0,3.0,2.0,0.0,46.0,Bad
674,83.0,107.0,3.0,60.0,24.0,0.0,0.0,100.0,-7.0,7,8,24.0,3.0,42.0,3.0,1.0,1.0,28.0,95.0,1.0,3.0,0.0,80.0,Good
6797,56.0,144.0,2.0,41.0,20.0,1.0,1.0,100.0,-7.0,6,8,23.0,4.0,61.0,0.0,8.0,8.0,74.0,100.0,7.0,3.0,3.0,83.0,Bad
1142,-9.0,-9.0,-9.0,-9.0,-9.0,-9.0,-9.0,-9.0,-9.0,-9,-9,-9.0,-9.0,-9.0,-9.0,-9.0,-9.0,-9.0,-9.0,-9.0,-9.0,-9.0,-9.0,Bad
9116,68.0,145.0,15.0,67.0,18.0,2.0,1.0,90.0,8.0,1,3,20.0,0.0,85.0,-7.0,3.0,3.0,0.0,64.0,0.0,3.0,-8.0,75.0,Bad
6152,81.0,58.0,34.0,49.0,5.0,0.0,0.0,100.0,-7.0,7,8,5.0,0.0,80.0,-8.0,0.0,0.0,14.0,60.0,1.0,2.0,-8.0,100.0,Good
3487,68.0,201.0,7.0,99.0,35.0,0.0,0.0,97.0,42.0,6,6,35.0,4.0,26.0,8.0,0.0,0.0,48.0,67.0,10.0,3.0,3.0,57.0,Bad
4256,63.0,27.0,5.0,16.0,8.0,0.0,0.0,100.0,-7.0,7,8,8.0,3.0,100.0,0.0,0.0,0.0,-8.0,89.0,-8.0,4.0,-8.0,100.0,Bad
4365,64.0,161.0,6.0,90.0,15.0,1.0,1.0,76.0,57.0,6,2,17.0,3.0,24.0,0.0,1.0,1.0,66.0,-8.0,3.0,-8.0,1.0,57.0,Good
989,84.0,196.0,3.0,74.0,17.0,0.0,0.0,94.0,36.0,6,6,17.0,1.0,53.0,1.0,3.0,3.0,0.0,74.0,0.0,3.0,0.0,50.0,Good
2408,78.0,301.0,52.0,52.0,1.0,0.0,0.0,100.0,-7.0,7,8,15.0,0.0,100.0,-7.0,0.0,0.0,-8.0,6.0,-8.0,1.0,-8.0,100.0,Bad
621,60.0,60.0,13.0,27.0,6.0,0.0,0.0,88.0,2.0,4,6,8.0,0.0,63.0,-7.0,4.0,4.0,60.0,92.0,1.0,3.0,-8.0,80.0,Bad
3365,73.0,19.0,2.0,9.0,2.0,0.0,0.0,100.0,-7.0,7,8,3.0,2.0,33.0,0.0,8.0,7.0,15.0,-8.0,1.0,1.0,0.0,67.0,Bad
679,88.0,422.0,13.0,127.0,23.0,0.0,0.0,100.0,-7.0,7,8,24.0,0.0,17.0,0.0,2.0,2.0,2.0,-8.0,2.0,1.0,0.0,38.0,Good
8757,61.0,60.0,7.0,36.0,6.0,2.0,1.0,63.0,13.0,6,2,8.0,1.0,63.0,-7.0,0.0,0.0,18.0,81.0,1.0,3.0,-8.0,80.0,Bad
7853,87.0,230.0,3.0,84.0,23.0,0.0,0.0,100.0,-7.0,7,8,23.0,2.0,61.0,0.0,1.0,1.0,1.0,64.0,3.0,4.0,1.0,78.0,Bad
9530,72.0,164.0,6.0,76.0,34.0,0.0,0.0,100.0,-7.0,7,8,36.0,2.0,36.0,0.0,1.0,1.0,38.0,26.0,5.0,3.0,1.0,62.0,Good
182,-9.0,-9.0,-9.0,-9.0,-9.0,-9.0,-9.0,-9.0,-9.0,-9,-9,-9.0,-9.0,-9.0,-9.0,-9.0,-9.0,-9.0,-9.0,-9.0,-9.0,-9.0,-9.0,Good
3049,68.0,79.0,8.0,75.0,40.0,1.0,1.0,95.0,1.0,0,2,9.0,3.0,44.0,8.0,0.0,0.0,5.0,87.0,4.0,6.0,0.0,61.0,Bad
2717,73.0,196.0,145.0,164.0,5.0,1.0,1.0,71.0,47.0,6,3,19.0,0.0,29.0,-7.0,0.0,0.0,-8.0,-8.0,-8.0,1.0,-8.0,100.0,Bad
4386,64.0,88.0,5.0,44.0,16.0,1.0,1.0,83.0,11.0,0,2,18.0,2.0,44.0,0.0,0.0,0.0,43.0,63.0,3.0,2.0,0.0,56.0,Bad
6219,82.0,213.0,20.0,115.0,27.0,0.0,0.0,100.0,-7.0,7,8,27.0,0.0,22.0,19.0,0.0,0.0,38.0,80.0,3.0,3.0,1.0,75.0,Good
4329,70.0,134.0,6.0,67.0,19.0,0.0,0.0,95.0,57.0,6,6,20.0,3.0,45.0,0.0,0.0,0.0,52.0,78.0,2.0,3.0,2.0,63.0,Bad
9206,73.0,237.0,4.0,100.0,39.0,0.0,0.0,95.0,62.0,6,6,40.0,2.0,58.0,4.0,1.0,1.0,56.0,89.0,4.0,2.0,1.0,60.0,Good
4819,77.0,90.0,10.0,41.0,3.0,0.0,0.0,100.0,-7.0,7,8,3.0,1.0,67.0,0.0,0.0,0.0,26.0,83.0,1.0,2.0,0.0,100.0,Good
6679,89.0,122.0,5.0,60.0,44.0,0.0,0.0,100.0,-7.0,6,7,56.0,3.0,79.0,-7.0,3.0,3.0,2.0,97.0,1.0,4.0,0.0,63.0,Good
4540,68.0,134.0,4.0,54.0,24.0,0.0,0.0,100.0,-7.0,7,8,24.0,5.0,50.0,-7.0,2.0,2.0,50.0,91.0,3.0,7.0,1.0,83.0,Bad
2040,51.0,91.0,5.0,27.0,7.0,2.0,2.0,75.0,3.0,0,2,9.0,3.0,63.0,0.0,4.0,4.0,76.0,89.0,3.0,2.0,1.0,100.0,Bad
1947,73.0,169.0,6.0,105.0,20.0,0.0,0.0,95.0,21.0,6,6,21.0,1.0,14.0,0.0,0.0,0.0,39.0,21.0,2.0,2.0,0.0,57.0,Bad
6703,73.0,250.0,6.0,143.0,22.0,0.0,0.0,95.0,19.0,6,6,22.0,1.0,32.0,-7.0,1.0,0.0,36.0,95.0,6.0,2.0,0.0,67.0,Bad
8324,80.0,266.0,7.0,98.0,15.0,0.0,0.0,100.0,-7.0,7,8,17.0,1.0,35.0,2.0,1.0,1.0,46.0,-8.0,1.0,1.0,1.0,40.0,Good
2418,71.0,-8.0,6.0,37.0,2.0,0.0,0.0,100.0,-7.0,7,8,0.0,1.0,50.0,-7.0,1.0,1.0,-8.0,-8.0,-8.0,1.0,-8.0,100.0,Bad
5219,63.0,81.0,2.0,35.0,34.0,0.0,0.0,97.0,-8.0,6,6,36.0,6.0,25.0,0.0,6.0,6.0,35.0,74.0,11.0,6.0,2.0,71.0,Bad
3230,82.0,445.0,14.0,217.0,21.0,1.0,1.0,95.0,22.0,6,3,27.0,0.0,14.0,23.0,0.0,0.0,5.0,-8.0,4.0,-8.0,0.0,33.0,Good
2106,87.0,129.0,2.0,77.0,15.0,0.0,0.0,100.0,-7.0,7,8,16.0,2.0,19.0,0.0,0.0,0.0,6.0,-8.0,3.0,1.0,0.0,40.0,Good
9395,80.0,378.0,21.0,163.0,20.0,0.0,0.0,100.0,-7.0,7,8,21.0,0.0,29.0,17.0,0.0,0.0,45.0,63.0,8.0,2.0,1.0,83.0,Good
1904,76.0,222.0,4.0,85.0,47.0,0.0,0.0,100.0,-7.0,7,8,47.0,2.0,28.0,0.0,0.0,0.0,37.0,59.0,4.0,4.0,0.0,53.0,Good
4872,84.0,401.0,13.0,128.0,32.0,0.0,0.0,100.0,-7.0,7,8,35.0,0.0,45.0,13.0,0.0,0.0,15.0,58.0,5.0,3.0,0.0,62.0,Good
1098,-9.0,-9.0,-9.0,-9.0,-9.0,-9.0,-9.0,-9.0,-9.0,-9,-9,-9.0,-9.0,-9.0,-9.0,-9.0,-9.0,-9.0,-9.0,-9.0,-9.0,-9.0,-9.0,Bad
7788,80.0,115.0,3.0,44.0,11.0,0.0,0.0,100.0,-7.0,7,8,12.0,2.0,55.0,6.0,0.0,0.0,27.0,55.0,1.0,2.0,0.0,50.0,Bad
3438,78.0,175.0,6.0,75.0,15.0,0.0,0.0,100.0,-7.0,7,8,5.0,2.0,47.0,6.0,0.0,0.0,32.0,-8.0,2.0,1.0,0.0,75.0,Bad
9161,84.0,245.0,10.0,113.0,16.0,0.0,0.0,94.0,17.0,6,6,17.0,1.0,12.0,-7.0,0.0,0.0,6.0,-8.0,2.0,-8.0,0.0,40.0,Good
10404,79.0,344.0,24.0,135.0,24.0,0.0,0.0,100.0,-7.0,7,8,24.0,0.0,17.0,1.0,1.0,1.0,41.0,-8.0,4.0,1.0,2.0,50.0,Good
1778,65.0,180.0,2.0,81.0,7.0,2.0,0.0,73.0,15.0,6,5,11.0,2.0,18.0,0.0,0.0,0.0,81.0,-8.0,2.0,1.0,1.0,100.0,Bad
1843,77.0,187.0,15.0,74.0,37.0,0.0,0.0,100.0,-7.0,7,8,37.0,0.0,14.0,0.0,0.0,0.0,35.0,-8.0,4.0,1.0,2.0,38.0,Bad
1944,66.0,139.0,11.0,80.0,7.0,0.0,0.0,100.0,-7.0,7,8,8.0,1.0,25.0,0.0,0.0,0.0,86.0,-8.0,2.0,1.0,2.0,100.0,Bad
8752,80.0,116.0,6.0,49.0,13.0,0.0,0.0,92.0,67.0,6,6,13.0,1.0,69.0,-7.0,2.0,2.0,1.0,73.0,1.0,3.0,0.0,67.0,Bad
9677,79.0,114.0,9.0,49.0,28.0,0.0,0.0,100.0,-7.0,7,8,28.0,2.0,36.0,0.0,1.0,1.0,2.0,42.0,3.0,3.0,0.0,43.0,Good
5198,82.0,174.0,6.0,74.0,25.0,0.0,0.0,100.0,-7.0,7,8,26.0,1.0,23.0,5.0,0.0,0.0,19.0,77.0,2.0,3.0,0.0,67.0,Good
8786,70.0,108.0,2.0,51.0,45.0,0.0,0.0,98.0,10.0,4,6,49.0,7.0,65.0,7.0,0.0,0.0,23.0,82.0,2.0,3.0,0.0,50.0,Bad
8370,47.0,57.0,57.0,57.0,1.0,1.0,1.0,0.0,2.0,4,6,1.0,0.0,0.0,0.0,2.0,2.0,93.0,-8.0,1.0,-8.0,1.0,100.0,Bad
8664,72.0,214.0,2.0,81.0,60.0,1.0,1.0,95.0,32.0,6,6,68.0,3.0,35.0,0.0,2.0,2.0,13.0,63.0,5.0,4.0,0.0,47.0,Good
2555,74.0,157.0,9.0,43.0,19.0,0.0,0.0,100.0,-7.0,5,7,2.0,2.0,25.0,-7.0,0.0,0.0,36.0,62.0,5.0,3.0,0.0,67.0,Good
7799,77.0,178.0,3.0,87.0,19.0,0.0,0.0,95.0,42.0,6,6,19.0,2.0,16.0,0.0,3.0,3.0,35.0,58.0,4.0,2.0,2.0,54.0,Good
4358,67.0,68.0,3.0,21.0,8.0,0.0,0.0,100.0,-7.0,7,8,8.0,3.0,13.0,0.0,1.0,1.0,57.0,-8.0,3.0,1.0,0.0,67.0,Bad
3800,65.0,372.0,4.0,135.0,32.0,0.0,0.0,97.0,48.0,6,6,28.0,2.0,0.0,4.0,2.0,2.0,57.0,-8.0,11.0,-8.0,6.0,62.0,Good
2771,87.0,165.0,26.0,103.0,20.0,0.0,0.0,100.0,-7.0,7,8,17.0,0.0,60.0,-7.0,0.0,0.0,0.0,55.0,1.0,3.0,0.0,50.0,Good
3139,60.0,159.0,6.0,69.0,15.0,0.0,0.0,73.0,2.0,4,6,22.0,1.0,33.0,13.0,0.0,0.0,62.0,42.0,4.0,3.0,2.0,88.0,Bad
8031,82.0,118.0,2.0,48.0,15.0,0.0,0.0,100.0,-7.0,7,8,18.0,2.0,24.0,2.0,2.0,2.0,0.0,-8.0,0.0,1.0,0.0,33.0,Good
928,70.0,163.0,3.0,65.0,37.0,0.0,0.0,97.0,6.0,4,6,39.0,2.0,36.0,1.0,10.0,10.0,5.0,53.0,4.0,2.0,0.0,47.0,Bad
3006,72.0,236.0,9.0,90.0,55.0,0.0,0.0,100.0,-7.0,7,8,78.0,1.0,55.0,-8.0,0.0,0.0,41.0,83.0,7.0,8.0,3.0,79.0,Good
1672,74.0,145.0,3.0,50.0,15.0,0.0,0.0,100.0,-7.0,7,8,15.0,2.0,33.0,0.0,1.0,1.0,46.0,-8.0,4.0,1.0,1.0,86.0,Bad
5716,57.0,128.0,4.0,61.0,29.0,3.0,2.0,78.0,1.0,0,2,32.0,4.0,22.0,0.0,0.0,0.0,17.0,76.0,8.0,5.0,0.0,65.0,Good
6297,67.0,220.0,7.0,61.0,30.0,0.0,0.0,97.0,32.0,6,6,30.0,5.0,53.0,1.0,4.0,4.0,50.0,70.0,6.0,9.0,2.0,88.0,Good
1104,-9.0,-9.0,-9.0,-9.0,-9.0,-9.0,-9.0,-9.0,-9.0,-9,-9,-9.0,-9.0,-9.0,-9.0,-9.0,-9.0,-9.0,-9.0,-9.0,-9.0,-9.0,-9.0,Bad
2400,64.0,261.0,5.0,62.0,27.0,2.0,0.0,76.0,2.0,4,5,39.0,3.0,28.0,-7.0,1.0,1.0,8.0,-8.0,2.0,2.0,1.0,40.0,Bad
708,73.0,200.0,2.0,74.0,70.0,0.0,0.0,99.0,39.0,6,6,71.0,4.0,66.0,1.0,8.0,8.0,9.0,94.0,4.0,9.0,0.0,82.0,Good
2024,75.0,60.0,20.0,32.0,13.0,0.0,0.0,100.0,-7.0,7,8,13.0,0.0,31.0,0.0,4.0,3.0,40.0,75.0,1.0,2.0,1.0,50.0,Bad
5810,88.0,342.0,50.0,256.0,7.0,0.0,0.0,100.0,-7.0,7,8,7.0,0.0,0.0,0.0,0.0,0.0,12.0,-8.0,3.0,-8.0,0.0,60.0,Good
8504,64.0,-8.0,2.0,40.0,27.0,0.0,0.0,100.0,-7.0,7,8,30.0,6.0,7.0,-7.0,5.0,5.0,32.0,-8.0,7.0,1.0,3.0,47.0,Good
5185,74.0,247.0,8.0,94.0,13.0,5.0,2.0,72.0,53.0,6,4,18.0,2.0,22.0,-8.0,0.0,0.0,37.0,-8.0,6.0,1.0,0.0,70.0,Good
2684,54.0,324.0,3.0,79.0,22.0,6.0,5.0,70.0,3.0,0,2,37.0,2.0,37.0,-7.0,2.0,2.0,12.0,66.0,3.0,4.0,0.0,78.0,Bad
9864,87.0,213.0,5.0,90.0,15.0,0.0,0.0,100.0,-7.0,7,8,15.0,2.0,27.0,0.0,1.0,1.0,3.0,-8.0,4.0,1.0,0.0,56.0,Bad
6498,69.0,111.0,20.0,65.0,14.0,2.0,2.0,93.0,35.0,6,6,17.0,0.0,33.0,0.0,0.0,0.0,11.0,73.0,1.0,1.0,-8.0,67.0,Good
7905,62.0,178.0,5.0,67.0,28.0,0.0,0.0,80.0,5.0,4,6,30.0,3.0,30.0,1.0,2.0,2.0,21.0,79.0,2.0,4.0,1.0,46.0,Bad
2354,66.0,-8.0,2.0,65.0,13.0,1.0,1.0,94.0,33.0,6,2,0.0,2.0,69.0,-7.0,2.0,2.0,55.0,95.0,3.0,3.0,0.0,100.0,Bad
6430,65.0,178.0,11.0,61.0,19.0,0.0,0.0,100.0,-7.0,7,8,19.0,1.0,58.0,0.0,1.0,1.0,93.0,73.0,6.0,4.0,4.0,91.0,Bad
2447,62.0,134.0,2.0,9.0,7.0,0.0,0.0,100.0,-7.0,7,8,15.0,6.0,13.0,-7.0,2.0,2.0,44.0,-8.0,3.0,1.0,0.0,57.0,Bad
8831,62.0,354.0,1.0,45.0,23.0,0.0,0.0,100.0,-7.0,7,8,29.0,9.0,21.0,1.0,5.0,5.0,48.0,94.0,10.0,3.0,2.0,65.0,Bad
6581,75.0,146.0,2.0,58.0,18.0,0.0,0.0,100.0,-7.0,7,8,20.0,3.0,55.0,0.0,6.0,6.0,47.0,98.0,2.0,4.0,1.0,75.0,Bad
7646,58.0,195.0,2.0,57.0,26.0,0.0,0.0,100.0,-7.0,7,8,27.0,4.0,33.0,-7.0,4.0,4.0,72.0,100.0,9.0,2.0,3.0,92.0,Bad
515,77.0,191.0,8.0,97.0,11.0,0.0,0.0,86.0,45.0,6,6,14.0,1.0,50.0,-7.0,0.0,0.0,43.0,-8.0,2.0,1.0,0.0,100.0,Good
8945,62.0,195.0,8.0,56.0,26.0,2.0,0.0,86.0,26.0,5,5,29.0,1.0,45.0,0.0,3.0,2.0,87.0,59.0,10.0,8.0,2.0,100.0,Bad
8893,73.0,278.0,1.0,87.0,21.0,2.0,2.0,96.0,61.0,6,6,25.0,5.0,36.0,0.0,2.0,2.0,23.0,85.0,3.0,3.0,1.0,55.0,Bad
3722,88.0,242.0,21.0,97.0,31.0,0.0,0.0,100.0,-7.0,7,8,38.0,0.0,23.0,3.0,1.0,1.0,1.0,39.0,4.0,3.0,0.0,33.0,Good
1676,68.0,164.0,29.0,75.0,9.0,2.0,2.0,89.0,-7.0,5,7,11.0,0.0,22.0,0.0,1.0,1.0,49.0,-8.0,2.0,-8.0,1.0,50.0,Good
612,88.0,228.0,16.0,70.0,22.0,0.0,0.0,100.0,-7.0,7,8,22.0,0.0,41.0,-7.0,0.0,0.0,0.0,-8.0,1.0,2.0,0.0,38.0,Good
4324,63.0,161.0,5.0,45.0,37.0,0.0,0.0,100.0,-7.0,7,8,39.0,6.0,18.0,0.0,1.0,1.0,41.0,84.0,20.0,2.0,2.0,96.0,Bad
8371,69.0,133.0,13.0,58.0,34.0,0.0,0.0,100.0,-7.0,7,8,36.0,0.0,22.0,0.0,4.0,4.0,36.0,77.0,5.0,4.0,2.0,45.0,Bad
9462,41.0,169.0,4.0,85.0,33.0,4.0,0.0,74.0,0.0,3,5,39.0,3.0,31.0,0.0,1.0,1.0,70.0,32.0,10.0,4.0,7.0,88.0,Bad
4525,60.0,21.0,9.0,13.0,3.0,1.0,1.0,100.0,-7.0,6,8,3.0,2.0,33.0,-7.0,0.0,0.0,94.0,-8.0,2.0,1.0,2.0,100.0,Bad
8892,73.0,339.0,7.0,142.0,34.0,0.0,0.0,83.0,11.0,4,6,36.0,3.0,36.0,0.0,6.0,4.0,7.0,-8.0,3.0,5.0,0.0,47.0,Bad
464,67.0,144.0,9.0,60.0,18.0,0.0,0.0,95.0,6.0,4,6,20.0,3.0,25.0,0.0,3.0,1.0,70.0,91.0,3.0,2.0,2.0,83.0,Bad
8611,60.0,63.0,7.0,31.0,15.0,0.0,0.0,100.0,-7.0,7,8,16.0,3.0,56.0,6.0,0.0,0.0,64.0,93.0,3.0,4.0,3.0,64.0,Good
5387,-9.0,-9.0,-9.0,-9.0,-9.0,-9.0,-9.0,-9.0,-9.0,-9,-9,-9.0,-9.0,-9.0,-9.0,-9.0,-9.0,-9.0,-9.0,-9.0,-9.0,-9.0,-9.0,Bad
8974,84.0,137.0,3.0,87.0,22.0,0.0,0.0,95.0,-8.0,6,6,22.0,1.0,41.0,0.0,0.0,0.0,8.0,-8.0,2.0,1.0,0.0,43.0,Good
6778,80.0,177.0,1.0,64.0,33.0,0.0,0.0,100.0,-7.0,5,7,35.0,5.0,34.0,1.0,4.0,3.0,19.0,44.0,3.0,3.0,1.0,75.0,Bad
10210,66.0,113.0,2.0,65.0,21.0,1.0,0.0,96.0,31.0,6,5,23.0,2.0,35.0,6.0,0.0,0.0,66.0,96.0,6.0,5.0,3.0,86.0,Bad
6649,63.0,203.0,4.0,78.0,40.0,0.0,0.0,98.0,63.0,6,6,42.0,4.0,55.0,-7.0,5.0,5.0,80.0,88.0,3.0,4.0,2.0,70.0,Bad
475,72.0,290.0,0.0,59.0,21.0,2.0,2.0,92.0,26.0,6,6,26.0,5.0,35.0,0.0,10.0,9.0,2.0,82.0,4.0,6.0,0.0,58.0,Bad
4057,72.0,173.0,4.0,75.0,26.0,0.0,0.0,96.0,19.0,6,6,26.0,1.0,30.0,19.0,0.0,0.0,42.0,-8.0,3.0,-8.0,1.0,38.0,Bad
1499,64.0,165.0,15.0,83.0,9.0,1.0,1.0,100.0,-7.0,5,8,10.0,0.0,44.0,0.0,0.0,0.0,92.0,-8.0,3.0,1.0,1.0,100.0,Bad
2261,56.0,203.0,8.0,80.0,22.0,0.0,0.0,95.0,3.0,4,6,19.0,2.0,14.0,-7.0,0.0,0.0,77.0,11.0,7.0,2.0,4.0,77.0,Bad
649,68.0,177.0,2.0,70.0,32.0,0.0,0.0,97.0,16.0,6,6,46.0,2.0,60.0,1.0,2.0,2.0,85.0,-8.0,5.0,12.0,5.0,100.0,Good
3971,71.0,161.0,3.0,42.0,27.0,0.0,0.0,100.0,-7.0,7,8,39.0,1.0,22.0,17.0,0.0,0.0,59.0,-8.0,4.0,3.0,3.0,62.0,Bad
2718,67.0,-8.0,2.0,17.0,11.0,0.0,0.0,100.0,-7.0,7,8,0.0,6.0,8.0,-7.0,2.0,2.0,65.0,-8.0,6.0,1.0,1.0,70.0,Bad
6236,80.0,443.0,7.0,129.0,25.0,2.0,0.0,93.0,46.0,6,5,27.0,1.0,41.0,1.0,3.0,3.0,11.0,22.0,4.0,3.0,0.0,75.0,Good
2146,69.0,59.0,10.0,43.0,10.0,2.0,2.0,75.0,32.0,6,3,12.0,1.0,50.0,0.0,0.0,0.0,18.0,81.0,1.0,2.0,0.0,75.0,Bad
4373,63.0,374.0,23.0,230.0,10.0,1.0,1.0,73.0,4.0,4,4,11.0,0.0,9.0,0.0,0.0,0.0,72.0,-8.0,5.0,-8.0,1.0,50.0,Good
10141,73.0,122.0,2.0,53.0,11.0,0.0,0.0,100.0,-7.0,7,8,12.0,3.0,58.0,4.0,2.0,2.0,90.0,96.0,4.0,2.0,1.0,86.0,Bad
6192,-9.0,-9.0,-9.0,-9.0,-9.0,-9.0,-9.0,-9.0,-9.0,-9,-9,-9.0,-9.0,-9.0,-9.0,-9.0,-9.0,-9.0,-9.0,-9.0,-9.0,-9.0,-9.0,Good
1106,-9.0,-9.0,-9.0,-9.0,-9.0,-9.0,-9.0,-9.0,-9.0,-9,-9,-9.0,-9.0,-9.0,-9.0,-9.0,-9.0,-9.0,-9.0,-9.0,-9.0,-9.0,-9.0,Bad
857,74.0,89.0,5.0,44.0,24.0,0.0,0.0,100.0,-7.0,7,8,24.0,2.0,33.0,7.0,0.0,0.0,26.0,84.0,5.0,3.0,1.0,62.0,Good
723,86.0,143.0,6.0,60.0,15.0,0.0,0.0,100.0,-7.0,7,8,16.0,1.0,7.0,4.0,1.0,1.0,0.0,-8.0,0.0,-8.0,0.0,0.0,Bad
4364,65.0,161.0,2.0,58.0,14.0,1.0,0.0,88.0,30.0,6,2,17.0,5.0,41.0,0.0,3.0,3.0,57.0,26.0,4.0,3.0,1.0,70.0,Bad
9543,63.0,239.0,8.0,87.0,17.0,3.0,2.0,94.0,36.0,5,5,18.0,3.0,39.0,-7.0,0.0,0.0,61.0,87.0,3.0,3.0,1.0,75.0,Bad
3656,88.0,168.0,11.0,72.0,23.0,0.0,0.0,100.0,-7.0,7,8,28.0,1.0,13.0,-8.0,0.0,0.0,2.0,-8.0,1.0,1.0,0.0,22.0,Good
700,64.0,281.0,13.0,91.0,54.0,3.0,3.0,93.0,7.0,4,3,60.0,0.0,32.0,4.0,2.0,2.0,35.0,72.0,4.0,3.0,2.0,41.0,Good
7379,85.0,169.0,7.0,62.0,12.0,0.0,0.0,100.0,-7.0,7,8,12.0,2.0,33.0,0.0,0.0,0.0,8.0,-8.0,3.0,2.0,0.0,71.0,Good
3999,83.0,394.0,22.0,142.0,34.0,0.0,0.0,100.0,-7.0,7,8,25.0,0.0,15.0,-8.0,0.0,0.0,0.0,51.0,1.0,2.0,1.0,43.0,Good
4249,54.0,172.0,4.0,58.0,21.0,0.0,0.0,95.0,4.0,4,6,21.0,3.0,19.0,0.0,0.0,0.0,76.0,47.0,9.0,2.0,4.0,65.0,Bad
1930,75.0,233.0,4.0,96.0,12.0,0.0,0.0,92.0,2.0,4,6,12.0,5.0,17.0,0.0,8.0,8.0,6.0,-8.0,2.0,2.0,0.0,50.0,Bad
57,76.0,150.0,11.0,54.0,14.0,0.0,0.0,100.0,-7.0,7,8,15.0,1.0,40.0,0.0,0.0,0.0,32.0,96.0,4.0,2.0,0.0,75.0,Bad
4920,81.0,333.0,9.0,108.0,26.0,0.0,0.0,100.0,-7.0,7,8,26.0,2.0,12.0,1.0,3.0,3.0,1.0,40.0,7.0,2.0,0.0,59.0,Good
10407,90.0,528.0,1.0,210.0,10.0,0.0,0.0,100.0,-7.0,7,8,11.0,1.0,18.0,2.0,1.0,1.0,2.0,-8.0,2.0,1.0,0.0,75.0,Good
6131,59.0,307.0,86.0,223.0,6.0,2.0,2.0,63.0,16.0,6,6,8.0,0.0,25.0,-8.0,0.0,0.0,52.0,-8.0,3.0,1.0,1.0,80.0,Good
5068,71.0,218.0,3.0,94.0,10.0,2.0,2.0,100.0,-7.0,6,8,10.0,1.0,10.0,0.0,0.0,0.0,57.0,-8.0,4.0,1.0,2.0,83.0,Good
2321,76.0,94.0,2.0,49.0,25.0,0.0,0.0,100.0,-7.0,7,8,30.0,5.0,33.0,-7.0,4.0,4.0,20.0,81.0,2.0,4.0,0.0,40.0,Bad
6808,59.0,183.0,2.0,72.0,34.0,0.0,0.0,94.0,4.0,4,6,35.0,3.0,37.0,3.0,1.0,1.0,43.0,87.0,8.0,2.0,3.0,63.0,Bad
570,56.0,34.0,15.0,27.0,2.0,2.0,2.0,67.0,38.0,6,2,3.0,0.0,100.0,-7.0,0.0,0.0,-8.0,47.0,-8.0,2.0,-8.0,100.0,Bad
5031,81.0,183.0,11.0,69.0,23.0,0.0,0.0,96.0,15.0,6,6,23.0,2.0,17.0,10.0,0.0,0.0,1.0,-8.0,3.0,2.0,0.0,33.0,Good
10156,72.0,186.0,4.0,83.0,22.0,1.0,1.0,80.0,12.0,6,3,26.0,1.0,16.0,4.0,1.0,1.0,68.0,27.0,4.0,2.0,2.0,50.0,Good
2524,69.0,234.0,22.0,79.0,19.0,0.0,0.0,100.0,-7.0,7,8,46.0,0.0,37.0,-7.0,0.0,0.0,73.0,8.0,8.0,2.0,4.0,83.0,Bad
3331,65.0,258.0,3.0,98.0,21.0,7.0,2.0,70.0,11.0,4,4,55.0,4.0,33.0,7.0,0.0,0.0,2.0,75.0,2.0,4.0,0.0,46.0,Good
8804,66.0,221.0,2.0,57.0,33.0,0.0,0.0,100.0,-7.0,7,8,37.0,7.0,44.0,1.0,4.0,4.0,33.0,86.0,10.0,3.0,0.0,70.0,Good
4033,77.0,413.0,8.0,140.0,29.0,0.0,0.0,100.0,-7.0,7,8,27.0,2.0,28.0,3.0,1.0,1.0,30.0,42.0,2.0,3.0,1.0,38.0,Good
6203,66.0,344.0,4.0,102.0,16.0,1.0,1.0,79.0,45.0,6,3,19.0,3.0,26.0,4.0,1.0,1.0,54.0,45.0,4.0,2.0,1.0,70.0,Bad
2381,80.0,267.0,15.0,69.0,9.0,1.0,0.0,80.0,30.0,6,5,14.0,0.0,30.0,-7.0,1.0,1.0,11.0,86.0,1.0,2.0,0.0,60.0,Bad
3998,59.0,302.0,10.0,137.0,24.0,2.0,1.0,88.0,2.0,4,5,39.0,1.0,32.0,1.0,2.0,2.0,50.0,75.0,3.0,4.0,0.0,70.0,Bad
423,67.0,69.0,3.0,43.0,6.0,3.0,1.0,50.0,10.0,4,4,10.0,1.0,60.0,0.0,5.0,3.0,27.0,101.0,1.0,2.0,0.0,60.0,Bad
3289,74.0,352.0,4.0,184.0,25.0,0.0,0.0,100.0,-7.0,7,8,53.0,1.0,16.0,1.0,3.0,3.0,25.0,57.0,9.0,1.0,2.0,56.0,Good
8310,72.0,254.0,24.0,87.0,20.0,1.0,1.0,100.0,-7.0,6,8,21.0,0.0,38.0,5.0,0.0,0.0,42.0,9.0,4.0,2.0,2.0,67.0,Good
1478,56.0,82.0,8.0,39.0,6.0,1.0,1.0,86.0,47.0,0,6,8.0,2.0,71.0,0.0,1.0,1.0,118.0,72.0,1.0,2.0,-8.0,100.0,Bad
1222,-9.0,-9.0,-9.0,-9.0,-9.0,-9.0,-9.0,-9.0,-9.0,-9,-9,-9.0,-9.0,-9.0,-9.0,-9.0,-9.0,-9.0,-9.0,-9.0,-9.0,-9.0,-9.0,Bad
4327,69.0,142.0,2.0,42.0,15.0,2.0,2.0,83.0,35.0,6,2,18.0,3.0,39.0,0.0,0.0,0.0,19.0,43.0,4.0,3.0,0.0,64.0,Good
3830,83.0,199.0,9.0,98.0,53.0,0.0,0.0,100.0,-7.0,7,8,77.0,2.0,20.0,0.0,2.0,2.0,14.0,-8.0,4.0,1.0,0.0,29.0,Bad
6951,80.0,161.0,17.0,82.0,9.0,0.0,0.0,100.0,-7.0,6,7,10.0,0.0,70.0,6.0,0.0,0.0,-8.0,-8.0,0.0,1.0,-8.0,50.0,Good
9965,79.0,325.0,13.0,99.0,23.0,1.0,0.0,96.0,75.0,6,5,24.0,0.0,29.0,0.0,1.0,1.0,50.0,30.0,4.0,3.0,1.0,70.0,Good
5766,61.0,186.0,2.0,64.0,24.0,1.0,0.0,79.0,19.0,6,5,29.0,5.0,45.0,0.0,1.0,1.0,49.0,90.0,4.0,1.0,1.0,83.0,Bad
6465,52.0,169.0,4.0,87.0,32.0,0.0,0.0,84.0,5.0,4,6,37.0,4.0,32.0,0.0,3.0,3.0,92.0,-8.0,7.0,2.0,3.0,83.0,Bad
6389,82.0,168.0,16.0,94.0,10.0,0.0,0.0,100.0,-7.0,7,8,11.0,0.0,45.0,0.0,0.0,0.0,-8.0,-8.0,1.0,1.0,-8.0,100.0,Good
8515,65.0,141.0,7.0,60.0,36.0,0.0,0.0,100.0,-7.0,7,8,36.0,3.0,31.0,-7.0,2.0,2.0,55.0,52.0,10.0,5.0,4.0,68.0,Bad
7697,56.0,89.0,6.0,38.0,26.0,1.0,0.0,93.0,4.0,3,5,27.0,2.0,26.0,11.0,0.0,0.0,49.0,60.0,9.0,4.0,1.0,94.0,Bad
2161,71.0,311.0,10.0,114.0,40.0,0.0,0.0,100.0,-7.0,7,8,40.0,1.0,23.0,0.0,2.0,2.0,28.0,75.0,12.0,4.0,4.0,59.0,Bad
10133,59.0,240.0,8.0,78.0,19.0,0.0,0.0,85.0,7.0,4,6,20.0,1.0,45.0,7.0,0.0,0.0,53.0,67.0,5.0,3.0,3.0,89.0,Bad
2457,78.0,245.0,29.0,144.0,25.0,1.0,1.0,85.0,9.0,4,2,15.0,0.0,33.0,-7.0,0.0,0.0,1.0,-8.0,1.0,1.0,0.0,33.0,Bad
2871,88.0,-8.0,1.0,112.0,23.0,0.0,0.0,100.0,-7.0,7,8,0.0,2.0,33.0,3.0,1.0,1.0,1.0,87.0,1.0,2.0,0.0,30.0,Good
9850,83.0,97.0,10.0,45.0,15.0,0.0,0.0,100.0,-7.0,7,8,15.0,2.0,40.0,0.0,0.0,0.0,5.0,69.0,2.0,3.0,0.0,42.0,Good
3931,85.0,267.0,4.0,125.0,25.0,0.0,0.0,100.0,-7.0,7,8,18.0,6.0,48.0,4.0,1.0,1.0,15.0,90.0,3.0,5.0,0.0,80.0,Good
7171,84.0,170.0,25.0,87.0,10.0,0.0,0.0,100.0,-7.0,7,8,10.0,0.0,50.0,0.0,2.0,2.0,10.0,-8.0,2.0,-8.0,0.0,67.0,Good
8494,72.0,-8.0,4.0,76.0,31.0,0.0,0.0,100.0,-7.0,7,8,33.0,3.0,27.0,-7.0,1.0,1.0,22.0,41.0,5.0,3.0,1.0,53.0,Bad
4350,65.0,287.0,2.0,82.0,22.0,0.0,0.0,100.0,-7.0,7,8,23.0,3.0,35.0,0.0,1.0,1.0,98.0,96.0,10.0,3.0,4.0,100.0,Bad
8536,71.0,-8.0,2.0,71.0,20.0,0.0,0.0,92.0,16.0,6,6,26.0,5.0,42.0,2.0,2.0,2.0,37.0,-8.0,4.0,1.0,0.0,63.0,Good
6737,84.0,264.0,29.0,117.0,9.0,0.0,0.0,100.0,-7.0,7,8,9.0,0.0,11.0,-7.0,0.0,0.0,11.0,-8.0,4.0,-8.0,1.0,80.0,Good
4907,70.0,433.0,17.0,139.0,35.0,0.0,0.0,97.0,79.0,6,6,35.0,0.0,26.0,-8.0,0.0,0.0,53.0,66.0,10.0,2.0,4.0,60.0,Good
2655,80.0,207.0,6.0,57.0,21.0,0.0,0.0,95.0,66.0,6,6,9.0,1.0,71.0,-7.0,0.0,0.0,1.0,98.0,2.0,6.0,0.0,82.0,Good
4461,56.0,420.0,10.0,151.0,17.0,2.0,0.0,65.0,1.0,4,5,20.0,1.0,40.0,-7.0,0.0,0.0,61.0,73.0,4.0,4.0,3.0,57.0,Bad
3016,76.0,242.0,12.0,89.0,42.0,0.0,0.0,100.0,-7.0,7,8,32.0,0.0,19.0,1.0,1.0,1.0,61.0,39.0,4.0,3.0,1.0,58.0,Bad
4619,74.0,99.0,2.0,47.0,15.0,0.0,0.0,81.0,17.0,6,6,16.0,2.0,50.0,-7.0,0.0,0.0,0.0,75.0,0.0,2.0,0.0,33.0,Good
8581,64.0,46.0,3.0,31.0,4.0,5.0,5.0,100.0,-7.0,0,8,5.0,1.0,20.0,2.0,1.0,1.0,2.0,-8.0,1.0,1.0,0.0,67.0,Good
3527,86.0,-8.0,4.0,113.0,23.0,0.0,0.0,100.0,-7.0,7,8,0.0,2.0,35.0,1.0,3.0,3.0,29.0,85.0,4.0,3.0,0.0,88.0,Good
7192,75.0,191.0,18.0,106.0,13.0,1.0,0.0,80.0,26.0,6,5,15.0,0.0,27.0,0.0,0.0,0.0,41.0,59.0,2.0,2.0,1.0,50.0,Bad
2441,64.0,178.0,2.0,103.0,9.0,1.0,0.0,91.0,2.0,3,5,20.0,1.0,45.0,-7.0,1.0,1.0,76.0,100.0,3.0,2.0,-8.0,83.0,Bad
9454,59.0,145.0,2.0,52.0,12.0,2.0,2.0,79.0,15.0,6,2,14.0,3.0,36.0,0.0,5.0,5.0,42.0,88.0,5.0,3.0,1.0,82.0,Bad
3089,85.0,351.0,3.0,100.0,23.0,0.0,0.0,100.0,-7.0,7,8,46.0,3.0,13.0,-8.0,0.0,0.0,3.0,-8.0,4.0,-8.0,1.0,50.0,Good
5860,58.0,94.0,7.0,45.0,7.0,2.0,2.0,88.0,-8.0,6,4,9.0,1.0,63.0,0.0,1.0,1.0,81.0,-8.0,2.0,1.0,0.0,75.0,Bad
7701,66.0,84.0,25.0,54.0,2.0,2.0,0.0,25.0,21.0,6,5,4.0,0.0,25.0,0.0,3.0,3.0,97.0,-8.0,1.0,1.0,1.0,100.0,Bad
1003,88.0,363.0,6.0,106.0,22.0,0.0,0.0,100.0,-7.0,7,8,23.0,1.0,36.0,5.0,2.0,2.0,1.0,68.0,5.0,3.0,0.0,62.0,Bad
4417,77.0,120.0,5.0,53.0,25.0,0.0,0.0,100.0,-7.0,7,8,26.0,4.0,23.0,0.0,1.0,1.0,19.0,79.0,6.0,2.0,0.0,67.0,Bad
551,67.0,194.0,2.0,75.0,24.0,0.0,0.0,100.0,-7.0,7,8,27.0,1.0,41.0,-7.0,1.0,1.0,87.0,100.0,9.0,2.0,6.0,85.0,Bad
7596,88.0,197.0,0.0,87.0,28.0,0.0,0.0,100.0,-7.0,7,8,30.0,3.0,23.0,-7.0,4.0,4.0,0.0,-8.0,3.0,1.0,0.0,36.0,Good
1609,89.0,243.0,17.0,94.0,15.0,0.0,0.0,100.0,-7.0,7,8,15.0,0.0,27.0,0.0,1.0,1.0,8.0,94.0,1.0,1.0,0.0,25.0,Bad
807,73.0,374.0,8.0,85.0,27.0,0.0,0.0,96.0,16.0,6,6,27.0,1.0,26.0,0.0,1.0,1.0,38.0,11.0,4.0,3.0,2.0,70.0,Bad
6964,69.0,33.0,2.0,15.0,13.0,0.0,0.0,100.0,-7.0,7,8,14.0,8.0,21.0,1.0,5.0,5.0,24.0,76.0,5.0,3.0,0.0,67.0,Good
1441,-9.0,-9.0,-9.0,-9.0,-9.0,-9.0,-9.0,-9.0,-9.0,-9,-9,-9.0,-9.0,-9.0,-9.0,-9.0,-9.0,-9.0,-9.0,-9.0,-9.0,-9.0,-9.0,Bad
5500,68.0,196.0,9.0,79.0,26.0,0.0,0.0,93.0,2.0,4,6,29.0,1.0,41.0,8.0,0.0,0.0,30.0,50.0,4.0,4.0,1.0,80.0,Good
240,65.0,145.0,7.0,70.0,40.0,0.0,0.0,100.0,-7.0,7,8,43.0,4.0,30.0,1.0,9.0,8.0,83.0,77.0,10.0,5.0,6.0,79.0,Bad
9371,79.0,267.0,11.0,112.0,19.0,0.0,0.0,100.0,-7.0,7,8,19.0,1.0,32.0,2.0,1.0,1.0,41.0,-8.0,3.0,-8.0,1.0,60.0,Good
5331,-9.0,-9.0,-9.0,-9.0,-9.0,-9.0,-9.0,-9.0,-9.0,-9,-9,-9.0,-9.0,-9.0,-9.0,-9.0,-9.0,-9.0,-9.0,-9.0,-9.0,-9.0,-9.0,Good
2658,70.0,183.0,2.0,79.0,44.0,0.0,0.0,100.0,-7.0,7,8,36.0,6.0,29.0,-7.0,5.0,4.0,84.0,78.0,14.0,4.0,10.0,79.0,Bad
7942,61.0,173.0,2.0,96.0,16.0,2.0,0.0,79.0,3.0,4,5,19.0,2.0,21.0,0.0,0.0,0.0,31.0,47.0,6.0,2.0,1.0,80.0,Good
2016,63.0,274.0,2.0,94.0,49.0,0.0,0.0,94.0,21.0,6,6,52.0,2.0,10.0,0.0,1.0,1.0,43.0,77.0,19.0,3.0,5.0,64.0,Bad
6478,60.0,63.0,4.0,21.0,16.0,0.0,0.0,88.0,39.0,5,6,16.0,5.0,38.0,0.0,5.0,5.0,74.0,94.0,6.0,4.0,1.0,92.0,Bad
1373,-9.0,-9.0,-9.0,-9.0,-9.0,-9.0,-9.0,-9.0,-9.0,-9,-9,-9.0,-9.0,-9.0,-9.0,-9.0,-9.0,-9.0,-9.0,-9.0,-9.0,-9.0,-9.0,Good
9960,59.0,68.0,68.0,68.0,1.0,1.0,1.0,100.0,-7.0,0,8,1.0,0.0,100.0,0.0,0.0,0.0,-8.0,-8.0,-8.0,1.0,-8.0,100.0,Bad
253,81.0,306.0,5.0,74.0,16.0,0.0,0.0,100.0,-7.0,7,8,18.0,1.0,11.0,0.0,0.0,0.0,25.0,101.0,7.0,1.0,1.0,80.0,Good
1785,59.0,21.0,1.0,8.0,4.0,1.0,1.0,100.0,-7.0,0,8,7.0,5.0,33.0,0.0,0.0,0.0,11.0,93.0,2.0,2.0,0.0,80.0,Good
6643,-9.0,-9.0,-9.0,-9.0,-9.0,-9.0,-9.0,-9.0,-9.0,-9,-9,-9.0,-9.0,-9.0,-9.0,-9.0,-9.0,-9.0,-9.0,-9.0,-9.0,-9.0,-9.0,Good
2292,56.0,412.0,4.0,97.0,29.0,3.0,2.0,78.0,2.0,0,2,30.0,2.0,59.0,-7.0,2.0,2.0,6.0,75.0,1.0,5.0,-8.0,60.0,Bad
3715,88.0,413.0,9.0,78.0,48.0,0.0,0.0,100.0,-7.0,7,8,76.0,2.0,29.0,2.0,1.0,1.0,1.0,100.0,1.0,1.0,0.0,13.0,Good
724,64.0,231.0,2.0,62.0,28.0,1.0,1.0,97.0,22.0,6,2,30.0,2.0,23.0,1.0,2.0,2.0,63.0,55.0,9.0,1.0,4.0,56.0,Good
8482,69.0,-8.0,178.0,234.0,7.0,0.0,0.0,86.0,37.0,6,6,7.0,0.0,0.0,-7.0,0.0,0.0,98.0,-8.0,4.0,-8.0,3.0,100.0,Good
9461,68.0,104.0,3.0,41.0,16.0,0.0,0.0,100.0,-7.0,7,8,17.0,4.0,63.0,0.0,0.0,0.0,49.0,52.0,4.0,3.0,2.0,88.0,Bad
151,73.0,190.0,8.0,113.0,27.0,0.0,0.0,100.0,-7.0,7,8,30.0,1.0,23.0,7.0,0.0,0.0,40.0,78.0,9.0,3.0,1.0,68.0,Bad
1357,-9.0,-9.0,-9.0,-9.0,-9.0,-9.0,-9.0,-9.0,-9.0,-9,-9,-9.0,-9.0,-9.0,-9.0,-9.0,-9.0,-9.0,-9.0,-9.0,-9.0,-9.0,-9.0,Good
4354,71.0,261.0,20.0,96.0,17.0,0.0,0.0,100.0,-7.0,7,8,17.0,0.0,18.0,0.0,2.0,2.0,78.0,88.0,6.0,2.0,5.0,73.0,Bad
758,79.0,444.0,1.0,126.0,19.0,1.0,1.0,95.0,44.0,6,2,22.0,2.0,45.0,2.0,1.0,1.0,4.0,75.0,3.0,2.0,0.0,63.0,Good
6599,60.0,160.0,8.0,62.0,26.0,0.0,0.0,96.0,3.0,4,6,28.0,2.0,75.0,-7.0,0.0,0.0,57.0,60.0,5.0,6.0,3.0,100.0,Bad
508,78.0,191.0,51.0,120.0,8.0,1.0,0.0,50.0,10.0,4,5,12.0,0.0,25.0,-7.0,1.0,1.0,0.0,-8.0,1.0,1.0,0.0,50.0,Bad
9071,65.0,204.0,3.0,115.0,24.0,2.0,2.0,100.0,-7.0,6,8,26.0,2.0,84.0,-7.0,0.0,0.0,97.0,90.0,3.0,4.0,1.0,100.0,Good
524,56.0,120.0,5.0,54.0,31.0,1.0,1.0,97.0,7.0,4,6,36.0,2.0,54.0,-7.0,1.0,1.0,65.0,67.0,7.0,4.0,2.0,69.0,Bad
6319,69.0,122.0,6.0,52.0,13.0,3.0,3.0,92.0,74.0,6,6,16.0,2.0,92.0,0.0,1.0,1.0,52.0,97.0,1.0,4.0,0.0,100.0,Bad
3197,77.0,298.0,10.0,121.0,23.0,0.0,0.0,100.0,-7.0,7,8,24.0,2.0,25.0,1.0,3.0,3.0,48.0,87.0,5.0,1.0,1.0,67.0,Good
3242,84.0,283.0,11.0,107.0,40.0,0.0,0.0,100.0,-7.0,7,8,20.0,1.0,13.0,10.0,0.0,0.0,10.0,-8.0,5.0,1.0,0.0,32.0,Good
8769,-9.0,-9.0,-9.0,-9.0,-9.0,-9.0,-9.0,-9.0,-9.0,-9,-9,-9.0,-9.0,-9.0,-9.0,-9.0,-9.0,-9.0,-9.0,-9.0,-9.0,-9.0,-9.0,Bad
7908,80.0,188.0,11.0,71.0,36.0,0.0,0.0,100.0,-7.0,7,8,36.0,2.0,39.0,0.0,7.0,7.0,15.0,-8.0,1.0,1.0,0.0,25.0,Good
1657,82.0,368.0,6.0,106.0,23.0,0.0,0.0,100.0,-7.0,7,8,23.0,2.0,22.0,0.0,1.0,1.0,8.0,-8.0,3.0,1.0,1.0,36.0,Good
6833,69.0,99.0,8.0,40.0,16.0,0.0,0.0,94.0,8.0,4,6,17.0,3.0,19.0,9.0,0.0,0.0,22.0,-8.0,5.0,-8.0,1.0,100.0,Good
6885,69.0,99.0,6.0,33.0,23.0,0.0,0.0,100.0,-7.0,7,8,32.0,3.0,21.0,0.0,7.0,7.0,33.0,95.0,3.0,3.0,1.0,43.0,Bad
6454,64.0,139.0,3.0,40.0,23.0,0.0,0.0,100.0,-7.0,7,8,23.0,4.0,43.0,0.0,0.0,0.0,73.0,73.0,5.0,5.0,1.0,91.0,Bad
2311,86.0,271.0,10.0,113.0,26.0,0.0,0.0,100.0,-7.0,7,8,32.0,2.0,27.0,-7.0,1.0,0.0,13.0,50.0,2.0,3.0,0.0,33.0,Good
5000,83.0,81.0,10.0,43.0,14.0,0.0,0.0,100.0,-7.0,7,8,14.0,1.0,43.0,19.0,0.0,0.0,17.0,87.0,6.0,2.0,0.0,100.0,Good
3968,79.0,141.0,16.0,111.0,21.0,0.0,0.0,100.0,-7.0,7,8,14.0,0.0,33.0,0.0,2.0,2.0,14.0,79.0,4.0,2.0,1.0,78.0,Good
6878,83.0,177.0,6.0,77.0,40.0,1.0,0.0,98.0,49.0,6,5,41.0,3.0,54.0,0.0,1.0,1.0,19.0,70.0,3.0,5.0,0.0,62.0,Good
10415,82.0,162.0,6.0,58.0,20.0,0.0,0.0,100.0,-7.0,7,8,22.0,1.0,55.0,7.0,0.0,0.0,22.0,82.0,3.0,3.0,0.0,67.0,Good
3950,72.0,189.0,11.0,91.0,45.0,1.0,1.0,98.0,8.0,4,6,54.0,1.0,58.0,2.0,3.0,3.0,0.0,36.0,1.0,3.0,0.0,33.0,Good
5442,71.0,-8.0,5.0,79.0,14.0,0.0,0.0,87.0,7.0,4,6,15.0,1.0,67.0,15.0,0.0,0.0,58.0,71.0,3.0,3.0,1.0,86.0,Good
10380,79.0,380.0,1.0,156.0,13.0,0.0,0.0,100.0,-7.0,7,8,16.0,2.0,19.0,0.0,5.0,4.0,24.0,-8.0,4.0,1.0,1.0,71.0,Bad
3764,89.0,277.0,4.0,87.0,25.0,0.0,0.0,100.0,-7.0,7,8,27.0,3.0,30.0,4.0,1.0,1.0,2.0,9.0,1.0,2.0,0.0,30.0,Good
7936,73.0,208.0,22.0,81.0,28.0,0.0,0.0,90.0,20.0,6,6,29.0,0.0,28.0,1.0,1.0,1.0,19.0,76.0,3.0,2.0,0.0,38.0,Good
7814,55.0,102.0,5.0,53.0,43.0,0.0,0.0,96.0,17.0,6,6,56.0,5.0,36.0,1.0,6.0,6.0,61.0,90.0,12.0,5.0,3.0,74.0,Bad
9075,74.0,197.0,2.0,81.0,21.0,1.0,1.0,96.0,67.0,6,6,24.0,2.0,46.0,-7.0,2.0,2.0,11.0,-8.0,4.0,3.0,1.0,80.0,Bad
4331,58.0,126.0,8.0,58.0,3.0,2.0,2.0,75.0,70.0,6,2,5.0,2.0,50.0,0.0,1.0,1.0,-8.0,50.0,-8.0,2.0,-8.0,100.0,Bad
5244,66.0,143.0,2.0,38.0,8.0,3.0,2.0,90.0,67.0,6,2,12.0,3.0,30.0,0.0,0.0,0.0,25.0,-8.0,3.0,1.0,0.0,67.0,Bad
5481,-9.0,-9.0,-9.0,-9.0,-9.0,-9.0,-9.0,-9.0,-9.0,-9,-9,-9.0,-9.0,-9.0,-9.0,-9.0,-9.0,-9.0,-9.0,-9.0,-9.0,-9.0,-9.0,Bad
2069,68.0,18.0,18.0,18.0,2.0,0.0,0.0,100.0,-7.0,7,8,2.0,0.0,100.0,0.0,0.0,0.0,-8.0,-8.0,-8.0,1.0,-8.0,100.0,Bad
5513,78.0,281.0,1.0,75.0,33.0,0.0,0.0,100.0,-7.0,7,8,36.0,5.0,33.0,2.0,5.0,5.0,24.0,95.0,4.0,3.0,1.0,64.0,Good
2835,62.0,69.0,5.0,24.0,8.0,1.0,1.0,89.0,33.0,6,6,9.0,3.0,33.0,1.0,2.0,2.0,92.0,-8.0,4.0,-8.0,3.0,67.0,Bad
7776,84.0,169.0,3.0,79.0,19.0,0.0,0.0,100.0,-7.0,7,8,19.0,1.0,58.0,3.0,1.0,1.0,2.0,57.0,3.0,3.0,1.0,100.0,Good
9500,78.0,288.0,27.0,108.0,9.0,1.0,1.0,82.0,54.0,6,3,11.0,0.0,36.0,0.0,0.0,0.0,4.0,74.0,1.0,2.0,0.0,60.0,Good
2154,56.0,204.0,8.0,89.0,11.0,4.0,3.0,64.0,2.0,4,4,15.0,1.0,7.0,0.0,0.0,0.0,60.0,-8.0,2.0,-8.0,-8.0,33.0,Bad
1044,75.0,159.0,7.0,74.0,46.0,0.0,0.0,98.0,-7.0,5,7,51.0,6.0,59.0,9.0,0.0,0.0,20.0,88.0,5.0,5.0,0.0,79.0,Good
4985,91.0,396.0,22.0,127.0,18.0,0.0,0.0,100.0,-7.0,7,8,18.0,0.0,17.0,-8.0,0.0,0.0,5.0,-8.0,1.0,-8.0,0.0,50.0,Good
2726,65.0,121.0,4.0,61.0,29.0,0.0,0.0,90.0,13.0,6,6,1.0,3.0,37.0,-7.0,1.0,1.0,39.0,32.0,4.0,6.0,2.0,69.0,Bad
7458,66.0,81.0,4.0,35.0,10.0,0.0,0.0,100.0,-7.0,7,8,10.0,3.0,60.0,0.0,1.0,1.0,79.0,94.0,4.0,2.0,2.0,100.0,Bad
5592,58.0,157.0,10.0,50.0,5.0,0.0,0.0,80.0,5.0,4,6,5.0,3.0,60.0,0.0,1.0,0.0,-8.0,83.0,0.0,3.0,-8.0,75.0,Bad
3500,67.0,294.0,12.0,126.0,16.0,2.0,2.0,84.0,21.0,6,3,13.0,0.0,58.0,1.0,1.0,1.0,46.0,50.0,1.0,2.0,1.0,75.0,Good
9956,56.0,274.0,3.0,95.0,43.0,0.0,0.0,89.0,0.0,4,6,44.0,4.0,23.0,0.0,1.0,1.0,58.0,47.0,13.0,6.0,7.0,72.0,Good
9547,67.0,251.0,2.0,76.0,31.0,0.0,0.0,97.0,-8.0,6,6,34.0,4.0,59.0,-7.0,3.0,3.0,79.0,84.0,6.0,5.0,2.0,92.0,Bad
1274,-9.0,-9.0,-9.0,-9.0,-9.0,-9.0,-9.0,-9.0,-9.0,-9,-9,-9.0,-9.0,-9.0,-9.0,-9.0,-9.0,-9.0,-9.0,-9.0,-9.0,-9.0,-9.0,Good
3223,89.0,273.0,8.0,149.0,17.0,0.0,0.0,100.0,-7.0,6,7,69.0,1.0,24.0,-8.0,0.0,0.0,2.0,-8.0,4.0,-8.0,0.0,57.0,Bad
4222,54.0,68.0,7.0,23.0,5.0,0.0,0.0,83.0,3.0,4,6,6.0,3.0,33.0,0.0,0.0,0.0,66.0,81.0,3.0,2.0,1.0,83.0,Bad
460,72.0,78.0,10.0,44.0,12.0,1.0,1.0,92.0,55.0,6,3,13.0,1.0,15.0,0.0,0.0,0.0,58.0,-8.0,3.0,1.0,0.0,86.0,Bad
512,82.0,225.0,9.0,86.0,41.0,0.0,0.0,98.0,32.0,6,6,45.0,1.0,38.0,-7.0,0.0,0.0,19.0,76.0,2.0,3.0,0.0,78.0,Good
1100,-9.0,-9.0,-9.0,-9.0,-9.0,-9.0,-9.0,-9.0,-9.0,-9,-9,-9.0,-9.0,-9.0,-9.0,-9.0,-9.0,-9.0,-9.0,-9.0,-9.0,-9.0,-9.0,Bad
5275,61.0,172.0,9.0,59.0,22.0,1.0,1.0,96.0,0.0,2,4,23.0,1.0,30.0,0.0,0.0,0.0,54.0,84.0,7.0,4.0,2.0,92.0,Bad
4015,87.0,167.0,3.0,134.0,25.0,0.0,0.0,100.0,-7.0,7,8,14.0,1.0,20.0,-8.0,0.0,0.0,5.0,-8.0,4.0,1.0,0.0,36.0,Good
7571,70.0,115.0,3.0,48.0,18.0,0.0,0.0,95.0,61.0,6,6,19.0,2.0,26.0,-7.0,5.0,5.0,72.0,50.0,3.0,3.0,1.0,86.0,Bad
867,63.0,27.0,2.0,14.0,5.0,0.0,0.0,100.0,-7.0,7,8,6.0,3.0,50.0,1.0,2.0,2.0,57.0,78.0,2.0,2.0,1.0,80.0,Bad
1022,79.0,130.0,15.0,63.0,12.0,0.0,0.0,92.0,33.0,6,6,12.0,0.0,42.0,0.0,0.0,0.0,12.0,-8.0,2.0,1.0,2.0,60.0,Bad
2138,74.0,123.0,2.0,59.0,3.0,1.0,0.0,57.0,7.0,4,5,7.0,1.0,57.0,0.0,6.0,5.0,5.0,99.0,1.0,1.0,0.0,67.0,Bad
7988,-9.0,-9.0,-9.0,-9.0,-9.0,-9.0,-9.0,-9.0,-9.0,-9,-9,-9.0,-9.0,-9.0,-9.0,-9.0,-9.0,-9.0,-9.0,-9.0,-9.0,-9.0,-9.0,Good
3955,93.0,180.0,7.0,111.0,12.0,0.0,0.0,100.0,-7.0,7,8,35.0,1.0,15.0,22.0,0.0,0.0,0.0,90.0,1.0,1.0,0.0,40.0,Good
9035,74.0,196.0,0.0,83.0,29.0,0.0,0.0,94.0,20.0,5,6,32.0,1.0,41.0,0.0,1.0,1.0,53.0,93.0,2.0,1.0,1.0,50.0,Bad
744,68.0,60.0,7.0,31.0,11.0,1.0,0.0,92.0,27.0,6,5,12.0,3.0,42.0,0.0,1.0,1.0,50.0,77.0,5.0,2.0,1.0,88.0,Bad
9360,85.0,366.0,14.0,109.0,26.0,0.0,0.0,86.0,22.0,6,6,29.0,0.0,34.0,0.0,2.0,2.0,2.0,-8.0,2.0,1.0,0.0,33.0,Good
4568,55.0,186.0,6.0,96.0,42.0,4.0,2.0,84.0,4.0,0,5,45.0,1.0,11.0,-7.0,4.0,4.0,30.0,-8.0,7.0,-8.0,0.0,44.0,Bad
977,76.0,111.0,15.0,63.0,9.0,0.0,0.0,100.0,-7.0,7,8,9.0,0.0,56.0,-8.0,0.0,0.0,92.0,82.0,2.0,2.0,2.0,100.0,Good
790,70.0,49.0,8.0,23.0,9.0,0.0,0.0,100.0,-7.0,7,8,9.0,3.0,44.0,7.0,0.0,0.0,69.0,83.0,4.0,3.0,1.0,88.0,Good
1262,-9.0,-9.0,-9.0,-9.0,-9.0,-9.0,-9.0,-9.0,-9.0,-9,-9,-9.0,-9.0,-9.0,-9.0,-9.0,-9.0,-9.0,-9.0,-9.0,-9.0,-9.0,-9.0,Bad
7262,77.0,275.0,5.0,105.0,30.0,1.0,0.0,90.0,34.0,6,5,31.0,2.0,52.0,0.0,0.0,0.0,40.0,97.0,3.0,5.0,2.0,53.0,Good
10290,84.0,162.0,14.0,79.0,21.0,0.0,0.0,100.0,-7.0,7,8,22.0,0.0,68.0,0.0,1.0,1.0,16.0,74.0,1.0,2.0,0.0,75.0,Good
4595,85.0,181.0,6.0,169.0,24.0,0.0,0.0,100.0,-7.0,7,8,25.0,2.0,4.0,-7.0,1.0,0.0,7.0,-8.0,3.0,-8.0,0.0,36.0,Bad
1079,70.0,182.0,8.0,103.0,24.0,0.0,0.0,92.0,27.0,6,6,48.0,1.0,79.0,0.0,2.0,2.0,68.0,-8.0,3.0,2.0,2.0,83.0,Bad
4148,81.0,246.0,4.0,62.0,7.0,0.0,0.0,100.0,-7.0,7,8,9.0,2.0,78.0,0.0,2.0,2.0,9.0,72.0,1.0,3.0,-8.0,100.0,Bad
7909,76.0,188.0,0.0,71.0,47.0,0.0,0.0,98.0,40.0,6,6,49.0,6.0,10.0,2.0,1.0,1.0,2.0,45.0,15.0,2.0,0.0,53.0,Good
1116,-9.0,-9.0,-9.0,-9.0,-9.0,-9.0,-9.0,-9.0,-9.0,-9,-9,-9.0,-9.0,-9.0,-9.0,-9.0,-9.0,-9.0,-9.0,-9.0,-9.0,-9.0,-9.0,Bad
3123,73.0,167.0,5.0,50.0,28.0,0.0,0.0,100.0,-7.0,7,8,17.0,5.0,34.0,0.0,1.0,1.0,21.0,93.0,2.0,7.0,1.0,47.0,Good
7292,55.0,79.0,9.0,42.0,20.0,0.0,0.0,90.0,2.0,4,6,20.0,3.0,25.0,0.0,0.0,0.0,65.0,97.0,4.0,2.0,4.0,43.0,Bad
1211,-9.0,-9.0,-9.0,-9.0,-9.0,-9.0,-9.0,-9.0,-9.0,-9,-9,-9.0,-9.0,-9.0,-9.0,-9.0,-9.0,-9.0,-9.0,-9.0,-9.0,-9.0,-9.0,Bad
1876,88.0,270.0,34.0,118.0,25.0,0.0,0.0,100.0,-7.0,7,8,29.0,0.0,52.0,0.0,1.0,1.0,0.0,51.0,0.0,4.0,-8.0,57.0,Good
5844,77.0,287.0,3.0,109.0,10.0,2.0,2.0,83.0,32.0,6,3,12.0,3.0,17.0,0.0,2.0,2.0,33.0,-8.0,2.0,1.0,1.0,43.0,Good
2972,85.0,58.0,64.0,118.0,17.0,0.0,0.0,100.0,-7.0,7,8,1.0,0.0,41.0,2.0,1.0,1.0,29.0,-8.0,1.0,-8.0,0.0,50.0,Bad
2978,60.0,283.0,5.0,88.0,19.0,0.0,0.0,89.0,1.0,4,6,19.0,1.0,47.0,5.0,2.0,2.0,95.0,95.0,2.0,2.0,1.0,67.0,Bad
5523,75.0,104.0,2.0,34.0,17.0,0.0,0.0,100.0,-7.0,7,8,18.0,3.0,28.0,0.0,2.0,2.0,15.0,95.0,3.0,3.0,1.0,46.0,Good
10306,63.0,194.0,8.0,67.0,18.0,4.0,4.0,71.0,16.0,6,2,21.0,2.0,33.0,0.0,1.0,1.0,9.0,-8.0,1.0,1.0,0.0,25.0,Bad
1541,82.0,193.0,1.0,75.0,36.0,0.0,0.0,100.0,-7.0,7,8,37.0,3.0,38.0,0.0,5.0,5.0,7.0,-8.0,2.0,2.0,0.0,33.0,Good
6338,82.0,115.0,5.0,57.0,19.0,1.0,0.0,95.0,72.0,6,5,21.0,2.0,24.0,0.0,6.0,6.0,9.0,-8.0,2.0,-8.0,0.0,20.0,Good
5431,61.0,232.0,3.0,116.0,37.0,1.0,1.0,88.0,2.0,4,4,41.0,1.0,20.0,3.0,6.0,4.0,57.0,41.0,13.0,2.0,5.0,79.0,Bad
6918,80.0,265.0,2.0,92.0,40.0,0.0,0.0,95.0,33.0,6,6,42.0,2.0,38.0,0.0,1.0,1.0,7.0,100.0,4.0,6.0,1.0,71.0,Good
2185,74.0,390.0,0.0,81.0,24.0,1.0,1.0,93.0,7.0,0,2,27.0,3.0,44.0,0.0,1.0,1.0,26.0,87.0,2.0,2.0,0.0,40.0,Bad
2390,64.0,234.0,4.0,93.0,40.0,0.0,0.0,100.0,-7.0,7,8,27.0,5.0,23.0,-7.0,3.0,3.0,77.0,73.0,11.0,4.0,6.0,70.0,Bad
5620,61.0,67.0,25.0,56.0,10.0,1.0,0.0,42.0,0.0,4,5,12.0,0.0,17.0,0.0,0.0,0.0,67.0,-8.0,5.0,1.0,1.0,75.0,Bad
1436,-9.0,-9.0,-9.0,-9.0,-9.0,-9.0,-9.0,-9.0,-9.0,-9,-9,-9.0,-9.0,-9.0,-9.0,-9.0,-9.0,-9.0,-9.0,-9.0,-9.0,-9.0,-9.0,Bad
5324,61.0,108.0,1.0,64.0,3.0,0.0,0.0,67.0,79.0,6,6,8.0,2.0,50.0,0.0,4.0,4.0,81.0,81.0,1.0,1.0,1.0,75.0,Bad
2711,70.0,72.0,5.0,22.0,10.0,0.0,0.0,100.0,-7.0,7,8,8.0,2.0,40.0,-7.0,1.0,0.0,64.0,73.0,6.0,2.0,1.0,100.0,Bad
771,70.0,218.0,6.0,86.0,59.0,0.0,0.0,100.0,-7.0,6,7,61.0,1.0,52.0,1.0,3.0,3.0,65.0,71.0,12.0,6.0,6.0,68.0,Good
4403,75.0,124.0,11.0,60.0,11.0,1.0,1.0,85.0,24.0,6,3,13.0,1.0,15.0,0.0,6.0,6.0,0.0,-8.0,1.0,1.0,0.0,38.0,Good
5717,61.0,344.0,8.0,116.0,41.0,0.0,0.0,98.0,13.0,6,6,41.0,1.0,20.0,0.0,12.0,12.0,54.0,43.0,13.0,2.0,8.0,67.0,Good
5100,88.0,304.0,3.0,96.0,29.0,0.0,0.0,100.0,-7.0,7,8,31.0,2.0,37.0,-8.0,0.0,0.0,18.0,-8.0,2.0,1.0,0.0,33.0,Good
2226,88.0,330.0,2.0,93.0,18.0,0.0,0.0,100.0,-7.0,7,8,19.0,1.0,32.0,0.0,1.0,1.0,3.0,99.0,6.0,1.0,0.0,64.0,Good
2073,79.0,288.0,7.0,92.0,33.0,0.0,0.0,97.0,7.0,4,6,37.0,2.0,24.0,0.0,2.0,2.0,2.0,69.0,4.0,3.0,0.0,32.0,Good
4515,70.0,166.0,1.0,70.0,45.0,0.0,0.0,98.0,-7.0,5,7,50.0,3.0,46.0,-7.0,0.0,0.0,69.0,93.0,7.0,4.0,5.0,85.0,Good
9606,62.0,175.0,2.0,46.0,18.0,0.0,0.0,95.0,0.0,4,6,20.0,2.0,75.0,0.0,2.0,2.0,57.0,81.0,3.0,5.0,1.0,89.0,Bad
6431,74.0,65.0,2.0,34.0,6.0,0.0,0.0,100.0,-7.0,7,8,9.0,2.0,11.0,0.0,3.0,3.0,56.0,100.0,2.0,1.0,1.0,75.0,Good
2228,69.0,78.0,5.0,40.0,16.0,0.0,0.0,100.0,-7.0,7,8,16.0,1.0,25.0,0.0,2.0,2.0,69.0,-8.0,3.0,2.0,2.0,83.0,Bad
8690,-9.0,-9.0,-9.0,-9.0,-9.0,-9.0,-9.0,-9.0,-9.0,-9,-9,-9.0,-9.0,-9.0,-9.0,-9.0,-9.0,-9.0,-9.0,-9.0,-9.0,-9.0,-9.0,Good
3601,71.0,178.0,2.0,68.0,47.0,1.0,1.0,98.0,8.0,4,6,62.0,2.0,6.0,0.0,6.0,5.0,7.0,-8.0,5.0,1.0,0.0,40.0,Good
1858,59.0,45.0,11.0,31.0,10.0,2.0,1.0,73.0,11.0,3,4,15.0,1.0,20.0,0.0,0.0,0.0,14.0,-8.0,6.0,1.0,0.0,88.0,Bad
1562,56.0,137.0,4.0,65.0,38.0,1.0,0.0,80.0,2.0,4,5,41.0,2.0,27.0,0.0,1.0,1.0,64.0,48.0,7.0,2.0,2.0,69.0,Bad
8223,66.0,59.0,10.0,34.0,4.0,0.0,0.0,100.0,-7.0,7,8,4.0,2.0,75.0,0.0,5.0,5.0,89.0,74.0,1.0,2.0,-8.0,100.0,Bad
1693,61.0,183.0,22.0,114.0,15.0,1.0,1.0,76.0,1.0,0,2,17.0,0.0,18.0,0.0,0.0,0.0,0.0,-8.0,1.0,-8.0,-8.0,33.0,Bad
2319,85.0,68.0,6.0,84.0,26.0,0.0,0.0,100.0,-7.0,7,8,7.0,1.0,27.0,-7.0,0.0,0.0,2.0,68.0,2.0,5.0,0.0,57.0,Good
4776,73.0,475.0,6.0,139.0,47.0,0.0,0.0,96.0,65.0,6,6,49.0,1.0,27.0,7.0,1.0,0.0,74.0,54.0,4.0,3.0,2.0,73.0,Good
6634,76.0,346.0,21.0,120.0,27.0,0.0,0.0,100.0,-7.0,7,8,27.0,0.0,37.0,-7.0,0.0,0.0,68.0,57.0,5.0,2.0,2.0,88.0,Bad
4186,82.0,176.0,6.0,71.0,31.0,0.0,0.0,100.0,-7.0,7,8,31.0,2.0,23.0,0.0,0.0,0.0,4.0,-8.0,5.0,1.0,0.0,44.0,Good
6469,75.0,224.0,4.0,63.0,18.0,1.0,0.0,84.0,10.0,4,5,19.0,5.0,26.0,0.0,0.0,0.0,15.0,-8.0,4.0,1.0,1.0,56.0,Bad
8657,83.0,347.0,7.0,137.0,24.0,0.0,0.0,100.0,-7.0,7,8,28.0,1.0,21.0,4.0,2.0,2.0,4.0,-8.0,3.0,2.0,0.0,56.0,Good
4950,80.0,501.0,41.0,205.0,33.0,0.0,0.0,97.0,-7.0,5,7,33.0,0.0,21.0,20.0,0.0,0.0,47.0,22.0,11.0,2.0,2.0,67.0,Good
5096,63.0,152.0,2.0,58.0,30.0,0.0,0.0,91.0,71.0,5,6,32.0,5.0,44.0,0.0,4.0,4.0,67.0,57.0,5.0,5.0,2.0,91.0,Good
2472,70.0,77.0,9.0,66.0,5.0,1.0,1.0,83.0,25.0,6,2,10.0,1.0,33.0,-7.0,0.0,0.0,35.0,-8.0,1.0,-8.0,0.0,100.0,Bad
2969,77.0,212.0,13.0,80.0,18.0,0.0,0.0,100.0,-7.0,7,8,27.0,0.0,28.0,0.0,2.0,2.0,36.0,-8.0,8.0,1.0,1.0,91.0,Bad
10049,81.0,268.0,6.0,83.0,12.0,1.0,1.0,92.0,70.0,6,4,15.0,4.0,23.0,-7.0,0.0,0.0,19.0,-8.0,2.0,1.0,1.0,33.0,Bad
3762,79.0,133.0,2.0,60.0,38.0,0.0,0.0,100.0,-7.0,7,8,37.0,2.0,8.0,1.0,4.0,4.0,12.0,-8.0,3.0,-8.0,1.0,27.0,Good
1484,64.0,98.0,4.0,49.0,10.0,0.0,0.0,90.0,45.0,6,6,10.0,4.0,30.0,0.0,1.0,1.0,83.0,-8.0,4.0,1.0,3.0,63.0,Good
3160,82.0,159.0,1.0,95.0,19.0,0.0,0.0,100.0,-7.0,7,8,5.0,2.0,70.0,-8.0,0.0,0.0,42.0,67.0,3.0,3.0,0.0,67.0,Good
9331,84.0,132.0,5.0,50.0,22.0,0.0,0.0,100.0,-7.0,7,8,22.0,2.0,36.0,6.0,0.0,0.0,19.0,17.0,2.0,4.0,0.0,86.0,Good
6440,74.0,185.0,7.0,79.0,25.0,0.0,0.0,100.0,-7.0,7,8,25.0,3.0,44.0,0.0,1.0,1.0,47.0,93.0,7.0,3.0,2.0,67.0,Bad
7218,60.0,71.0,2.0,26.0,18.0,1.0,1.0,95.0,44.0,6,6,20.0,4.0,21.0,0.0,2.0,2.0,30.0,-8.0,6.0,2.0,1.0,62.0,Bad
1705,73.0,345.0,8.0,111.0,20.0,1.0,0.0,86.0,41.0,6,5,22.0,1.0,41.0,0.0,1.0,1.0,23.0,153.0,4.0,7.0,1.0,69.0,Good
5131,68.0,75.0,4.0,39.0,31.0,1.0,1.0,100.0,-7.0,7,8,32.0,4.0,23.0,0.0,1.0,1.0,13.0,87.0,6.0,3.0,1.0,50.0,Good
8918,64.0,65.0,5.0,40.0,14.0,1.0,1.0,93.0,55.0,6,2,15.0,1.0,20.0,0.0,3.0,2.0,92.0,9.0,9.0,2.0,2.0,100.0,Bad
3577,61.0,284.0,6.0,81.0,9.0,0.0,0.0,90.0,6.0,4,6,10.0,2.0,0.0,0.0,4.0,4.0,86.0,-8.0,4.0,-8.0,2.0,67.0,Bad
7989,63.0,219.0,2.0,69.0,44.0,1.0,1.0,100.0,-7.0,6,8,48.0,3.0,17.0,1.0,2.0,2.0,10.0,28.0,2.0,4.0,2.0,43.0,Good
8771,-9.0,383.0,383.0,383.0,1.0,1.0,1.0,100.0,-7.0,6,8,1.0,0.0,100.0,-7.0,1.0,1.0,-8.0,-8.0,-8.0,-8.0,-8.0,-8.0,Bad
9442,60.0,151.0,7.0,64.0,10.0,7.0,4.0,64.0,11.0,0,4,17.0,2.0,36.0,0.0,0.0,0.0,8.0,90.0,3.0,2.0,0.0,83.0,Bad
4605,73.0,94.0,1.0,41.0,13.0,0.0,0.0,100.0,-7.0,7,8,21.0,5.0,67.0,-7.0,3.0,3.0,0.0,97.0,1.0,3.0,-8.0,67.0,Bad
6859,72.0,203.0,1.0,44.0,33.0,0.0,0.0,100.0,-7.0,7,8,34.0,6.0,53.0,3.0,1.0,1.0,26.0,77.0,7.0,4.0,0.0,79.0,Good
2145,73.0,190.0,19.0,68.0,37.0,0.0,0.0,100.0,-7.0,7,8,41.0,0.0,7.0,0.0,0.0,0.0,41.0,-8.0,14.0,1.0,7.0,63.0,Bad
5803,90.0,238.0,12.0,103.0,16.0,0.0,0.0,100.0,-7.0,7,8,16.0,0.0,25.0,0.0,0.0,0.0,1.0,-8.0,1.0,1.0,0.0,33.0,Good
4400,72.0,171.0,3.0,40.0,11.0,0.0,0.0,100.0,-7.0,7,8,11.0,4.0,27.0,0.0,2.0,2.0,62.0,97.0,5.0,2.0,2.0,88.0,Bad
1534,66.0,259.0,4.0,108.0,10.0,7.0,7.0,100.0,-7.0,6,8,14.0,4.0,10.0,0.0,2.0,2.0,18.0,-8.0,3.0,1.0,1.0,67.0,Bad
7004,81.0,187.0,4.0,90.0,22.0,0.0,0.0,100.0,-7.0,7,8,22.0,2.0,32.0,-8.0,0.0,0.0,29.0,81.0,4.0,2.0,0.0,60.0,Good
6324,56.0,165.0,15.0,93.0,34.0,0.0,0.0,94.0,2.0,4,6,36.0,0.0,39.0,0.0,2.0,2.0,85.0,48.0,16.0,6.0,11.0,96.0,Bad
7222,70.0,206.0,3.0,96.0,18.0,3.0,0.0,59.0,11.0,4,5,22.0,1.0,41.0,0.0,2.0,2.0,10.0,37.0,4.0,1.0,0.0,50.0,Bad
9600,65.0,181.0,5.0,58.0,21.0,0.0,0.0,91.0,0.0,4,6,23.0,1.0,52.0,5.0,1.0,1.0,40.0,88.0,4.0,3.0,2.0,64.0,Bad
10162,73.0,255.0,20.0,90.0,7.0,1.0,1.0,67.0,29.0,6,4,9.0,0.0,22.0,-8.0,0.0,0.0,52.0,-8.0,3.0,-8.0,0.0,60.0,Good
8738,60.0,12.0,2.0,7.0,1.0,1.0,1.0,100.0,-7.0,7,8,3.0,1.0,50.0,0.0,3.0,3.0,18.0,-8.0,1.0,-8.0,-8.0,100.0,Good
27,79.0,162.0,7.0,94.0,17.0,0.0,0.0,100.0,-7.0,7,8,17.0,1.0,29.0,0.0,0.0,0.0,28.0,-8.0,3.0,1.0,1.0,57.0,Bad
9951,80.0,331.0,27.0,160.0,13.0,0.0,0.0,92.0,20.0,6,6,13.0,0.0,23.0,0.0,0.0,0.0,0.0,-8.0,1.0,2.0,0.0,43.0,Good
4861,85.0,158.0,16.0,70.0,8.0,0.0,0.0,100.0,-7.0,7,8,8.0,0.0,25.0,6.0,0.0,0.0,20.0,80.0,3.0,2.0,0.0,83.0,Good
6763,63.0,241.0,9.0,73.0,32.0,0.0,0.0,100.0,-7.0,7,8,36.0,1.0,25.0,1.0,1.0,1.0,75.0,-8.0,6.0,-8.0,5.0,67.0,Bad
6714,72.0,214.0,6.0,88.0,34.0,0.0,0.0,97.0,78.0,6,6,35.0,1.0,46.0,-7.0,3.0,3.0,59.0,31.0,5.0,4.0,2.0,90.0,Good
591,72.0,194.0,2.0,100.0,43.0,0.0,0.0,100.0,-7.0,7,8,48.0,1.0,29.0,-7.0,0.0,0.0,34.0,61.0,8.0,3.0,3.0,72.0,Good
10,82.0,96.0,5.0,47.0,16.0,0.0,0.0,100.0,-7.0,7,8,16.0,3.0,31.0,0.0,0.0,0.0,15.0,88.0,4.0,2.0,0.0,67.0,Good
3820,84.0,391.0,18.0,84.0,27.0,0.0,0.0,100.0,-7.0,7,8,22.0,0.0,22.0,3.0,1.0,1.0,11.0,-8.0,4.0,-8.0,0.0,33.0,Good
5649,70.0,269.0,2.0,70.0,10.0,3.0,3.0,85.0,70.0,6,4,13.0,3.0,15.0,0.0,1.0,0.0,24.0,91.0,7.0,1.0,0.0,90.0,Good
8273,85.0,-8.0,17.0,86.0,21.0,0.0,0.0,100.0,-7.0,7,8,22.0,0.0,59.0,-7.0,0.0,0.0,0.0,-8.0,1.0,1.0,1.0,80.0,Good
448,71.0,200.0,8.0,74.0,35.0,0.0,0.0,97.0,38.0,6,6,39.0,3.0,56.0,0.0,0.0,0.0,82.0,92.0,4.0,6.0,3.0,91.0,Bad
7875,85.0,262.0,14.0,101.0,23.0,0.0,0.0,100.0,-7.0,7,8,23.0,0.0,48.0,2.0,1.0,1.0,19.0,-8.0,3.0,1.0,0.0,100.0,Bad
7264,66.0,177.0,5.0,67.0,22.0,1.0,1.0,100.0,-7.0,7,8,23.0,3.0,32.0,0.0,1.0,1.0,66.0,85.0,5.0,2.0,2.0,80.0,Good
5132,87.0,309.0,8.0,126.0,15.0,0.0,0.0,100.0,-7.0,7,8,17.0,2.0,53.0,0.0,0.0,0.0,7.0,83.0,3.0,3.0,-8.0,100.0,Good
7265,56.0,77.0,4.0,41.0,24.0,0.0,0.0,92.0,5.0,4,6,24.0,2.0,38.0,0.0,6.0,6.0,57.0,90.0,9.0,3.0,2.0,86.0,Bad
1996,87.0,378.0,17.0,116.0,17.0,0.0,0.0,100.0,-7.0,7,8,17.0,0.0,6.0,0.0,1.0,1.0,14.0,-8.0,6.0,-8.0,0.0,60.0,Good
1827,79.0,97.0,3.0,56.0,19.0,0.0,0.0,100.0,-7.0,7,8,20.0,1.0,30.0,0.0,3.0,3.0,12.0,13.0,2.0,2.0,0.0,83.0,Bad
5354,78.0,423.0,1.0,138.0,30.0,0.0,0.0,97.0,32.0,6,6,31.0,5.0,23.0,-7.0,1.0,1.0,26.0,58.0,4.0,1.0,1.0,32.0,Good
7984,69.0,265.0,25.0,106.0,10.0,0.0,0.0,67.0,18.0,6,6,13.0,0.0,15.0,1.0,2.0,2.0,42.0,-8.0,3.0,1.0,0.0,57.0,Bad
1228,-9.0,-9.0,-9.0,-9.0,-9.0,-9.0,-9.0,-9.0,-9.0,-9,-9,-9.0,-9.0,-9.0,-9.0,-9.0,-9.0,-9.0,-9.0,-9.0,-9.0,-9.0,-9.0,Good
5285,82.0,207.0,21.0,94.0,15.0,0.0,0.0,100.0,-7.0,5,8,16.0,0.0,44.0,0.0,1.0,1.0,31.0,59.0,4.0,2.0,0.0,100.0,Good
3000,66.0,263.0,5.0,103.0,33.0,0.0,0.0,94.0,1.0,4,6,48.0,2.0,32.0,0.0,2.0,2.0,14.0,48.0,7.0,4.0,2.0,61.0,Good
5191,80.0,139.0,1.0,40.0,12.0,0.0,0.0,100.0,-7.0,7,8,14.0,4.0,36.0,2.0,5.0,5.0,19.0,97.0,5.0,2.0,0.0,88.0,Good
3540,66.0,167.0,4.0,105.0,19.0,2.0,1.0,77.0,8.0,1,3,23.0,2.0,23.0,8.0,0.0,0.0,4.0,5.0,1.0,2.0,0.0,50.0,Good
9978,68.0,156.0,2.0,65.0,25.0,0.0,0.0,97.0,18.0,6,6,29.0,2.0,21.0,0.0,0.0,0.0,80.0,-8.0,3.0,1.0,1.0,80.0,Good
2361,63.0,137.0,4.0,41.0,18.0,0.0,0.0,100.0,-7.0,7,8,18.0,5.0,22.0,-7.0,3.0,3.0,60.0,98.0,8.0,2.0,3.0,71.0,Bad
7998,72.0,61.0,11.0,36.0,13.0,0.0,0.0,100.0,-7.0,7,8,13.0,1.0,54.0,2.0,1.0,1.0,13.0,31.0,1.0,4.0,0.0,60.0,Bad
4137,70.0,211.0,25.0,107.0,14.0,0.0,0.0,86.0,3.0,4,6,14.0,0.0,29.0,0.0,0.0,0.0,13.0,58.0,3.0,2.0,0.0,56.0,Bad
4087,67.0,168.0,2.0,39.0,17.0,2.0,2.0,82.0,17.0,6,2,22.0,3.0,18.0,0.0,4.0,4.0,1.0,-8.0,6.0,1.0,0.0,50.0,Bad
815,86.0,290.0,10.0,94.0,25.0,0.0,0.0,100.0,-7.0,7,8,27.0,1.0,56.0,7.0,0.0,0.0,4.0,29.0,2.0,4.0,0.0,60.0,Good
1799,69.0,60.0,17.0,31.0,16.0,0.0,0.0,100.0,-7.0,7,8,16.0,0.0,13.0,0.0,1.0,1.0,76.0,-8.0,8.0,1.0,7.0,69.0,Bad
5627,78.0,146.0,14.0,78.0,10.0,1.0,0.0,82.0,37.0,6,5,11.0,0.0,27.0,0.0,0.0,0.0,30.0,-8.0,5.0,1.0,0.0,67.0,Good
3059,77.0,159.0,15.0,94.0,15.0,0.0,0.0,93.0,40.0,6,6,9.0,0.0,33.0,14.0,0.0,0.0,60.0,-8.0,4.0,2.0,2.0,50.0,Bad
9991,56.0,193.0,46.0,88.0,22.0,0.0,0.0,78.0,3.0,4,6,23.0,0.0,22.0,0.0,1.0,1.0,64.0,37.0,8.0,2.0,4.0,83.0,Bad
9328,91.0,292.0,26.0,104.0,6.0,0.0,0.0,100.0,-7.0,7,8,6.0,0.0,33.0,-8.0,0.0,0.0,1.0,-8.0,2.0,1.0,0.0,60.0,Good
5466,65.0,280.0,2.0,69.0,31.0,0.0,0.0,100.0,-7.0,7,8,33.0,4.0,6.0,0.0,5.0,5.0,34.0,-8.0,10.0,1.0,5.0,55.0,Bad
3510,67.0,217.0,9.0,89.0,15.0,2.0,2.0,82.0,8.0,4,2,23.0,1.0,18.0,0.0,3.0,3.0,3.0,25.0,1.0,1.0,0.0,29.0,Good
5995,65.0,421.0,2.0,133.0,30.0,1.0,0.0,88.0,4.0,4,5,34.0,1.0,47.0,0.0,0.0,0.0,30.0,83.0,7.0,3.0,2.0,100.0,Bad
1988,66.0,136.0,2.0,40.0,20.0,0.0,0.0,100.0,-7.0,7,8,22.0,6.0,9.0,0.0,0.0,0.0,33.0,-8.0,6.0,1.0,3.0,64.0,Bad
1161,-9.0,-9.0,-9.0,-9.0,-9.0,-9.0,-9.0,-9.0,-9.0,-9,-9,-9.0,-9.0,-9.0,-9.0,-9.0,-9.0,-9.0,-9.0,-9.0,-9.0,-9.0,-9.0,Bad
7441,75.0,69.0,1.0,39.0,16.0,0.0,0.0,100.0,-7.0,7,8,18.0,4.0,17.0,0.0,2.0,2.0,21.0,-8.0,4.0,1.0,0.0,50.0,Good
3498,73.0,-8.0,0.0,69.0,24.0,0.0,0.0,88.0,10.0,6,6,0.0,4.0,20.0,0.0,2.0,2.0,8.0,78.0,1.0,2.0,1.0,27.0,Good
2791,83.0,-8.0,6.0,55.0,6.0,0.0,0.0,100.0,-7.0,7,8,0.0,3.0,67.0,-7.0,1.0,1.0,15.0,101.0,2.0,2.0,0.0,100.0,Good
5306,67.0,36.0,4.0,14.0,6.0,0.0,0.0,100.0,-7.0,7,8,6.0,3.0,67.0,0.0,3.0,0.0,41.0,88.0,1.0,3.0,-8.0,80.0,Bad
7099,78.0,220.0,2.0,76.0,52.0,0.0,0.0,98.0,35.0,6,6,56.0,2.0,33.0,2.0,2.0,2.0,13.0,-8.0,5.0,4.0,0.0,69.0,Good
6673,66.0,102.0,7.0,52.0,35.0,1.0,1.0,100.0,-7.0,6,8,35.0,2.0,49.0,-7.0,1.0,1.0,87.0,76.0,5.0,3.0,3.0,80.0,Bad
10121,61.0,190.0,4.0,61.0,44.0,0.0,0.0,89.0,10.0,4,6,45.0,2.0,14.0,-7.0,0.0,0.0,28.0,73.0,8.0,4.0,1.0,55.0,Bad
442,69.0,51.0,4.0,20.0,6.0,2.0,2.0,86.0,54.0,6,2,9.0,3.0,43.0,0.0,3.0,3.0,48.0,71.0,3.0,2.0,0.0,100.0,Bad
6928,75.0,499.0,2.0,88.0,33.0,0.0,0.0,100.0,-7.0,7,8,36.0,4.0,53.0,1.0,4.0,4.0,29.0,80.0,7.0,6.0,2.0,72.0,Good
7349,65.0,122.0,6.0,53.0,28.0,0.0,0.0,100.0,-7.0,7,8,35.0,6.0,24.0,0.0,6.0,6.0,72.0,73.0,5.0,1.0,5.0,67.0,Bad
2219,68.0,128.0,8.0,65.0,17.0,0.0,0.0,100.0,-7.0,7,8,17.0,2.0,65.0,0.0,6.0,6.0,81.0,50.0,2.0,5.0,2.0,88.0,Bad
5097,84.0,115.0,16.0,58.0,8.0,0.0,0.0,100.0,-7.0,7,8,9.0,0.0,44.0,-8.0,0.0,0.0,27.0,-8.0,2.0,-8.0,0.0,50.0,Good
3627,70.0,184.0,3.0,40.0,15.0,0.0,0.0,87.0,19.0,6,6,17.0,4.0,53.0,3.0,3.0,3.0,22.0,97.0,2.0,2.0,0.0,50.0,Good
7665,65.0,142.0,4.0,45.0,16.0,0.0,0.0,94.0,0.0,4,6,16.0,4.0,25.0,-7.0,3.0,3.0,19.0,59.0,4.0,3.0,1.0,70.0,Bad
10402,89.0,405.0,5.0,129.0,10.0,0.0,0.0,100.0,-7.0,7,8,11.0,1.0,45.0,-8.0,0.0,0.0,29.0,-8.0,2.0,1.0,0.0,100.0,Good
9230,68.0,435.0,12.0,138.0,26.0,3.0,1.0,90.0,13.0,6,5,30.0,0.0,33.0,8.0,0.0,0.0,16.0,31.0,3.0,3.0,1.0,43.0,Good
6545,67.0,332.0,9.0,122.0,28.0,1.0,0.0,88.0,23.0,6,5,33.0,2.0,55.0,0.0,0.0,0.0,60.0,77.0,4.0,5.0,2.0,77.0,Good
2721,62.0,186.0,4.0,35.0,19.0,0.0,0.0,95.0,8.0,4,6,36.0,2.0,32.0,-7.0,0.0,0.0,79.0,90.0,5.0,3.0,4.0,62.0,Bad
8797,81.0,142.0,1.0,59.0,15.0,0.0,0.0,100.0,-7.0,7,8,18.0,2.0,56.0,1.0,3.0,3.0,0.0,60.0,1.0,2.0,0.0,50.0,Good
3566,81.0,261.0,5.0,62.0,25.0,0.0,0.0,100.0,-7.0,7,8,17.0,2.0,52.0,5.0,0.0,0.0,6.0,35.0,5.0,6.0,0.0,100.0,Bad
8873,69.0,202.0,24.0,81.0,13.0,1.0,0.0,67.0,13.0,6,5,15.0,0.0,20.0,0.0,1.0,1.0,44.0,-8.0,3.0,1.0,1.0,50.0,Bad
6467,74.0,158.0,13.0,72.0,27.0,0.0,0.0,100.0,-7.0,7,8,27.0,0.0,41.0,0.0,0.0,0.0,70.0,62.0,3.0,2.0,2.0,63.0,Good
153,61.0,190.0,7.0,118.0,34.0,0.0,0.0,82.0,22.0,5,6,34.0,1.0,50.0,19.0,0.0,0.0,97.0,78.0,6.0,4.0,4.0,100.0,Bad
8977,65.0,145.0,8.0,74.0,11.0,2.0,2.0,100.0,-7.0,6,8,13.0,1.0,83.0,0.0,2.0,2.0,-8.0,66.0,-8.0,2.0,-8.0,100.0,Bad
1172,-9.0,-9.0,-9.0,-9.0,-9.0,-9.0,-9.0,-9.0,-9.0,-9,-9,-9.0,-9.0,-9.0,-9.0,-9.0,-9.0,-9.0,-9.0,-9.0,-9.0,-9.0,-9.0,Bad
10100,88.0,272.0,29.0,137.0,5.0,0.0,0.0,100.0,-7.0,7,8,5.0,0.0,20.0,-7.0,1.0,1.0,3.0,-8.0,1.0,-8.0,0.0,33.0,Bad
3256,82.0,169.0,9.0,64.0,27.0,0.0,0.0,100.0,-7.0,7,8,19.0,1.0,15.0,11.0,0.0,0.0,17.0,56.0,4.0,2.0,0.0,30.0,Good
3935,89.0,264.0,17.0,121.0,11.0,0.0,0.0,100.0,-7.0,7,8,3.0,0.0,45.0,-8.0,0.0,0.0,4.0,21.0,3.0,1.0,0.0,100.0,Good
5377,81.0,181.0,11.0,69.0,29.0,0.0,0.0,97.0,35.0,5,6,36.0,1.0,78.0,-7.0,0.0,0.0,0.0,81.0,0.0,2.0,0.0,60.0,Bad
8203,69.0,236.0,2.0,96.0,37.0,0.0,0.0,95.0,1.0,4,6,41.0,3.0,20.0,0.0,1.0,1.0,15.0,94.0,5.0,1.0,2.0,55.0,Bad
4646,81.0,76.0,10.0,49.0,12.0,0.0,0.0,100.0,-7.0,7,8,12.0,1.0,17.0,-8.0,0.0,0.0,27.0,-8.0,2.0,1.0,0.0,44.0,Bad
9777,74.0,88.0,4.0,38.0,9.0,0.0,0.0,100.0,-7.0,7,8,10.0,3.0,50.0,0.0,1.0,1.0,37.0,8.0,3.0,2.0,1.0,83.0,Bad
8166,84.0,403.0,14.0,157.0,26.0,0.0,0.0,100.0,-7.0,7,8,27.0,0.0,7.0,13.0,0.0,0.0,3.0,-8.0,11.0,1.0,1.0,75.0,Bad
3453,77.0,264.0,2.0,89.0,34.0,0.0,0.0,94.0,38.0,6,6,52.0,2.0,14.0,20.0,0.0,0.0,27.0,-8.0,6.0,2.0,1.0,53.0,Good
353,66.0,190.0,2.0,73.0,25.0,5.0,5.0,88.0,63.0,6,2,35.0,3.0,59.0,0.0,2.0,2.0,94.0,121.0,4.0,4.0,1.0,100.0,Bad
3543,87.0,149.0,26.0,74.0,13.0,0.0,0.0,100.0,-7.0,7,8,17.0,0.0,23.0,4.0,1.0,1.0,0.0,-8.0,0.0,1.0,0.0,50.0,Good
8707,67.0,278.0,22.0,87.0,4.0,0.0,0.0,33.0,1.0,4,6,6.0,0.0,33.0,0.0,1.0,0.0,34.0,17.0,2.0,2.0,0.0,67.0,Bad
5021,75.0,337.0,10.0,151.0,12.0,1.0,1.0,92.0,26.0,6,2,13.0,1.0,38.0,19.0,0.0,0.0,0.0,-8.0,0.0,-8.0,0.0,0.0,Good
1304,-9.0,-9.0,-9.0,-9.0,-9.0,-9.0,-9.0,-9.0,-9.0,-9,-9,-9.0,-9.0,-9.0,-9.0,-9.0,-9.0,-9.0,-9.0,-9.0,-9.0,-9.0,-9.0,Good
7841,69.0,207.0,1.0,79.0,21.0,2.0,2.0,100.0,-7.0,6,8,22.0,3.0,73.0,1.0,1.0,1.0,30.0,69.0,1.0,3.0,1.0,57.0,Good
4103,73.0,246.0,1.0,79.0,26.0,0.0,0.0,100.0,-7.0,7,8,29.0,6.0,26.0,0.0,1.0,1.0,50.0,-8.0,4.0,2.0,4.0,50.0,Bad
2794,59.0,217.0,8.0,77.0,48.0,0.0,0.0,90.0,11.0,4,6,29.0,2.0,22.0,-7.0,5.0,3.0,42.0,80.0,14.0,4.0,3.0,70.0,Bad
4877,78.0,265.0,21.0,143.0,37.0,0.0,0.0,100.0,-7.0,7,8,38.0,0.0,21.0,2.0,3.0,3.0,47.0,-8.0,10.0,1.0,1.0,63.0,Good
1544,57.0,264.0,6.0,155.0,3.0,2.0,2.0,40.0,4.0,4,2,5.0,2.0,40.0,0.0,4.0,4.0,0.0,-8.0,0.0,1.0,-8.0,50.0,Bad
8263,66.0,-8.0,10.0,93.0,28.0,1.0,1.0,90.0,14.0,6,3,32.0,2.0,26.0,-7.0,0.0,0.0,77.0,-8.0,10.0,2.0,4.0,87.0,Good
4802,-9.0,-9.0,-9.0,-9.0,-9.0,-9.0,-9.0,-9.0,-9.0,-9,-9,-9.0,-9.0,-9.0,-9.0,-9.0,-9.0,-9.0,-9.0,-9.0,-9.0,-9.0,-9.0,Good
5847,78.0,131.0,12.0,74.0,8.0,0.0,0.0,100.0,-7.0,7,8,8.0,0.0,25.0,0.0,1.0,1.0,46.0,-8.0,2.0,1.0,1.0,75.0,Bad
8599,84.0,230.0,8.0,66.0,13.0,0.0,0.0,100.0,-7.0,7,8,13.0,2.0,15.0,8.0,0.0,0.0,14.0,-8.0,1.0,1.0,0.0,33.0,Bad
9346,87.0,236.0,7.0,79.0,44.0,0.0,0.0,100.0,-7.0,7,8,44.0,3.0,18.0,8.0,0.0,0.0,2.0,71.0,3.0,3.0,0.0,40.0,Good
70,-9.0,-9.0,-9.0,-9.0,-9.0,-9.0,-9.0,-9.0,-9.0,-9,-9,-9.0,-9.0,-9.0,-9.0,-9.0,-9.0,-9.0,-9.0,-9.0,-9.0,-9.0,-9.0,Good
309,82.0,133.0,14.0,88.0,9.0,0.0,0.0,100.0,-7.0,7,8,9.0,0.0,44.0,0.0,0.0,0.0,0.0,-8.0,0.0,1.0,-8.0,50.0,Bad
2224,88.0,374.0,5.0,104.0,41.0,0.0,0.0,100.0,-7.0,7,8,44.0,1.0,43.0,0.0,0.0,0.0,4.0,-8.0,7.0,4.0,0.0,92.0,Good
1153,-9.0,-9.0,-9.0,-9.0,-9.0,-9.0,-9.0,-9.0,-9.0,-9,-9,-9.0,-9.0,-9.0,-9.0,-9.0,-9.0,-9.0,-9.0,-9.0,-9.0,-9.0,-9.0,Bad
2694,75.0,155.0,13.0,77.0,23.0,1.0,1.0,100.0,-7.0,7,8,3.0,0.0,17.0,-7.0,1.0,0.0,6.0,37.0,4.0,3.0,0.0,64.0,Bad
10238,88.0,227.0,5.0,91.0,13.0,0.0,0.0,100.0,-7.0,7,8,13.0,1.0,15.0,4.0,1.0,1.0,1.0,-8.0,1.0,-8.0,0.0,25.0,Good
6799,67.0,427.0,17.0,105.0,35.0,0.0,0.0,94.0,4.0,4,6,37.0,0.0,51.0,17.0,0.0,0.0,45.0,47.0,5.0,6.0,2.0,85.0,Bad
3693,73.0,138.0,2.0,80.0,39.0,0.0,0.0,100.0,-7.0,7,8,12.0,5.0,28.0,0.0,3.0,3.0,28.0,91.0,6.0,5.0,2.0,69.0,Good
2540,68.0,-8.0,4.0,17.0,14.0,0.0,0.0,100.0,-7.0,7,8,0.0,7.0,21.0,-7.0,3.0,3.0,11.0,-8.0,2.0,2.0,1.0,40.0,Bad
5449,82.0,172.0,3.0,80.0,38.0,0.0,0.0,100.0,-7.0,7,8,41.0,2.0,20.0,4.0,1.0,1.0,5.0,74.0,6.0,2.0,1.0,64.0,Good
4335,66.0,202.0,6.0,91.0,36.0,2.0,1.0,90.0,8.0,4,5,42.0,2.0,69.0,0.0,1.0,1.0,81.0,75.0,4.0,6.0,1.0,100.0,Bad
1846,59.0,179.0,11.0,40.0,28.0,0.0,0.0,100.0,-7.0,7,8,28.0,3.0,11.0,0.0,1.0,1.0,62.0,65.0,8.0,1.0,4.0,75.0,Bad
2820,87.0,156.0,19.0,70.0,15.0,0.0,0.0,100.0,-7.0,7,8,16.0,0.0,27.0,-7.0,2.0,2.0,2.0,35.0,2.0,2.0,0.0,44.0,Bad
380,87.0,321.0,8.0,96.0,40.0,0.0,0.0,100.0,-7.0,7,8,41.0,2.0,10.0,0.0,1.0,0.0,2.0,-8.0,8.0,1.0,0.0,38.0,Good
3885,58.0,61.0,5.0,82.0,34.0,1.0,0.0,91.0,0.0,3,5,3.0,1.0,33.0,5.0,0.0,0.0,4.0,-8.0,5.0,5.0,0.0,65.0,Good
5129,62.0,46.0,1.0,24.0,8.0,0.0,0.0,100.0,-7.0,7,8,10.0,4.0,40.0,0.0,4.0,4.0,46.0,9.0,5.0,3.0,4.0,89.0,Good
6670,62.0,149.0,17.0,64.0,11.0,2.0,1.0,83.0,18.0,6,5,12.0,0.0,33.0,-7.0,0.0,0.0,35.0,28.0,3.0,2.0,0.0,63.0,Bad
2989,69.0,141.0,5.0,115.0,8.0,1.0,1.0,90.0,31.0,6,4,26.0,1.0,80.0,5.0,0.0,0.0,77.0,75.0,1.0,2.0,1.0,100.0,Bad
10130,69.0,151.0,3.0,61.0,10.0,0.0,0.0,90.0,6.0,4,6,10.0,2.0,40.0,2.0,1.0,1.0,117.0,52.0,1.0,2.0,1.0,75.0,Good
9021,80.0,331.0,13.0,164.0,15.0,0.0,0.0,100.0,-7.0,7,8,15.0,0.0,33.0,0.0,0.0,0.0,34.0,72.0,4.0,2.0,0.0,75.0,Good
9608,80.0,148.0,3.0,103.0,16.0,0.0,0.0,100.0,-7.0,7,8,16.0,1.0,75.0,3.0,1.0,1.0,47.0,51.0,1.0,6.0,1.0,88.0,Good
6162,66.0,203.0,2.0,64.0,21.0,1.0,0.0,83.0,4.0,4,5,23.0,2.0,26.0,2.0,1.0,1.0,14.0,-8.0,3.0,2.0,0.0,38.0,Good
5957,65.0,33.0,2.0,13.0,6.0,0.0,0.0,100.0,-7.0,7,8,7.0,3.0,43.0,-7.0,3.0,3.0,7.0,-8.0,2.0,2.0,0.0,83.0,Bad
8597,67.0,232.0,11.0,91.0,28.0,0.0,0.0,96.0,40.0,6,6,28.0,1.0,21.0,0.0,4.0,4.0,39.0,90.0,7.0,3.0,3.0,67.0,Good
4538,68.0,299.0,10.0,75.0,36.0,0.0,0.0,100.0,-7.0,7,8,37.0,2.0,25.0,-7.0,0.0,0.0,73.0,32.0,7.0,3.0,4.0,91.0,Good
576,80.0,93.0,5.0,45.0,6.0,0.0,0.0,100.0,-7.0,7,8,6.0,2.0,50.0,-7.0,9.0,7.0,7.0,83.0,1.0,1.0,0.0,67.0,Bad
5949,61.0,107.0,5.0,70.0,7.0,4.0,2.0,42.0,27.0,6,2,13.0,1.0,50.0,-7.0,0.0,0.0,0.0,98.0,0.0,2.0,-8.0,75.0,Bad
2333,87.0,340.0,1.0,137.0,9.0,0.0,0.0,100.0,-7.0,7,8,2.0,1.0,10.0,-7.0,0.0,0.0,18.0,-8.0,3.0,-8.0,0.0,75.0,Good
4645,75.0,228.0,13.0,79.0,17.0,2.0,1.0,86.0,22.0,5,2,21.0,0.0,29.0,4.0,1.0,1.0,7.0,-8.0,2.0,1.0,0.0,57.0,Bad
7607,68.0,247.0,3.0,134.0,36.0,0.0,0.0,100.0,-7.0,7,8,37.0,1.0,16.0,-7.0,1.0,1.0,79.0,-8.0,19.0,2.0,12.0,78.0,Bad
5094,57.0,85.0,5.0,40.0,18.0,1.0,1.0,89.0,-8.0,5,6,18.0,1.0,67.0,0.0,2.0,2.0,75.0,82.0,4.0,3.0,1.0,100.0,Bad
10155,55.0,321.0,3.0,102.0,7.0,3.0,0.0,64.0,2.0,4,5,11.0,1.0,27.0,-8.0,0.0,0.0,87.0,100.0,3.0,2.0,2.0,100.0,Bad
10135,57.0,220.0,3.0,73.0,31.0,0.0,0.0,94.0,1.0,4,6,35.0,2.0,54.0,3.0,1.0,1.0,81.0,-8.0,7.0,1.0,3.0,80.0,Bad
8676,65.0,87.0,3.0,47.0,16.0,2.0,2.0,100.0,-7.0,6,8,20.0,3.0,20.0,2.0,1.0,1.0,42.0,-8.0,6.0,1.0,1.0,78.0,Bad
6977,88.0,441.0,18.0,113.0,17.0,0.0,0.0,100.0,-7.0,7,8,19.0,0.0,17.0,22.0,0.0,0.0,0.0,-8.0,1.0,2.0,0.0,43.0,Good
5302,75.0,140.0,21.0,58.0,34.0,0.0,0.0,97.0,23.0,6,6,34.0,0.0,50.0,0.0,0.0,0.0,0.0,52.0,1.0,3.0,0.0,33.0,Good
7762,82.0,139.0,9.0,59.0,17.0,0.0,0.0,100.0,-7.0,7,8,17.0,1.0,35.0,-8.0,0.0,0.0,0.0,-8.0,1.0,1.0,-8.0,50.0,Good
4435,70.0,300.0,2.0,68.0,33.0,0.0,0.0,94.0,13.0,6,6,34.0,1.0,26.0,0.0,2.0,1.0,4.0,69.0,5.0,5.0,4.0,69.0,Good
3937,84.0,347.0,5.0,75.0,25.0,0.0,0.0,100.0,-7.0,7,8,19.0,3.0,44.0,4.0,1.0,1.0,2.0,81.0,2.0,3.0,0.0,56.0,Good
9143,-9.0,-9.0,-9.0,-9.0,-9.0,-9.0,-9.0,-9.0,-9.0,-9,-9,-9.0,-9.0,-9.0,-9.0,-9.0,-9.0,-9.0,-9.0,-9.0,-9.0,-9.0,-9.0,Good
767,90.0,414.0,8.0,102.0,22.0,0.0,0.0,100.0,-7.0,7,8,22.0,1.0,36.0,8.0,0.0,0.0,0.0,93.0,1.0,2.0,0.0,33.0,Good
10397,82.0,159.0,3.0,60.0,30.0,0.0,0.0,100.0,-7.0,7,8,30.0,4.0,30.0,6.0,0.0,0.0,7.0,35.0,4.0,3.0,0.0,78.0,Good
7940,80.0,114.0,3.0,49.0,21.0,0.0,0.0,100.0,-7.0,7,8,21.0,3.0,33.0,0.0,3.0,3.0,3.0,50.0,3.0,4.0,0.0,44.0,Bad
9644,61.0,177.0,7.0,87.0,10.0,1.0,0.0,91.0,3.0,3,5,12.0,1.0,45.0,8.0,0.0,0.0,75.0,48.0,3.0,4.0,1.0,100.0,Bad
5172,54.0,316.0,30.0,132.0,8.0,10.0,6.0,47.0,4.0,3,3,19.0,0.0,47.0,5.0,0.0,0.0,38.0,60.0,2.0,2.0,0.0,57.0,Bad
6453,72.0,131.0,7.0,57.0,24.0,0.0,0.0,100.0,-7.0,7,8,24.0,2.0,25.0,0.0,0.0,0.0,28.0,42.0,6.0,2.0,2.0,50.0,Good
4406,55.0,117.0,12.0,49.0,16.0,0.0,0.0,95.0,1.0,4,6,20.0,0.0,15.0,0.0,2.0,2.0,42.0,-8.0,6.0,1.0,3.0,58.0,Bad
388,67.0,79.0,4.0,43.0,12.0,1.0,1.0,93.0,28.0,6,2,14.0,2.0,36.0,0.0,4.0,4.0,74.0,47.0,6.0,1.0,1.0,100.0,Bad
514,62.0,194.0,13.0,96.0,19.0,2.0,2.0,80.0,6.0,4,2,20.0,0.0,30.0,-7.0,3.0,0.0,92.0,-8.0,8.0,1.0,4.0,91.0,Bad
3386,80.0,342.0,8.0,164.0,22.0,0.0,0.0,100.0,-7.0,7,8,22.0,1.0,36.0,0.0,1.0,1.0,40.0,90.0,4.0,2.0,1.0,58.0,Good
9680,69.0,252.0,3.0,90.0,44.0,1.0,0.0,91.0,7.0,4,5,46.0,4.0,20.0,4.0,1.0,1.0,23.0,100.0,11.0,2.0,1.0,78.0,Good
8750,59.0,154.0,3.0,65.0,27.0,0.0,0.0,100.0,-7.0,7,8,27.0,6.0,37.0,0.0,2.0,2.0,85.0,74.0,8.0,3.0,5.0,79.0,Bad
4427,63.0,183.0,13.0,74.0,13.0,2.0,2.0,75.0,7.0,0,2,17.0,0.0,81.0,0.0,0.0,0.0,0.0,-8.0,0.0,1.0,-8.0,50.0,Bad
7206,87.0,195.0,12.0,115.0,18.0,0.0,0.0,100.0,-7.0,7,8,18.0,0.0,50.0,0.0,0.0,0.0,21.0,17.0,3.0,2.0,0.0,63.0,Bad
571,56.0,53.0,18.0,114.0,3.0,1.0,1.0,75.0,0.0,0,2,4.0,0.0,0.0,-7.0,0.0,0.0,101.0,-8.0,4.0,-8.0,2.0,100.0,Bad
1692,89.0,176.0,4.0,83.0,12.0,0.0,0.0,100.0,-7.0,7,8,12.0,2.0,58.0,0.0,0.0,0.0,0.0,-8.0,1.0,1.0,0.0,50.0,Good
3469,61.0,159.0,10.0,30.0,12.0,1.0,1.0,100.0,-7.0,6,8,37.0,2.0,33.0,10.0,0.0,0.0,55.0,66.0,4.0,2.0,0.0,100.0,Good
6562,70.0,383.0,14.0,108.0,23.0,1.0,0.0,96.0,74.0,6,5,26.0,0.0,46.0,0.0,0.0,0.0,39.0,32.0,4.0,2.0,3.0,60.0,Good
1424,-9.0,-9.0,-9.0,-9.0,-9.0,-9.0,-9.0,-9.0,-9.0,-9,-9,-9.0,-9.0,-9.0,-9.0,-9.0,-9.0,-9.0,-9.0,-9.0,-9.0,-9.0,-9.0,Bad
1349,-9.0,-9.0,-9.0,-9.0,-9.0,-9.0,-9.0,-9.0,-9.0,-9,-9,-9.0,-9.0,-9.0,-9.0,-9.0,-9.0,-9.0,-9.0,-9.0,-9.0,-9.0,-9.0,Good
6028,85.0,179.0,25.0,120.0,28.0,0.0,0.0,100.0,-7.0,7,8,28.0,0.0,89.0,0.0,1.0,1.0,0.0,20.0,0.0,7.0,-8.0,88.0,Good
3400,72.0,29.0,3.0,20.0,11.0,0.0,0.0,100.0,-7.0,7,8,11.0,3.0,18.0,0.0,2.0,1.0,6.0,-8.0,3.0,1.0,0.0,44.0,Good
1940,62.0,192.0,5.0,38.0,22.0,0.0,0.0,100.0,-7.0,7,8,22.0,2.0,9.0,0.0,3.0,3.0,65.0,-8.0,15.0,-8.0,7.0,79.0,Bad
8790,68.0,195.0,4.0,67.0,22.0,1.0,0.0,87.0,34.0,6,5,23.0,3.0,52.0,2.0,3.0,3.0,74.0,88.0,3.0,3.0,2.0,75.0,Bad
10309,67.0,311.0,3.0,56.0,31.0,0.0,0.0,100.0,-7.0,7,8,31.0,8.0,45.0,0.0,2.0,2.0,48.0,92.0,8.0,8.0,2.0,94.0,Good
10298,75.0,413.0,9.0,112.0,33.0,0.0,0.0,100.0,-7.0,7,8,33.0,1.0,30.0,0.0,0.0,0.0,59.0,49.0,5.0,2.0,1.0,80.0,Good
2751,64.0,8.0,7.0,8.0,2.0,0.0,0.0,100.0,-7.0,7,8,2.0,2.0,100.0,-7.0,0.0,0.0,-8.0,81.0,-8.0,2.0,-8.0,100.0,Bad
2076,62.0,104.0,1.0,53.0,28.0,0.0,0.0,93.0,2.0,4,6,30.0,5.0,60.0,0.0,6.0,6.0,10.0,77.0,4.0,4.0,2.0,73.0,Bad
596,61.0,143.0,4.0,103.0,2.0,2.0,2.0,25.0,35.0,6,2,4.0,1.0,50.0,-7.0,2.0,2.0,-8.0,-8.0,-8.0,1.0,-8.0,100.0,Bad
5348,64.0,236.0,9.0,109.0,25.0,0.0,0.0,92.0,18.0,5,6,26.0,1.0,38.0,-7.0,3.0,3.0,81.0,49.0,13.0,3.0,6.0,100.0,Bad
7913,84.0,140.0,10.0,60.0,23.0,0.0,0.0,100.0,-7.0,7,8,23.0,1.0,26.0,0.0,0.0,0.0,4.0,88.0,3.0,2.0,0.0,45.0,Good
8193,58.0,38.0,3.0,19.0,13.0,1.0,1.0,93.0,15.0,6,4,14.0,5.0,64.0,0.0,1.0,1.0,82.0,91.0,2.0,5.0,1.0,100.0,Bad
9070,63.0,212.0,3.0,62.0,16.0,2.0,0.0,72.0,12.0,6,5,20.0,1.0,44.0,-7.0,2.0,2.0,66.0,89.0,3.0,5.0,2.0,73.0,Bad
2763,58.0,170.0,11.0,80.0,14.0,4.0,0.0,72.0,6.0,3,5,21.0,2.0,44.0,-7.0,0.0,0.0,65.0,68.0,3.0,4.0,0.0,100.0,Good
8115,78.0,294.0,11.0,78.0,28.0,1.0,1.0,97.0,59.0,6,3,29.0,1.0,24.0,2.0,1.0,1.0,6.0,-8.0,4.0,-8.0,0.0,33.0,Good
3039,65.0,174.0,9.0,71.0,22.0,0.0,0.0,74.0,4.0,4,6,45.0,1.0,39.0,12.0,0.0,0.0,28.0,99.0,7.0,6.0,1.0,76.0,Bad
5375,69.0,257.0,2.0,111.0,10.0,2.0,0.0,71.0,0.0,4,5,14.0,1.0,43.0,-7.0,1.0,1.0,51.0,-8.0,3.0,1.0,0.0,80.0,Bad
7559,70.0,69.0,1.0,25.0,17.0,0.0,0.0,100.0,-7.0,7,8,21.0,5.0,20.0,-7.0,0.0,0.0,21.0,89.0,5.0,2.0,2.0,70.0,Bad
6451,68.0,350.0,14.0,88.0,10.0,4.0,3.0,92.0,79.0,0,5,13.0,0.0,42.0,0.0,3.0,3.0,29.0,-8.0,4.0,1.0,0.0,83.0,Bad
5439,83.0,193.0,4.0,99.0,18.0,0.0,0.0,100.0,-7.0,7,8,18.0,1.0,33.0,0.0,1.0,1.0,37.0,-8.0,3.0,1.0,0.0,80.0,Good
10060,81.0,136.0,24.0,63.0,19.0,0.0,0.0,100.0,-7.0,7,8,19.0,0.0,21.0,-7.0,0.0,0.0,42.0,39.0,1.0,2.0,0.0,60.0,Good
4155,80.0,210.0,1.0,105.0,14.0,0.0,0.0,100.0,-7.0,7,8,15.0,1.0,7.0,0.0,0.0,0.0,35.0,-8.0,4.0,1.0,1.0,50.0,Bad
3269,74.0,227.0,19.0,105.0,11.0,3.0,2.0,71.0,9.0,6,4,19.0,0.0,40.0,-8.0,0.0,0.0,4.0,76.0,1.0,2.0,0.0,60.0,Bad
9789,80.0,151.0,8.0,62.0,15.0,0.0,0.0,100.0,-7.0,7,8,16.0,1.0,19.0,0.0,2.0,2.0,2.0,-8.0,4.0,1.0,0.0,50.0,Good
6842,80.0,211.0,9.0,73.0,28.0,0.0,0.0,96.0,30.0,6,6,28.0,1.0,39.0,0.0,2.0,2.0,5.0,82.0,4.0,2.0,0.0,60.0,Bad
4794,58.0,231.0,13.0,73.0,20.0,2.0,2.0,90.0,4.0,4,6,23.0,0.0,24.0,0.0,2.0,2.0,54.0,39.0,2.0,4.0,1.0,60.0,Bad
7468,72.0,183.0,7.0,63.0,15.0,0.0,0.0,100.0,-7.0,7,8,15.0,1.0,40.0,0.0,4.0,4.0,61.0,62.0,2.0,1.0,1.0,38.0,Bad
784,66.0,75.0,4.0,41.0,24.0,0.0,0.0,100.0,-7.0,7,8,25.0,2.0,32.0,4.0,2.0,2.0,54.0,79.0,6.0,4.0,3.0,71.0,Good
1918,64.0,180.0,3.0,48.0,13.0,1.0,1.0,92.0,41.0,6,6,14.0,3.0,62.0,0.0,1.0,1.0,75.0,31.0,2.0,4.0,1.0,86.0,Bad
5608,-9.0,-9.0,-9.0,-9.0,-9.0,-9.0,-9.0,-9.0,-9.0,-9,-9,-9.0,-9.0,-9.0,-9.0,-9.0,-9.0,-9.0,-9.0,-9.0,-9.0,-9.0,-9.0,Good
906,84.0,433.0,5.0,136.0,21.0,0.0,0.0,100.0,-7.0,7,8,24.0,1.0,33.0,-8.0,0.0,0.0,47.0,87.0,2.0,3.0,0.0,50.0,Good
1202,-9.0,-9.0,-9.0,-9.0,-9.0,-9.0,-9.0,-9.0,-9.0,-9,-9,-9.0,-9.0,-9.0,-9.0,-9.0,-9.0,-9.0,-9.0,-9.0,-9.0,-9.0,-9.0,Bad
3959,72.0,157.0,5.0,60.0,37.0,0.0,0.0,97.0,0.0,4,6,32.0,4.0,19.0,10.0,0.0,0.0,7.0,-8.0,4.0,1.0,0.0,45.0,Good
893,69.0,256.0,4.0,69.0,57.0,1.0,1.0,95.0,31.0,6,3,63.0,4.0,44.0,0.0,5.0,5.0,58.0,82.0,14.0,9.0,5.0,77.0,Good
3314,84.0,264.0,11.0,102.0,26.0,0.0,0.0,96.0,-7.0,5,7,27.0,1.0,33.0,1.0,1.0,1.0,21.0,57.0,7.0,3.0,0.0,100.0,Good
2466,58.0,183.0,2.0,47.0,29.0,0.0,0.0,93.0,25.0,6,6,24.0,4.0,40.0,-7.0,0.0,0.0,53.0,77.0,8.0,5.0,3.0,72.0,Bad
9095,64.0,240.0,4.0,83.0,33.0,0.0,0.0,94.0,48.0,6,6,37.0,1.0,58.0,-7.0,1.0,1.0,62.0,80.0,6.0,4.0,2.0,77.0,Good
2092,58.0,71.0,4.0,44.0,4.0,1.0,0.0,60.0,57.0,6,5,5.0,2.0,60.0,0.0,0.0,0.0,99.0,-8.0,1.0,1.0,1.0,100.0,Bad
5629,71.0,128.0,3.0,68.0,12.0,1.0,1.0,85.0,27.0,6,3,13.0,3.0,23.0,0.0,0.0,0.0,80.0,99.0,6.0,2.0,1.0,80.0,Bad
9534,60.0,170.0,7.0,59.0,21.0,0.0,0.0,96.0,57.0,6,6,26.0,3.0,69.0,0.0,2.0,2.0,88.0,-8.0,7.0,1.0,3.0,100.0,Bad
1525,81.0,126.0,2.0,31.0,25.0,0.0,0.0,100.0,-7.0,7,8,28.0,9.0,4.0,0.0,5.0,5.0,12.0,-8.0,6.0,-8.0,0.0,30.0,Bad
1023,65.0,399.0,15.0,147.0,11.0,2.0,2.0,80.0,5.0,0,2,15.0,0.0,7.0,0.0,1.0,1.0,30.0,-8.0,6.0,-8.0,0.0,60.0,Bad
3939,63.0,71.0,2.0,43.0,29.0,0.0,0.0,100.0,-7.0,7,8,18.0,5.0,16.0,2.0,3.0,3.0,46.0,86.0,12.0,3.0,3.0,65.0,Bad
3082,59.0,92.0,10.0,43.0,11.0,1.0,1.0,82.0,26.0,0,6,11.0,3.0,36.0,0.0,7.0,7.0,18.0,94.0,3.0,2.0,-8.0,83.0,Bad
7009,71.0,127.0,1.0,54.0,24.0,0.0,0.0,100.0,-7.0,7,8,28.0,5.0,46.0,0.0,5.0,5.0,54.0,100.0,4.0,2.0,2.0,55.0,Good
3286,80.0,306.0,3.0,79.0,16.0,0.0,0.0,100.0,-7.0,7,8,19.0,3.0,13.0,9.0,0.0,0.0,19.0,-8.0,4.0,1.0,2.0,50.0,Bad
2406,70.0,158.0,1.0,135.0,4.0,1.0,1.0,100.0,-7.0,7,8,13.0,1.0,80.0,-7.0,1.0,1.0,83.0,49.0,1.0,2.0,-8.0,100.0,Bad
3581,83.0,183.0,16.0,81.0,18.0,0.0,0.0,100.0,-7.0,7,8,32.0,0.0,61.0,7.0,1.0,0.0,3.0,67.0,1.0,4.0,0.0,63.0,Good
5388,85.0,139.0,4.0,81.0,28.0,0.0,0.0,100.0,-7.0,7,8,29.0,1.0,45.0,-7.0,2.0,2.0,0.0,-8.0,0.0,2.0,0.0,40.0,Good
5654,-9.0,-9.0,-9.0,-9.0,-9.0,-9.0,-9.0,-9.0,-9.0,-9,-9,-9.0,-9.0,-9.0,-9.0,-9.0,-9.0,-9.0,-9.0,-9.0,-9.0,-9.0,-9.0,Bad
3136,69.0,158.0,3.0,53.0,24.0,2.0,0.0,92.0,-8.0,6,5,4.0,4.0,23.0,0.0,2.0,2.0,40.0,55.0,8.0,2.0,1.0,63.0,Bad
3744,84.0,156.0,26.0,100.0,36.0,0.0,0.0,94.0,32.0,6,6,29.0,0.0,19.0,-8.0,0.0,0.0,9.0,-8.0,1.0,2.0,0.0,27.0,Bad
684,68.0,172.0,3.0,74.0,23.0,1.0,0.0,92.0,5.0,3,5,28.0,4.0,28.0,2.0,2.0,2.0,6.0,98.0,1.0,2.0,0.0,25.0,Good
8546,59.0,163.0,18.0,80.0,5.0,1.0,1.0,83.0,-8.0,6,6,6.0,0.0,83.0,6.0,0.0,0.0,101.0,42.0,1.0,2.0,1.0,100.0,Bad
5669,63.0,282.0,2.0,112.0,20.0,0.0,0.0,71.0,12.0,6,6,21.0,1.0,29.0,0.0,1.0,0.0,51.0,-8.0,7.0,2.0,3.0,77.0,Bad
9356,69.0,102.0,5.0,39.0,22.0,0.0,0.0,100.0,-7.0,7,8,22.0,4.0,5.0,1.0,5.0,5.0,31.0,-8.0,6.0,1.0,2.0,58.0,Good
4930,79.0,275.0,7.0,102.0,38.0,0.0,0.0,95.0,22.0,6,6,38.0,2.0,16.0,0.0,2.0,2.0,2.0,-8.0,6.0,2.0,0.0,40.0,Bad
506,59.0,255.0,14.0,147.0,16.0,1.0,1.0,89.0,1.0,4,2,19.0,0.0,42.0,-7.0,1.0,1.0,59.0,-8.0,2.0,2.0,0.0,100.0,Bad
5736,-9.0,-9.0,-9.0,-9.0,-9.0,-9.0,-9.0,-9.0,-9.0,-9,-9,-9.0,-9.0,-9.0,-9.0,-9.0,-9.0,-9.0,-9.0,-9.0,-9.0,-9.0,-9.0,Bad
9922,66.0,83.0,1.0,43.0,29.0,0.0,0.0,100.0,-7.0,7,8,30.0,6.0,23.0,0.0,7.0,7.0,29.0,61.0,7.0,5.0,3.0,50.0,Bad
2648,65.0,154.0,31.0,121.0,7.0,1.0,1.0,78.0,16.0,6,2,5.0,0.0,33.0,-7.0,0.0,0.0,85.0,-8.0,2.0,-8.0,1.0,100.0,Good
9764,58.0,154.0,1.0,54.0,27.0,2.0,2.0,100.0,-7.0,7,8,34.0,3.0,66.0,0.0,1.0,1.0,94.0,51.0,8.0,3.0,5.0,100.0,Bad
2967,70.0,244.0,4.0,131.0,34.0,0.0,0.0,97.0,-7.0,5,7,23.0,1.0,24.0,-8.0,0.0,0.0,78.0,76.0,14.0,2.0,6.0,84.0,Bad
6484,69.0,187.0,2.0,88.0,11.0,0.0,0.0,100.0,-7.0,7,8,15.0,2.0,53.0,0.0,2.0,2.0,86.0,-8.0,4.0,1.0,3.0,100.0,Bad
2491,72.0,178.0,1.0,60.0,29.0,0.0,0.0,100.0,-7.0,7,8,48.0,2.0,43.0,-7.0,3.0,3.0,60.0,85.0,6.0,2.0,2.0,89.0,Good
3655,65.0,75.0,10.0,32.0,16.0,0.0,0.0,88.0,2.0,4,6,16.0,2.0,25.0,4.0,2.0,2.0,37.0,83.0,7.0,2.0,0.0,69.0,Bad
816,57.0,224.0,4.0,83.0,25.0,2.0,0.0,62.0,3.0,4,5,34.0,5.0,47.0,5.0,1.0,1.0,63.0,62.0,4.0,3.0,1.0,88.0,Bad
1521,60.0,28.0,6.0,19.0,9.0,0.0,0.0,100.0,-7.0,7,8,10.0,3.0,20.0,0.0,2.0,2.0,58.0,-8.0,3.0,1.0,1.0,100.0,Bad
4284,64.0,56.0,40.0,47.0,2.0,2.0,0.0,50.0,20.0,6,5,4.0,0.0,50.0,0.0,0.0,0.0,-8.0,23.0,-8.0,2.0,-8.0,100.0,Bad
9995,77.0,201.0,1.0,73.0,23.0,0.0,0.0,100.0,-7.0,7,8,25.0,2.0,40.0,0.0,2.0,2.0,42.0,101.0,5.0,2.0,3.0,64.0,Bad
560,57.0,129.0,29.0,74.0,12.0,17.0,16.0,30.0,6.0,1,3,30.0,0.0,73.0,-7.0,0.0,0.0,26.0,47.0,2.0,9.0,0.0,92.0,Bad
7178,74.0,111.0,5.0,59.0,38.0,0.0,0.0,100.0,-7.0,7,8,38.0,2.0,21.0,0.0,0.0,0.0,22.0,76.0,5.0,4.0,1.0,41.0,Good
3317,76.0,168.0,4.0,67.0,16.0,0.0,0.0,100.0,-7.0,6,7,5.0,3.0,69.0,-8.0,0.0,0.0,52.0,97.0,4.0,1.0,1.0,100.0,Good
5616,77.0,187.0,4.0,59.0,19.0,0.0,0.0,95.0,72.0,6,6,19.0,1.0,58.0,0.0,3.0,3.0,14.0,70.0,2.0,3.0,0.0,56.0,Good
7380,76.0,149.0,15.0,62.0,13.0,0.0,0.0,100.0,-7.0,7,8,13.0,0.0,38.0,0.0,0.0,0.0,0.0,55.0,0.0,3.0,0.0,75.0,Good
6062,86.0,238.0,17.0,112.0,22.0,0.0,0.0,95.0,52.0,6,6,23.0,0.0,35.0,24.0,0.0,0.0,0.0,41.0,0.0,3.0,0.0,33.0,Bad
9237,89.0,214.0,2.0,74.0,15.0,0.0,0.0,100.0,-7.0,7,8,18.0,3.0,17.0,1.0,4.0,4.0,0.0,99.0,1.0,1.0,0.0,20.0,Good
4584,83.0,83.0,3.0,32.0,9.0,0.0,0.0,100.0,-7.0,7,8,9.0,1.0,56.0,-7.0,3.0,3.0,9.0,53.0,1.0,4.0,0.0,71.0,Bad
3938,82.0,194.0,4.0,102.0,26.0,0.0,0.0,100.0,-7.0,7,8,15.0,2.0,35.0,-8.0,2.0,0.0,12.0,51.0,3.0,3.0,0.0,67.0,Good
7954,83.0,108.0,17.0,69.0,8.0,0.0,0.0,100.0,-7.0,7,8,8.0,0.0,63.0,4.0,1.0,1.0,21.0,72.0,1.0,1.0,0.0,67.0,Bad
9667,55.0,152.0,6.0,78.0,23.0,2.0,1.0,87.0,1.0,4,3,31.0,3.0,58.0,0.0,0.0,0.0,0.0,91.0,0.0,2.0,0.0,75.0,Bad
9954,59.0,216.0,7.0,72.0,32.0,0.0,0.0,91.0,4.0,4,6,33.0,3.0,9.0,0.0,1.0,1.0,37.0,82.0,9.0,2.0,4.0,58.0,Bad
3893,54.0,191.0,5.0,89.0,11.0,6.0,4.0,73.0,22.0,0,2,14.0,3.0,40.0,4.0,1.0,1.0,15.0,73.0,2.0,1.0,0.0,75.0,Bad
2233,66.0,64.0,2.0,41.0,21.0,0.0,0.0,95.0,41.0,6,6,22.0,2.0,27.0,0.0,3.0,2.0,67.0,47.0,3.0,3.0,2.0,50.0,Bad
8252,89.0,317.0,48.0,155.0,9.0,0.0,0.0,100.0,-7.0,7,8,10.0,0.0,20.0,0.0,0.0,0.0,6.0,-8.0,4.0,-8.0,0.0,80.0,Good
6795,56.0,239.0,3.0,112.0,25.0,5.0,1.0,78.0,4.0,3,5,32.0,3.0,63.0,1.0,4.0,3.0,35.0,65.0,6.0,4.0,-8.0,83.0,Bad
3926,79.0,364.0,35.0,111.0,22.0,0.0,0.0,100.0,-7.0,7,8,31.0,0.0,27.0,-8.0,0.0,0.0,93.0,51.0,1.0,2.0,1.0,75.0,Good
4433,71.0,212.0,6.0,63.0,67.0,0.0,0.0,100.0,-7.0,7,8,67.0,1.0,15.0,0.0,14.0,14.0,32.0,50.0,5.0,3.0,2.0,56.0,Bad
10350,76.0,203.0,6.0,79.0,14.0,0.0,0.0,93.0,69.0,6,6,14.0,1.0,29.0,5.0,0.0,0.0,25.0,-8.0,3.0,1.0,1.0,80.0,Good
4174,71.0,158.0,1.0,75.0,31.0,2.0,1.0,88.0,14.0,6,3,34.0,1.0,32.0,0.0,1.0,1.0,71.0,5.0,3.0,2.0,2.0,29.0,Bad
8144,81.0,300.0,2.0,90.0,18.0,0.0,0.0,100.0,-7.0,7,8,19.0,4.0,21.0,2.0,1.0,1.0,17.0,-8.0,3.0,1.0,1.0,31.0,Good
5859,37.0,263.0,4.0,80.0,26.0,1.0,1.0,78.0,0.0,2,4,27.0,3.0,22.0,0.0,2.0,2.0,71.0,44.0,7.0,2.0,2.0,69.0,Bad
8240,65.0,604.0,13.0,194.0,43.0,0.0,0.0,91.0,2.0,4,6,45.0,0.0,36.0,0.0,1.0,1.0,16.0,78.0,12.0,4.0,2.0,74.0,Bad
7306,91.0,473.0,18.0,161.0,20.0,0.0,0.0,100.0,-7.0,7,8,21.0,0.0,33.0,0.0,0.0,0.0,3.0,-8.0,3.0,-8.0,0.0,38.0,Good
8713,63.0,252.0,1.0,88.0,17.0,0.0,0.0,94.0,5.0,4,6,18.0,2.0,17.0,0.0,2.0,2.0,42.0,-8.0,7.0,1.0,3.0,57.0,Bad
9920,62.0,215.0,7.0,81.0,23.0,2.0,1.0,80.0,16.0,6,2,25.0,1.0,20.0,0.0,2.0,1.0,65.0,100.0,9.0,1.0,3.0,71.0,Bad
210,86.0,439.0,2.0,112.0,18.0,0.0,0.0,100.0,-7.0,7,8,21.0,2.0,57.0,1.0,3.0,3.0,26.0,100.0,3.0,2.0,0.0,83.0,Good
4295,64.0,120.0,11.0,49.0,29.0,0.0,0.0,100.0,-7.0,7,8,29.0,2.0,17.0,0.0,0.0,0.0,68.0,85.0,6.0,3.0,4.0,50.0,Good
3578,90.0,106.0,28.0,100.0,11.0,0.0,0.0,100.0,-7.0,7,8,12.0,0.0,45.0,-8.0,0.0,0.0,0.0,-8.0,0.0,1.0,0.0,25.0,Good
5274,74.0,271.0,4.0,65.0,32.0,0.0,0.0,100.0,-7.0,7,8,33.0,8.0,18.0,0.0,1.0,1.0,18.0,-8.0,4.0,-8.0,1.0,20.0,Bad
5827,59.0,408.0,1.0,100.0,17.0,1.0,1.0,78.0,53.0,6,4,23.0,4.0,39.0,0.0,5.0,5.0,54.0,74.0,4.0,4.0,3.0,62.0,Bad
2256,63.0,145.0,2.0,23.0,12.0,1.0,1.0,100.0,-7.0,7,8,3.0,5.0,23.0,-7.0,0.0,0.0,49.0,61.0,7.0,2.0,2.0,92.0,Bad
10423,81.0,194.0,8.0,60.0,25.0,0.0,0.0,96.0,56.0,6,6,25.0,3.0,44.0,8.0,0.0,0.0,15.0,-8.0,3.0,2.0,0.0,63.0,Good
3634,72.0,86.0,3.0,51.0,27.0,0.0,0.0,100.0,-7.0,7,8,15.0,5.0,15.0,2.0,1.0,1.0,60.0,-8.0,5.0,1.0,2.0,50.0,Good
840,64.0,37.0,8.0,20.0,5.0,0.0,0.0,100.0,-7.0,7,8,5.0,2.0,60.0,5.0,0.0,0.0,74.0,84.0,1.0,2.0,1.0,75.0,Bad
6725,86.0,257.0,20.0,117.0,29.0,0.0,0.0,100.0,-7.0,6,7,29.0,0.0,45.0,-7.0,0.0,0.0,10.0,48.0,3.0,2.0,0.0,71.0,Good
10452,90.0,197.0,5.0,92.0,13.0,0.0,0.0,100.0,-7.0,7,8,13.0,1.0,46.0,4.0,2.0,2.0,5.0,50.0,3.0,3.0,0.0,100.0,Good
8588,67.0,56.0,33.0,48.0,2.0,6.0,6.0,67.0,27.0,0,3,3.0,0.0,33.0,-8.0,0.0,0.0,0.0,-8.0,0.0,-8.0,-8.0,0.0,Bad
270,83.0,176.0,8.0,70.0,8.0,0.0,0.0,100.0,-7.0,7,8,8.0,3.0,50.0,0.0,0.0,0.0,38.0,91.0,2.0,2.0,0.0,80.0,Bad
474,67.0,255.0,1.0,104.0,41.0,6.0,6.0,88.0,12.0,6,6,48.0,1.0,21.0,0.0,1.0,1.0,30.0,59.0,3.0,4.0,1.0,39.0,Good
202,81.0,334.0,16.0,104.0,18.0,0.0,0.0,100.0,-7.0,7,8,19.0,0.0,68.0,9.0,0.0,0.0,29.0,34.0,3.0,3.0,0.0,86.0,Good
5086,64.0,145.0,2.0,54.0,28.0,0.0,0.0,100.0,-7.0,7,8,29.0,5.0,66.0,-7.0,4.0,3.0,74.0,59.0,5.0,4.0,2.0,82.0,Bad
4846,61.0,146.0,3.0,58.0,35.0,0.0,0.0,63.0,6.0,4,6,44.0,4.0,45.0,6.0,0.0,0.0,27.0,87.0,4.0,3.0,2.0,64.0,Bad
5040,71.0,191.0,6.0,74.0,33.0,2.0,1.0,91.0,1.0,0,2,35.0,3.0,17.0,0.0,2.0,2.0,29.0,89.0,4.0,2.0,1.0,50.0,Bad
5788,57.0,181.0,4.0,69.0,28.0,1.0,0.0,84.0,5.0,4,5,32.0,4.0,31.0,0.0,2.0,2.0,78.0,83.0,3.0,3.0,2.0,78.0,Bad
8437,84.0,159.0,13.0,80.0,22.0,0.0,0.0,100.0,-7.0,7,8,22.0,0.0,18.0,0.0,2.0,2.0,1.0,-8.0,2.0,1.0,1.0,30.0,Good
6996,92.0,406.0,8.0,149.0,12.0,0.0,0.0,100.0,-7.0,7,8,13.0,1.0,38.0,0.0,2.0,2.0,5.0,92.0,1.0,1.0,0.0,50.0,Good
9721,70.0,178.0,2.0,95.0,43.0,0.0,0.0,100.0,-7.0,7,8,55.0,5.0,35.0,1.0,5.0,5.0,71.0,71.0,5.0,3.0,3.0,53.0,Bad
555,89.0,184.0,9.0,126.0,20.0,0.0,0.0,100.0,-7.0,7,8,22.0,1.0,18.0,-7.0,2.0,2.0,7.0,-8.0,2.0,-8.0,0.0,33.0,Good
7678,77.0,187.0,2.0,63.0,35.0,0.0,0.0,100.0,-7.0,7,8,36.0,1.0,19.0,-7.0,0.0,0.0,13.0,-8.0,6.0,1.0,1.0,35.0,Bad
8188,80.0,94.0,3.0,49.0,27.0,0.0,0.0,100.0,-7.0,7,8,28.0,1.0,14.0,0.0,2.0,2.0,21.0,-8.0,4.0,1.0,0.0,45.0,Bad
6009,65.0,170.0,7.0,67.0,12.0,1.0,0.0,60.0,38.0,6,5,15.0,2.0,40.0,7.0,0.0,0.0,71.0,-8.0,3.0,2.0,2.0,71.0,Good
1694,65.0,125.0,9.0,75.0,14.0,4.0,1.0,79.0,16.0,6,3,19.0,1.0,53.0,0.0,0.0,0.0,85.0,-8.0,1.0,1.0,1.0,75.0,Bad
2869,56.0,143.0,11.0,71.0,28.0,0.0,0.0,87.0,4.0,4,6,22.0,1.0,50.0,2.0,2.0,2.0,84.0,61.0,5.0,4.0,1.0,100.0,Good
4292,58.0,106.0,4.0,43.0,25.0,0.0,0.0,86.0,24.0,6,6,28.0,2.0,50.0,0.0,3.0,3.0,67.0,93.0,6.0,2.0,0.0,89.0,Bad
8035,78.0,218.0,3.0,73.0,35.0,0.0,0.0,97.0,71.0,6,6,36.0,5.0,29.0,22.0,0.0,0.0,5.0,96.0,3.0,4.0,2.0,41.0,Bad
8309,71.0,142.0,10.0,65.0,22.0,0.0,0.0,100.0,-7.0,7,8,23.0,1.0,45.0,4.0,1.0,1.0,55.0,71.0,5.0,3.0,1.0,89.0,Good
5338,55.0,294.0,10.0,75.0,24.0,5.0,5.0,75.0,5.0,1,3,31.0,1.0,36.0,0.0,0.0,0.0,60.0,12.0,5.0,2.0,0.0,64.0,Good
10312,87.0,374.0,3.0,102.0,44.0,0.0,0.0,98.0,-7.0,5,7,44.0,5.0,16.0,1.0,3.0,3.0,4.0,111.0,6.0,2.0,0.0,39.0,Good
675,60.0,123.0,5.0,52.0,13.0,4.0,3.0,73.0,8.0,0,2,15.0,3.0,33.0,6.0,0.0,0.0,26.0,-8.0,2.0,1.0,0.0,50.0,Bad
5686,85.0,276.0,6.0,95.0,27.0,0.0,0.0,96.0,27.0,6,6,28.0,3.0,21.0,0.0,0.0,0.0,6.0,90.0,4.0,2.0,0.0,32.0,Bad
5817,57.0,187.0,20.0,101.0,7.0,1.0,0.0,60.0,1.0,4,5,10.0,0.0,40.0,0.0,0.0,0.0,75.0,62.0,3.0,2.0,1.0,100.0,Bad
9327,90.0,308.0,4.0,95.0,28.0,0.0,0.0,100.0,-7.0,7,8,31.0,2.0,27.0,4.0,2.0,2.0,2.0,-8.0,2.0,1.0,0.0,33.0,Good
6758,62.0,391.0,7.0,131.0,28.0,3.0,1.0,87.0,2.0,3,2,31.0,1.0,16.0,9.0,0.0,0.0,4.0,-8.0,4.0,1.0,0.0,54.0,Good
1872,82.0,241.0,4.0,95.0,33.0,0.0,0.0,100.0,-7.0,7,8,33.0,4.0,6.0,0.0,2.0,2.0,2.0,-8.0,4.0,2.0,0.0,43.0,Bad
491,85.0,160.0,20.0,55.0,27.0,0.0,0.0,100.0,-7.0,7,8,28.0,0.0,22.0,-7.0,2.0,2.0,11.0,-8.0,3.0,1.0,0.0,50.0,Good
5785,-9.0,-9.0,-9.0,-9.0,-9.0,-9.0,-9.0,-9.0,-9.0,-9,-9,-9.0,-9.0,-9.0,-9.0,-9.0,-9.0,-9.0,-9.0,-9.0,-9.0,-9.0,-9.0,Good
6980,73.0,170.0,0.0,46.0,42.0,0.0,0.0,100.0,-7.0,7,8,45.0,7.0,33.0,0.0,5.0,4.0,33.0,23.0,3.0,3.0,1.0,60.0,Bad
4685,64.0,150.0,2.0,50.0,32.0,1.0,1.0,94.0,26.0,0,2,34.0,3.0,32.0,2.0,2.0,2.0,55.0,84.0,7.0,3.0,3.0,79.0,Good
7177,61.0,184.0,7.0,55.0,4.0,2.0,2.0,67.0,3.0,0,2,6.0,1.0,67.0,0.0,0.0,0.0,14.0,74.0,1.0,3.0,0.0,100.0,Bad
6712,53.0,325.0,21.0,114.0,24.0,0.0,0.0,80.0,0.0,4,6,26.0,0.0,24.0,-7.0,1.0,1.0,82.0,79.0,9.0,4.0,6.0,82.0,Good
7376,59.0,182.0,7.0,105.0,11.0,7.0,3.0,53.0,8.0,4,5,20.0,2.0,65.0,0.0,0.0,0.0,31.0,92.0,2.0,3.0,0.0,100.0,Bad
1853,80.0,277.0,5.0,106.0,16.0,0.0,0.0,88.0,9.0,4,6,17.0,3.0,24.0,0.0,0.0,0.0,5.0,95.0,3.0,2.0,0.0,45.0,Good
1979,59.0,30.0,2.0,15.0,10.0,0.0,0.0,100.0,-7.0,7,8,12.0,1.0,25.0,0.0,3.0,3.0,62.0,32.0,6.0,2.0,3.0,89.0,Bad
6251,76.0,162.0,7.0,81.0,15.0,0.0,0.0,100.0,-7.0,7,8,15.0,1.0,40.0,-8.0,0.0,0.0,54.0,-8.0,3.0,2.0,2.0,83.0,Good
262,75.0,254.0,4.0,60.0,9.0,0.0,0.0,100.0,-7.0,7,8,9.0,2.0,44.0,0.0,1.0,1.0,60.0,95.0,2.0,2.0,0.0,80.0,Good
3654,81.0,6.0,1.0,86.0,32.0,0.0,0.0,100.0,-7.0,7,8,3.0,3.0,33.0,5.0,1.0,1.0,18.0,92.0,5.0,2.0,1.0,47.0,Good
10008,69.0,148.0,11.0,62.0,20.0,0.0,0.0,100.0,-7.0,7,8,20.0,1.0,55.0,0.0,0.0,0.0,83.0,26.0,2.0,5.0,1.0,100.0,Bad
4990,73.0,134.0,1.0,33.0,3.0,1.0,1.0,86.0,29.0,6,3,7.0,3.0,29.0,0.0,2.0,2.0,5.0,-8.0,2.0,1.0,1.0,75.0,Bad
9120,68.0,-8.0,2.0,114.0,18.0,3.0,3.0,95.0,20.0,6,2,21.0,2.0,38.0,-7.0,4.0,4.0,5.0,92.0,1.0,2.0,0.0,50.0,Bad
1726,79.0,238.0,7.0,92.0,23.0,0.0,0.0,96.0,59.0,6,6,23.0,1.0,22.0,0.0,0.0,0.0,31.0,49.0,8.0,3.0,0.0,61.0,Good
192,62.0,135.0,8.0,59.0,15.0,2.0,2.0,81.0,4.0,4,6,16.0,1.0,81.0,0.0,11.0,10.0,13.0,59.0,2.0,4.0,0.0,100.0,Bad
1987,88.0,229.0,20.0,102.0,22.0,0.0,0.0,100.0,-7.0,7,8,22.0,0.0,27.0,0.0,0.0,0.0,5.0,-8.0,2.0,1.0,0.0,50.0,Bad
4635,84.0,146.0,57.0,83.0,10.0,0.0,0.0,100.0,-7.0,7,8,10.0,0.0,20.0,3.0,1.0,1.0,13.0,-8.0,1.0,-8.0,0.0,20.0,Good
8034,79.0,290.0,2.0,132.0,31.0,0.0,0.0,100.0,-7.0,7,8,33.0,1.0,27.0,0.0,1.0,1.0,42.0,-8.0,5.0,1.0,0.0,75.0,Good
7447,61.0,40.0,5.0,19.0,9.0,0.0,0.0,89.0,38.0,6,6,9.0,3.0,56.0,0.0,5.0,5.0,56.0,75.0,2.0,5.0,1.0,100.0,Bad
7769,62.0,22.0,1.0,12.0,7.0,0.0,0.0,100.0,-7.0,7,8,9.0,5.0,22.0,9.0,0.0,0.0,59.0,88.0,5.0,2.0,0.0,100.0,Bad
8803,84.0,165.0,36.0,88.0,12.0,0.0,0.0,100.0,-7.0,7,8,12.0,0.0,50.0,-8.0,0.0,0.0,18.0,-8.0,1.0,1.0,0.0,67.0,Good
4169,64.0,165.0,1.0,52.0,9.0,2.0,2.0,82.0,28.0,6,4,12.0,1.0,18.0,0.0,2.0,2.0,9.0,100.0,2.0,1.0,0.0,50.0,Good
6346,70.0,137.0,50.0,89.0,8.0,0.0,0.0,100.0,-7.0,7,8,9.0,0.0,22.0,0.0,0.0,0.0,100.0,-8.0,3.0,-8.0,2.0,100.0,Good
5432,62.0,89.0,22.0,61.0,24.0,0.0,0.0,92.0,31.0,6,6,25.0,0.0,36.0,11.0,0.0,0.0,70.0,-8.0,4.0,1.0,2.0,63.0,Good
6942,75.0,191.0,5.0,97.0,28.0,0.0,0.0,97.0,1.0,6,6,30.0,1.0,28.0,5.0,1.0,1.0,3.0,37.0,5.0,3.0,0.0,47.0,Good
880,70.0,88.0,3.0,45.0,38.0,0.0,0.0,97.0,8.0,4,6,38.0,3.0,13.0,3.0,2.0,2.0,15.0,45.0,1.0,1.0,0.0,10.0,Good
10052,63.0,213.0,18.0,98.0,4.0,2.0,2.0,100.0,-7.0,6,8,4.0,0.0,50.0,-7.0,0.0,0.0,114.0,-8.0,1.0,1.0,-8.0,100.0,Bad
6208,83.0,204.0,6.0,98.0,14.0,0.0,0.0,100.0,-7.0,7,8,14.0,3.0,21.0,6.0,0.0,0.0,27.0,-8.0,2.0,1.0,0.0,25.0,Good
9004,66.0,286.0,8.0,122.0,40.0,0.0,0.0,89.0,38.0,6,6,44.0,1.0,57.0,0.0,0.0,0.0,100.0,32.0,2.0,3.0,1.0,100.0,Good
7026,63.0,133.0,100.0,113.0,4.0,1.0,1.0,80.0,38.0,6,6,5.0,0.0,80.0,12.0,0.0,0.0,79.0,-8.0,1.0,-8.0,-8.0,100.0,Bad
5074,89.0,219.0,2.0,75.0,11.0,0.0,0.0,100.0,-7.0,7,8,12.0,1.0,17.0,0.0,0.0,0.0,4.0,-8.0,3.0,1.0,0.0,57.0,Good
212,62.0,295.0,7.0,124.0,55.0,0.0,0.0,95.0,8.0,4,6,57.0,2.0,39.0,5.0,0.0,0.0,32.0,48.0,6.0,4.0,2.0,57.0,Bad
7062,76.0,148.0,1.0,58.0,33.0,0.0,0.0,100.0,-7.0,7,8,35.0,3.0,35.0,0.0,1.0,1.0,15.0,94.0,2.0,5.0,1.0,54.0,Bad
166,71.0,179.0,4.0,68.0,32.0,1.0,1.0,97.0,50.0,6,3,33.0,5.0,21.0,1.0,5.0,5.0,43.0,45.0,12.0,4.0,3.0,76.0,Bad
277,63.0,234.0,25.0,159.0,8.0,2.0,1.0,43.0,23.0,6,2,14.0,0.0,14.0,0.0,0.0,0.0,33.0,-8.0,1.0,-8.0,1.0,33.0,Bad
2682,68.0,265.0,2.0,84.0,21.0,0.0,0.0,95.0,2.0,4,6,36.0,3.0,55.0,-7.0,2.0,2.0,27.0,100.0,3.0,2.0,1.0,71.0,Bad
4017,91.0,-8.0,20.0,113.0,15.0,0.0,0.0,100.0,-7.0,7,8,0.0,0.0,20.0,1.0,1.0,1.0,3.0,14.0,1.0,1.0,0.0,29.0,Good
5574,76.0,315.0,13.0,117.0,35.0,0.0,0.0,97.0,40.0,6,6,35.0,0.0,17.0,0.0,1.0,1.0,15.0,57.0,10.0,5.0,2.0,53.0,Bad
4643,78.0,73.0,19.0,46.0,7.0,0.0,0.0,100.0,-7.0,7,8,7.0,0.0,43.0,19.0,0.0,0.0,-8.0,-8.0,-8.0,1.0,-8.0,100.0,Bad
62,81.0,137.0,9.0,66.0,34.0,0.0,0.0,100.0,-7.0,7,8,34.0,1.0,62.0,0.0,1.0,1.0,24.0,92.0,3.0,4.0,0.0,78.0,Bad
5426,68.0,95.0,4.0,42.0,21.0,0.0,0.0,100.0,-7.0,7,8,22.0,2.0,14.0,0.0,2.0,2.0,65.0,13.0,3.0,2.0,1.0,83.0,Bad
8355,83.0,161.0,9.0,75.0,26.0,0.0,0.0,100.0,-7.0,7,8,26.0,2.0,15.0,0.0,0.0,0.0,10.0,85.0,3.0,2.0,0.0,50.0,Good
3180,83.0,130.0,1.0,62.0,31.0,0.0,0.0,100.0,-7.0,7,8,37.0,1.0,9.0,18.0,0.0,0.0,6.0,-8.0,3.0,1.0,0.0,33.0,Good
8654,85.0,320.0,9.0,81.0,27.0,0.0,0.0,100.0,-7.0,7,8,32.0,2.0,47.0,8.0,0.0,0.0,4.0,-8.0,1.0,3.0,0.0,36.0,Good
6223,68.0,213.0,1.0,96.0,31.0,0.0,0.0,100.0,-7.0,7,8,33.0,2.0,18.0,1.0,3.0,3.0,81.0,76.0,15.0,2.0,7.0,95.0,Bad
46,83.0,398.0,3.0,118.0,29.0,0.0,0.0,100.0,-7.0,7,8,29.0,2.0,31.0,0.0,3.0,3.0,22.0,87.0,6.0,3.0,0.0,69.0,Good
4171,70.0,281.0,14.0,101.0,36.0,0.0,0.0,100.0,-7.0,7,8,36.0,0.0,14.0,0.0,0.0,0.0,68.0,28.0,10.0,2.0,5.0,57.0,Bad
10218,82.0,92.0,6.0,49.0,12.0,0.0,0.0,100.0,-7.0,7,8,12.0,1.0,17.0,5.0,0.0,0.0,6.0,-8.0,6.0,1.0,0.0,64.0,Good
5199,56.0,166.0,8.0,72.0,18.0,1.0,0.0,77.0,3.0,4,5,22.0,2.0,32.0,5.0,2.0,2.0,82.0,28.0,5.0,2.0,3.0,88.0,Good
9581,83.0,220.0,1.0,121.0,39.0,0.0,0.0,100.0,-7.0,7,8,41.0,1.0,39.0,-7.0,1.0,1.0,17.0,-8.0,6.0,1.0,0.0,47.0,Good
3943,86.0,311.0,15.0,115.0,27.0,0.0,0.0,100.0,-7.0,7,8,24.0,0.0,0.0,2.0,1.0,1.0,5.0,-8.0,2.0,-8.0,0.0,20.0,Good
8739,68.0,142.0,5.0,54.0,26.0,0.0,0.0,100.0,-7.0,7,8,27.0,2.0,26.0,0.0,3.0,3.0,70.0,68.0,5.0,3.0,3.0,80.0,Bad
8988,58.0,91.0,4.0,41.0,31.0,0.0,0.0,100.0,-7.0,7,8,32.0,5.0,56.0,0.0,1.0,1.0,71.0,90.0,13.0,4.0,4.0,100.0,Bad
9381,80.0,446.0,42.0,158.0,16.0,1.0,1.0,100.0,-7.0,6,8,17.0,0.0,24.0,-8.0,0.0,0.0,0.0,-8.0,1.0,1.0,0.0,50.0,Good
1546,67.0,163.0,7.0,71.0,14.0,1.0,1.0,100.0,-7.0,6,8,14.0,1.0,36.0,0.0,1.0,1.0,67.0,76.0,2.0,3.0,1.0,67.0,Bad
1768,84.0,245.0,5.0,103.0,17.0,0.0,0.0,100.0,-7.0,7,8,17.0,3.0,24.0,0.0,1.0,1.0,16.0,37.0,1.0,2.0,0.0,30.0,Good
4081,81.0,220.0,12.0,36.0,5.0,0.0,0.0,100.0,-7.0,7,8,35.0,0.0,60.0,7.0,0.0,0.0,0.0,-8.0,0.0,1.0,0.0,33.0,Bad
7964,69.0,225.0,14.0,88.0,30.0,0.0,0.0,100.0,-7.0,7,8,32.0,0.0,20.0,0.0,2.0,1.0,57.0,68.0,9.0,1.0,3.0,71.0,Good
10327,67.0,124.0,2.0,47.0,38.0,0.0,0.0,100.0,-7.0,7,8,39.0,3.0,23.0,0.0,8.0,8.0,56.0,70.0,7.0,4.0,3.0,65.0,Bad
2565,59.0,-8.0,14.0,51.0,18.0,1.0,1.0,84.0,10.0,4,2,0.0,0.0,32.0,-7.0,3.0,3.0,78.0,73.0,6.0,2.0,4.0,80.0,Bad
3756,70.0,187.0,2.0,92.0,32.0,0.0,0.0,97.0,19.0,6,6,11.0,4.0,29.0,1.0,4.0,4.0,47.0,101.0,8.0,2.0,3.0,63.0,Bad
8269,65.0,194.0,2.0,83.0,54.0,0.0,0.0,97.0,32.0,5,6,60.0,4.0,22.0,-7.0,1.0,1.0,69.0,71.0,10.0,4.0,5.0,84.0,Bad
7613,83.0,97.0,2.0,40.0,10.0,0.0,0.0,100.0,-7.0,7,8,11.0,3.0,36.0,-7.0,1.0,0.0,5.0,95.0,3.0,2.0,0.0,63.0,Bad
9866,56.0,158.0,11.0,79.0,12.0,0.0,0.0,83.0,0.0,4,6,12.0,1.0,17.0,0.0,2.0,2.0,98.0,54.0,4.0,2.0,3.0,100.0,Bad
4370,68.0,45.0,4.0,20.0,12.0,0.0,0.0,100.0,-7.0,7,8,14.0,3.0,50.0,0.0,0.0,0.0,40.0,90.0,5.0,3.0,1.0,100.0,Bad
505,63.0,149.0,13.0,49.0,17.0,1.0,1.0,100.0,-7.0,7,8,17.0,0.0,6.0,-7.0,2.0,2.0,58.0,-8.0,7.0,1.0,3.0,57.0,Bad
7123,66.0,130.0,8.0,49.0,15.0,1.0,1.0,88.0,33.0,6,2,16.0,1.0,81.0,0.0,0.0,0.0,78.0,83.0,1.0,5.0,-8.0,100.0,Good
4234,65.0,163.0,1.0,71.0,22.0,0.0,0.0,100.0,-7.0,7,8,24.0,1.0,13.0,0.0,0.0,0.0,86.0,14.0,12.0,2.0,8.0,88.0,Bad
7076,91.0,296.0,24.0,127.0,9.0,0.0,0.0,100.0,-7.0,7,8,9.0,0.0,22.0,-8.0,0.0,0.0,0.0,-8.0,0.0,-8.0,0.0,20.0,Bad
768,67.0,134.0,2.0,52.0,23.0,0.0,0.0,92.0,63.0,6,6,25.0,3.0,25.0,0.0,10.0,9.0,30.0,-8.0,5.0,2.0,1.0,64.0,Bad
5221,72.0,221.0,3.0,76.0,13.0,0.0,0.0,100.0,-7.0,7,8,13.0,4.0,54.0,0.0,3.0,3.0,75.0,96.0,5.0,4.0,2.0,100.0,Bad
8399,68.0,301.0,7.0,91.0,30.0,0.0,0.0,100.0,-7.0,7,8,34.0,1.0,18.0,0.0,1.0,1.0,76.0,42.0,8.0,2.0,6.0,56.0,Bad
5383,56.0,173.0,21.0,69.0,6.0,2.0,0.0,86.0,1.0,4,5,7.0,0.0,57.0,-7.0,0.0,0.0,82.0,100.0,3.0,2.0,3.0,100.0,Bad
7238,66.0,111.0,14.0,54.0,14.0,1.0,0.0,94.0,42.0,6,5,16.0,0.0,6.0,0.0,0.0,0.0,96.0,-8.0,7.0,-8.0,5.0,100.0,Bad
1147,-9.0,-9.0,-9.0,-9.0,-9.0,-9.0,-9.0,-9.0,-9.0,-9,-9,-9.0,-9.0,-9.0,-9.0,-9.0,-9.0,-9.0,-9.0,-9.0,-9.0,-9.0,-9.0,Good
5107,88.0,261.0,23.0,88.0,22.0,0.0,0.0,100.0,-7.0,7,8,22.0,0.0,23.0,-8.0,0.0,0.0,7.0,-8.0,3.0,1.0,0.0,36.0,Good
102,71.0,177.0,8.0,95.0,24.0,0.0,0.0,96.0,-8.0,6,6,24.0,1.0,75.0,-7.0,1.0,1.0,87.0,87.0,4.0,2.0,3.0,100.0,Bad
8793,65.0,112.0,2.0,70.0,9.0,0.0,0.0,73.0,4.0,4,6,11.0,1.0,27.0,1.0,1.0,1.0,21.0,-8.0,3.0,1.0,0.0,67.0,Bad
10213,80.0,61.0,8.0,37.0,8.0,0.0,0.0,100.0,-7.0,7,8,8.0,1.0,13.0,1.0,2.0,2.0,0.0,-8.0,1.0,-8.0,0.0,50.0,Bad
3737,89.0,172.0,19.0,87.0,22.0,0.0,0.0,100.0,-7.0,7,8,49.0,0.0,23.0,18.0,0.0,0.0,14.0,-8.0,2.0,2.0,0.0,40.0,Good
6650,67.0,48.0,18.0,38.0,2.0,1.0,0.0,67.0,6.0,3,5,3.0,0.0,0.0,-7.0,3.0,3.0,5.0,-8.0,1.0,-8.0,0.0,50.0,Bad
9303,-9.0,-9.0,-9.0,-9.0,-9.0,-9.0,-9.0,-9.0,-9.0,-9,-9,-9.0,-9.0,-9.0,-9.0,-9.0,-9.0,-9.0,-9.0,-9.0,-9.0,-9.0,-9.0,Good
5258,74.0,250.0,18.0,81.0,19.0,0.0,0.0,100.0,-7.0,7,8,20.0,0.0,20.0,0.0,1.0,1.0,69.0,54.0,6.0,3.0,2.0,69.0,Good
2411,81.0,80.0,10.0,86.0,13.0,0.0,0.0,100.0,-7.0,7,8,19.0,3.0,31.0,-7.0,0.0,0.0,39.0,-8.0,5.0,1.0,0.0,100.0,Good
4548,71.0,200.0,3.0,83.0,20.0,0.0,0.0,95.0,16.0,6,6,20.0,1.0,25.0,-7.0,0.0,0.0,53.0,62.0,7.0,3.0,1.0,71.0,Bad
839,70.0,300.0,5.0,98.0,62.0,0.0,0.0,98.0,67.0,6,6,64.0,1.0,27.0,0.0,3.0,3.0,31.0,33.0,10.0,5.0,1.0,59.0,Good
444,77.0,292.0,8.0,84.0,20.0,0.0,0.0,100.0,-7.0,7,8,20.0,1.0,70.0,0.0,4.0,4.0,51.0,57.0,3.0,3.0,1.0,78.0,Bad
7993,65.0,246.0,16.0,109.0,19.0,1.0,0.0,81.0,11.0,4,5,21.0,0.0,24.0,20.0,0.0,0.0,87.0,-8.0,3.0,2.0,3.0,100.0,Bad
2498,63.0,146.0,2.0,47.0,17.0,1.0,1.0,100.0,-7.0,6,8,15.0,4.0,17.0,-7.0,2.0,2.0,64.0,-8.0,9.0,2.0,4.0,79.0,Bad
7595,71.0,293.0,5.0,74.0,22.0,1.0,1.0,91.0,5.0,4,2,23.0,2.0,13.0,-7.0,1.0,1.0,18.0,94.0,6.0,2.0,0.0,47.0,Bad
1838,56.0,148.0,12.0,59.0,13.0,2.0,2.0,75.0,1.0,0,2,16.0,0.0,63.0,0.0,1.0,1.0,86.0,4.0,3.0,2.0,1.0,71.0,Bad
6939,84.0,192.0,22.0,95.0,18.0,0.0,0.0,100.0,-7.0,7,8,18.0,0.0,22.0,14.0,0.0,0.0,18.0,63.0,2.0,2.0,0.0,44.0,Good
9343,69.0,179.0,6.0,69.0,25.0,1.0,1.0,100.0,-7.0,6,8,25.0,4.0,32.0,0.0,1.0,1.0,43.0,77.0,6.0,3.0,3.0,75.0,Bad
5923,58.0,148.0,20.0,71.0,24.0,1.0,1.0,92.0,5.0,4,4,26.0,0.0,56.0,-7.0,0.0,0.0,68.0,74.0,7.0,3.0,3.0,71.0,Good
8216,72.0,214.0,17.0,61.0,21.0,0.0,0.0,100.0,-7.0,7,8,21.0,0.0,33.0,0.0,0.0,0.0,66.0,66.0,7.0,2.0,2.0,64.0,Good
2056,67.0,137.0,1.0,54.0,15.0,0.0,0.0,82.0,38.0,6,6,17.0,1.0,24.0,0.0,3.0,2.0,47.0,-8.0,4.0,1.0,1.0,60.0,Bad
4713,76.0,73.0,4.0,32.0,15.0,0.0,0.0,100.0,-7.0,7,8,15.0,2.0,20.0,4.0,1.0,1.0,21.0,86.0,5.0,2.0,0.0,54.0,Good
5367,54.0,141.0,8.0,54.0,15.0,2.0,0.0,71.0,2.0,3,5,17.0,2.0,41.0,-7.0,0.0,0.0,49.0,86.0,3.0,3.0,2.0,75.0,Bad
1725,76.0,308.0,42.0,135.0,10.0,1.0,1.0,92.0,18.0,5,2,13.0,0.0,31.0,0.0,0.0,0.0,1.0,-8.0,1.0,-8.0,0.0,33.0,Good
1450,-9.0,-9.0,-9.0,-9.0,-9.0,-9.0,-9.0,-9.0,-9.0,-9,-9,-9.0,-9.0,-9.0,-9.0,-9.0,-9.0,-9.0,-9.0,-9.0,-9.0,-9.0,-9.0,Good
4317,84.0,246.0,1.0,69.0,20.0,0.0,0.0,100.0,-7.0,7,8,21.0,1.0,33.0,0.0,2.0,2.0,8.0,13.0,4.0,2.0,0.0,60.0,Bad
7464,56.0,100.0,22.0,47.0,2.0,3.0,2.0,40.0,7.0,0,2,5.0,0.0,20.0,0.0,1.0,1.0,-8.0,-8.0,-8.0,1.0,-8.0,100.0,Bad
7200,76.0,331.0,18.0,137.0,20.0,0.0,0.0,95.0,45.0,6,6,21.0,0.0,10.0,0.0,3.0,3.0,14.0,-8.0,5.0,-8.0,1.0,36.0,Bad
4624,79.0,75.0,2.0,37.0,15.0,0.0,0.0,100.0,-7.0,7,8,16.0,3.0,44.0,1.0,1.0,1.0,20.0,83.0,2.0,3.0,0.0,56.0,Good
2797,58.0,191.0,2.0,75.0,16.0,2.0,2.0,67.0,5.0,4,4,15.0,3.0,62.0,-7.0,2.0,2.0,0.0,44.0,1.0,5.0,0.0,55.0,Bad
6138,69.0,345.0,2.0,89.0,30.0,0.0,0.0,100.0,-7.0,7,8,31.0,3.0,19.0,9.0,0.0,0.0,45.0,33.0,8.0,3.0,3.0,65.0,Bad
4649,60.0,261.0,2.0,121.0,10.0,1.0,0.0,46.0,41.0,6,5,13.0,1.0,38.0,2.0,1.0,1.0,4.0,101.0,3.0,2.0,0.0,100.0,Good
8525,72.0,-8.0,9.0,61.0,23.0,0.0,0.0,100.0,-7.0,7,8,24.0,8.0,21.0,8.0,1.0,0.0,23.0,-8.0,4.0,2.0,2.0,50.0,Bad
3794,77.0,-8.0,9.0,59.0,29.0,0.0,0.0,100.0,-7.0,7,8,0.0,2.0,14.0,18.0,0.0,0.0,43.0,-8.0,4.0,1.0,1.0,31.0,Good
5474,66.0,288.0,13.0,80.0,32.0,0.0,0.0,85.0,2.0,4,6,33.0,0.0,33.0,12.0,0.0,0.0,43.0,-8.0,5.0,1.0,1.0,60.0,Good
8406,59.0,216.0,2.0,65.0,22.0,2.0,2.0,96.0,10.0,2,4,31.0,1.0,32.0,0.0,6.0,6.0,31.0,40.0,4.0,2.0,1.0,55.0,Bad
2107,62.0,146.0,14.0,61.0,10.0,2.0,2.0,82.0,18.0,6,6,12.0,0.0,55.0,0.0,2.0,2.0,50.0,-8.0,4.0,1.0,2.0,100.0,Bad
8814,77.0,119.0,4.0,52.0,30.0,0.0,0.0,100.0,-7.0,7,8,34.0,4.0,73.0,6.0,0.0,0.0,26.0,86.0,4.0,8.0,0.0,92.0,Good
7196,73.0,102.0,13.0,58.0,2.0,0.0,0.0,100.0,-7.0,7,8,2.0,0.0,100.0,0.0,0.0,0.0,-8.0,69.0,-8.0,2.0,-8.0,100.0,Bad
109,91.0,150.0,3.0,108.0,10.0,0.0,0.0,100.0,-7.0,7,8,11.0,1.0,64.0,-7.0,1.0,1.0,2.0,41.0,1.0,3.0,0.0,67.0,Good
7128,77.0,239.0,3.0,112.0,14.0,0.0,0.0,93.0,-8.0,6,6,14.0,1.0,36.0,0.0,1.0,1.0,33.0,98.0,3.0,2.0,2.0,63.0,Good
1294,-9.0,-9.0,-9.0,-9.0,-9.0,-9.0,-9.0,-9.0,-9.0,-9,-9,-9.0,-9.0,-9.0,-9.0,-9.0,-9.0,-9.0,-9.0,-9.0,-9.0,-9.0,-9.0,Bad
1753,86.0,363.0,2.0,180.0,26.0,0.0,0.0,97.0,-7.0,5,7,29.0,1.0,28.0,0.0,0.0,0.0,3.0,52.0,3.0,1.0,1.0,45.0,Good
5805,70.0,136.0,20.0,68.0,17.0,0.0,0.0,82.0,18.0,6,6,17.0,0.0,18.0,0.0,0.0,0.0,54.0,31.0,6.0,2.0,2.0,80.0,Bad
577,87.0,205.0,20.0,102.0,14.0,0.0,0.0,100.0,-7.0,7,8,18.0,0.0,56.0,-7.0,0.0,0.0,5.0,74.0,2.0,2.0,0.0,67.0,Good
3811,74.0,118.0,2.0,73.0,15.0,0.0,0.0,88.0,6.0,4,6,32.0,2.0,65.0,20.0,0.0,0.0,20.0,85.0,4.0,5.0,0.0,90.0,Good
4890,81.0,275.0,3.0,80.0,50.0,0.0,0.0,98.0,33.0,6,6,50.0,2.0,16.0,7.0,0.0,0.0,3.0,10.0,3.0,3.0,0.0,25.0,Good
7231,54.0,206.0,7.0,75.0,8.0,1.0,0.0,64.0,6.0,4,5,11.0,1.0,64.0,0.0,0.0,0.0,92.0,-8.0,2.0,1.0,-8.0,75.0,Bad
4294,65.0,303.0,13.0,88.0,39.0,1.0,0.0,81.0,2.0,4,5,47.0,0.0,45.0,0.0,3.0,3.0,23.0,2.0,4.0,3.0,1.0,58.0,Bad
5720,68.0,164.0,1.0,68.0,13.0,1.0,0.0,94.0,6.0,4,5,17.0,2.0,29.0,0.0,4.0,4.0,21.0,93.0,4.0,3.0,1.0,54.0,Bad
8070,75.0,248.0,5.0,53.0,24.0,0.0,0.0,100.0,-7.0,7,8,24.0,2.0,25.0,3.0,1.0,1.0,11.0,35.0,4.0,3.0,0.0,50.0,Good
9301,77.0,156.0,17.0,71.0,19.0,0.0,0.0,95.0,6.0,4,6,22.0,0.0,32.0,8.0,0.0,0.0,1.0,84.0,2.0,4.0,0.0,86.0,Bad
4077,72.0,159.0,6.0,79.0,36.0,1.0,1.0,97.0,13.0,0,2,37.0,2.0,19.0,3.0,2.0,2.0,13.0,74.0,9.0,3.0,1.0,62.0,Good
5117,85.0,184.0,1.0,69.0,24.0,0.0,0.0,100.0,-7.0,7,8,31.0,3.0,45.0,0.0,2.0,2.0,19.0,72.0,3.0,3.0,0.0,67.0,Good
237,76.0,170.0,2.0,68.0,32.0,0.0,0.0,97.0,10.0,4,6,35.0,5.0,34.0,1.0,3.0,3.0,13.0,0.0,2.0,4.0,0.0,67.0,Good
5776,55.0,80.0,20.0,43.0,3.0,2.0,2.0,50.0,38.0,6,2,5.0,0.0,100.0,0.0,0.0,0.0,-8.0,68.0,-8.0,2.0,-8.0,100.0,Bad
2941,72.0,211.0,39.0,121.0,15.0,0.0,0.0,82.0,4.0,4,6,15.0,0.0,41.0,12.0,0.0,0.0,43.0,45.0,3.0,2.0,0.0,83.0,Bad
6395,76.0,56.0,7.0,39.0,6.0,0.0,0.0,100.0,-7.0,7,8,6.0,1.0,17.0,0.0,0.0,0.0,21.0,22.0,3.0,1.0,1.0,67.0,Bad
8156,71.0,200.0,23.0,94.0,25.0,0.0,0.0,71.0,5.0,4,6,28.0,0.0,36.0,8.0,0.0,0.0,3.0,14.0,2.0,2.0,0.0,44.0,Bad
8291,78.0,177.0,8.0,53.0,16.0,0.0,0.0,100.0,-7.0,7,8,16.0,2.0,38.0,0.0,1.0,1.0,4.0,41.0,2.0,2.0,0.0,57.0,Good
9044,87.0,222.0,8.0,111.0,28.0,0.0,0.0,97.0,-8.0,6,6,33.0,1.0,24.0,0.0,0.0,0.0,0.0,13.0,2.0,2.0,0.0,27.0,Good
10039,91.0,455.0,10.0,202.0,11.0,0.0,0.0,100.0,-7.0,7,8,11.0,1.0,18.0,-7.0,1.0,1.0,5.0,-8.0,1.0,1.0,0.0,33.0,Good
3352,87.0,341.0,6.0,101.0,32.0,0.0,0.0,100.0,-7.0,7,8,33.0,1.0,3.0,-8.0,0.0,0.0,6.0,-8.0,3.0,-8.0,0.0,27.0,Good
8913,62.0,113.0,30.0,70.0,10.0,3.0,2.0,71.0,19.0,6,4,15.0,0.0,93.0,0.0,3.0,3.0,0.0,-8.0,0.0,1.0,0.0,50.0,Bad
9536,82.0,208.0,11.0,77.0,22.0,1.0,0.0,96.0,39.0,6,5,24.0,1.0,21.0,0.0,1.0,1.0,3.0,80.0,4.0,2.0,0.0,55.0,Good
7131,59.0,136.0,6.0,42.0,18.0,0.0,0.0,89.0,17.0,6,6,18.0,4.0,28.0,0.0,1.0,1.0,44.0,99.0,5.0,2.0,3.0,50.0,Bad
4679,60.0,270.0,3.0,59.0,20.0,4.0,0.0,79.0,8.0,4,5,24.0,1.0,50.0,0.0,2.0,2.0,63.0,42.0,6.0,4.0,1.0,77.0,Bad
1685,73.0,55.0,9.0,33.0,7.0,0.0,0.0,100.0,-7.0,7,8,7.0,1.0,86.0,0.0,1.0,0.0,-8.0,71.0,-8.0,2.0,-8.0,100.0,Bad
975,65.0,53.0,2.0,28.0,13.0,0.0,0.0,100.0,-7.0,7,8,14.0,2.0,21.0,0.0,2.0,2.0,64.0,62.0,5.0,2.0,2.0,58.0,Bad
7145,62.0,113.0,9.0,62.0,18.0,2.0,2.0,86.0,5.0,0,2,21.0,1.0,38.0,0.0,0.0,0.0,48.0,44.0,3.0,3.0,2.0,75.0,Bad
8186,75.0,89.0,12.0,48.0,10.0,0.0,0.0,90.0,27.0,6,6,10.0,0.0,50.0,0.0,0.0,0.0,0.0,-8.0,0.0,1.0,-8.0,50.0,Bad
2528,65.0,96.0,20.0,88.0,16.0,1.0,1.0,82.0,5.0,0,2,8.0,0.0,29.0,-7.0,0.0,0.0,50.0,12.0,4.0,2.0,1.0,64.0,Bad
5138,61.0,308.0,12.0,95.0,30.0,0.0,0.0,91.0,2.0,4,6,32.0,0.0,13.0,0.0,4.0,3.0,81.0,-8.0,7.0,2.0,2.0,82.0,Bad
10087,70.0,98.0,5.0,59.0,31.0,0.0,0.0,97.0,36.0,6,6,35.0,3.0,26.0,-7.0,5.0,5.0,19.0,95.0,4.0,2.0,1.0,50.0,Good
1289,-9.0,-9.0,-9.0,-9.0,-9.0,-9.0,-9.0,-9.0,-9.0,-9,-9,-9.0,-9.0,-9.0,-9.0,-9.0,-9.0,-9.0,-9.0,-9.0,-9.0,-9.0,-9.0,Bad
377,71.0,141.0,13.0,52.0,19.0,1.0,1.0,95.0,-8.0,6,4,21.0,0.0,33.0,0.0,4.0,4.0,23.0,42.0,4.0,2.0,0.0,75.0,Good
1653,66.0,136.0,6.0,62.0,55.0,1.0,1.0,98.0,14.0,5,2,57.0,4.0,23.0,0.0,1.0,1.0,41.0,60.0,9.0,5.0,4.0,56.0,Bad
6184,69.0,153.0,9.0,84.0,22.0,0.0,0.0,100.0,-7.0,7,8,22.0,1.0,14.0,1.0,4.0,4.0,71.0,72.0,6.0,2.0,1.0,80.0,Good
9201,76.0,260.0,3.0,94.0,42.0,1.0,1.0,98.0,64.0,6,3,85.0,7.0,27.0,3.0,8.0,8.0,14.0,-8.0,5.0,2.0,1.0,50.0,Good
1486,64.0,244.0,8.0,78.0,43.0,0.0,0.0,100.0,-7.0,7,8,44.0,4.0,25.0,0.0,6.0,6.0,88.0,-8.0,13.0,4.0,6.0,86.0,Bad
6578,77.0,206.0,5.0,80.0,27.0,0.0,0.0,96.0,31.0,6,6,28.0,2.0,43.0,0.0,2.0,2.0,31.0,60.0,5.0,2.0,0.0,70.0,Good
7553,65.0,248.0,2.0,77.0,28.0,3.0,1.0,84.0,30.0,5,3,33.0,3.0,53.0,-7.0,0.0,0.0,31.0,34.0,8.0,4.0,1.0,80.0,Bad
5351,76.0,163.0,5.0,80.0,44.0,0.0,0.0,100.0,-7.0,7,8,68.0,2.0,28.0,-7.0,1.0,1.0,14.0,57.0,8.0,3.0,2.0,58.0,Good
2828,80.0,285.0,37.0,80.0,10.0,0.0,0.0,100.0,-7.0,7,8,29.0,0.0,40.0,18.0,0.0,0.0,45.0,-8.0,2.0,1.0,0.0,100.0,Bad
8409,78.0,299.0,3.0,102.0,26.0,0.0,0.0,90.0,14.0,6,6,31.0,1.0,35.0,0.0,0.0,0.0,7.0,38.0,2.0,2.0,0.0,45.0,Good
8562,82.0,439.0,4.0,101.0,32.0,0.0,0.0,100.0,-7.0,7,8,33.0,2.0,13.0,3.0,1.0,1.0,3.0,51.0,5.0,2.0,0.0,33.0,Good
2997,57.0,338.0,3.0,63.0,13.0,2.0,1.0,67.0,13.0,6,5,17.0,1.0,60.0,1.0,2.0,2.0,55.0,90.0,1.0,4.0,1.0,56.0,Bad
1919,77.0,157.0,2.0,86.0,2.0,0.0,0.0,67.0,21.0,6,6,3.0,1.0,67.0,0.0,0.0,0.0,10.0,-8.0,1.0,1.0,-8.0,100.0,Bad
4333,73.0,264.0,3.0,71.0,29.0,0.0,0.0,93.0,25.0,6,6,29.0,5.0,21.0,0.0,0.0,0.0,14.0,72.0,9.0,3.0,0.0,62.0,Good
10035,68.0,216.0,2.0,84.0,15.0,0.0,0.0,100.0,-7.0,7,8,16.0,2.0,19.0,-7.0,1.0,1.0,86.0,2.0,10.0,2.0,5.0,100.0,Bad
6394,81.0,189.0,3.0,68.0,41.0,0.0,0.0,100.0,-7.0,5,8,43.0,3.0,37.0,0.0,6.0,6.0,27.0,95.0,3.0,3.0,0.0,86.0,Good
4654,61.0,124.0,2.0,53.0,15.0,1.0,0.0,76.0,19.0,6,5,17.0,1.0,53.0,1.0,1.0,1.0,64.0,72.0,4.0,4.0,1.0,89.0,Bad
5502,79.0,414.0,8.0,120.0,32.0,0.0,0.0,97.0,17.0,6,6,33.0,1.0,36.0,12.0,0.0,0.0,27.0,70.0,2.0,2.0,0.0,29.0,Good
6702,75.0,172.0,8.0,83.0,28.0,0.0,0.0,93.0,2.0,4,6,28.0,3.0,43.0,-7.0,2.0,2.0,4.0,92.0,2.0,2.0,0.0,57.0,Good
4104,57.0,226.0,15.0,144.0,24.0,0.0,0.0,83.0,0.0,4,6,7.0,0.0,38.0,7.0,0.0,0.0,89.0,58.0,12.0,3.0,4.0,94.0,Bad
4266,77.0,179.0,11.0,60.0,20.0,0.0,0.0,90.0,51.0,6,6,20.0,1.0,25.0,0.0,2.0,2.0,23.0,78.0,1.0,1.0,1.0,18.0,Bad
6442,70.0,196.0,2.0,56.0,25.0,0.0,0.0,100.0,-7.0,7,8,27.0,4.0,30.0,0.0,3.0,3.0,34.0,79.0,4.0,4.0,1.0,47.0,Bad
1272,-9.0,-9.0,-9.0,-9.0,-9.0,-9.0,-9.0,-9.0,-9.0,-9,-9,-9.0,-9.0,-9.0,-9.0,-9.0,-9.0,-9.0,-9.0,-9.0,-9.0,-9.0,-9.0,Good
8374,70.0,419.0,6.0,79.0,15.0,2.0,2.0,90.0,2.0,0,2,21.0,3.0,29.0,0.0,1.0,1.0,44.0,-8.0,2.0,1.0,1.0,38.0,Good
2201,85.0,515.0,6.0,139.0,15.0,0.0,0.0,100.0,-7.0,7,8,15.0,1.0,47.0,0.0,0.0,0.0,28.0,-8.0,3.0,1.0,0.0,67.0,Good
7398,75.0,169.0,15.0,86.0,22.0,0.0,0.0,100.0,-7.0,7,8,23.0,0.0,39.0,0.0,0.0,0.0,46.0,74.0,2.0,4.0,1.0,64.0,Good
623,83.0,54.0,8.0,24.0,5.0,0.0,0.0,100.0,-7.0,7,8,6.0,2.0,50.0,-7.0,0.0,0.0,5.0,39.0,1.0,2.0,0.0,100.0,Good
4310,63.0,308.0,24.0,105.0,16.0,1.0,0.0,70.0,3.0,3,5,20.0,0.0,60.0,0.0,0.0,0.0,42.0,42.0,4.0,4.0,1.0,73.0,Good
2178,60.0,123.0,1.0,47.0,18.0,0.0,0.0,100.0,-7.0,7,8,20.0,3.0,5.0,0.0,1.0,1.0,90.0,-8.0,6.0,1.0,5.0,70.0,Bad
3603,81.0,369.0,28.0,95.0,27.0,0.0,0.0,100.0,-7.0,7,8,13.0,0.0,19.0,-8.0,0.0,0.0,21.0,18.0,2.0,2.0,1.0,40.0,Good
3305,82.0,171.0,3.0,84.0,26.0,0.0,0.0,96.0,22.0,6,6,27.0,2.0,44.0,4.0,2.0,2.0,3.0,48.0,2.0,4.0,0.0,54.0,Good
5139,63.0,151.0,9.0,50.0,29.0,0.0,0.0,97.0,3.0,4,6,30.0,2.0,70.0,0.0,1.0,1.0,52.0,90.0,4.0,4.0,0.0,100.0,Bad
83,71.0,282.0,1.0,73.0,22.0,0.0,0.0,96.0,-8.0,6,6,25.0,5.0,4.0,0.0,2.0,2.0,37.0,39.0,11.0,1.0,1.0,80.0,Bad
5887,80.0,338.0,36.0,186.0,7.0,0.0,0.0,100.0,-7.0,7,8,7.0,0.0,0.0,-7.0,0.0,0.0,65.0,-8.0,2.0,-8.0,1.0,50.0,Bad
3258,72.0,172.0,4.0,115.0,18.0,1.0,1.0,84.0,19.0,6,3,19.0,1.0,47.0,0.0,3.0,3.0,8.0,-8.0,3.0,2.0,0.0,71.0,Good
7459,63.0,309.0,23.0,114.0,21.0,2.0,1.0,78.0,14.0,6,5,24.0,0.0,26.0,0.0,0.0,0.0,43.0,72.0,5.0,2.0,1.0,54.0,Good
3475,84.0,337.0,1.0,84.0,36.0,0.0,0.0,100.0,-7.0,7,8,44.0,3.0,16.0,0.0,2.0,2.0,3.0,100.0,6.0,2.0,0.0,53.0,Good
1281,-9.0,-9.0,-9.0,-9.0,-9.0,-9.0,-9.0,-9.0,-9.0,-9,-9,-9.0,-9.0,-9.0,-9.0,-9.0,-9.0,-9.0,-9.0,-9.0,-9.0,-9.0,-9.0,Bad
8937,67.0,82.0,5.0,44.0,14.0,2.0,2.0,100.0,-7.0,6,8,16.0,2.0,36.0,0.0,0.0,0.0,16.0,33.0,4.0,2.0,1.0,75.0,Bad
865,88.0,185.0,19.0,92.0,28.0,0.0,0.0,100.0,-7.0,7,8,28.0,0.0,50.0,16.0,0.0,0.0,8.0,62.0,2.0,3.0,0.0,63.0,Good
8809,87.0,384.0,1.0,82.0,17.0,0.0,0.0,100.0,-7.0,7,8,20.0,2.0,17.0,11.0,0.0,0.0,1.0,53.0,2.0,1.0,0.0,38.0,Good
3398,81.0,162.0,13.0,66.0,17.0,0.0,0.0,100.0,-7.0,7,8,17.0,0.0,12.0,0.0,1.0,1.0,3.0,-8.0,2.0,1.0,0.0,43.0,Good
9559,79.0,224.0,2.0,83.0,15.0,1.0,0.0,83.0,12.0,6,5,18.0,1.0,11.0,-7.0,0.0,0.0,0.0,-8.0,1.0,1.0,0.0,25.0,Good
5003,85.0,207.0,3.0,63.0,21.0,0.0,0.0,100.0,-7.0,7,8,21.0,1.0,29.0,4.0,1.0,1.0,9.0,70.0,3.0,2.0,0.0,45.0,Good
1050,59.0,249.0,27.0,119.0,4.0,5.0,4.0,30.0,15.0,5,2,10.0,0.0,40.0,-8.0,0.0,0.0,58.0,-8.0,1.0,1.0,0.0,100.0,Bad
3454,81.0,175.0,44.0,132.0,9.0,0.0,0.0,100.0,-7.0,7,8,18.0,0.0,22.0,-8.0,0.0,0.0,56.0,-8.0,2.0,1.0,1.0,57.0,Bad
2008,72.0,166.0,12.0,74.0,37.0,1.0,1.0,95.0,7.0,4,4,41.0,0.0,15.0,0.0,1.0,1.0,16.0,-8.0,3.0,1.0,1.0,26.0,Bad
3741,75.0,398.0,7.0,147.0,12.0,1.0,1.0,100.0,-7.0,6,8,14.0,2.0,17.0,6.0,0.0,0.0,0.0,97.0,1.0,1.0,0.0,18.0,Good
10118,83.0,97.0,7.0,57.0,17.0,0.0,0.0,100.0,-7.0,7,8,17.0,1.0,24.0,-7.0,0.0,0.0,19.0,85.0,3.0,3.0,0.0,60.0,Good
1933,68.0,144.0,12.0,68.0,24.0,2.0,1.0,85.0,6.0,3,2,28.0,0.0,15.0,0.0,1.0,1.0,38.0,28.0,8.0,1.0,0.0,83.0,Bad
4921,81.0,190.0,6.0,84.0,21.0,0.0,0.0,100.0,-7.0,7,8,21.0,2.0,29.0,7.0,0.0,0.0,8.0,91.0,5.0,2.0,0.0,88.0,Good
2064,57.0,119.0,4.0,59.0,39.0,0.0,0.0,97.0,6.0,4,6,39.0,3.0,3.0,0.0,3.0,3.0,58.0,65.0,8.0,1.0,4.0,36.0,Bad
7235,67.0,51.0,2.0,25.0,9.0,0.0,0.0,80.0,10.0,4,6,10.0,2.0,50.0,0.0,2.0,2.0,0.0,96.0,1.0,1.0,0.0,50.0,Bad
5710,78.0,166.0,3.0,81.0,18.0,0.0,0.0,100.0,-7.0,7,8,18.0,2.0,28.0,0.0,1.0,1.0,24.0,-8.0,4.0,1.0,2.0,50.0,Good
9672,74.0,207.0,3.0,72.0,43.0,0.0,0.0,100.0,-7.0,7,8,43.0,3.0,35.0,0.0,1.0,1.0,10.0,53.0,10.0,2.0,0.0,65.0,Good
5245,78.0,353.0,6.0,108.0,50.0,0.0,0.0,98.0,15.0,6,6,54.0,2.0,31.0,0.0,0.0,0.0,44.0,71.0,8.0,3.0,4.0,55.0,Bad
6880,80.0,393.0,58.0,221.0,8.0,0.0,0.0,100.0,-7.0,7,8,8.0,0.0,0.0,19.0,0.0,0.0,51.0,-8.0,5.0,-8.0,2.0,100.0,Good
5115,79.0,231.0,12.0,80.0,17.0,0.0,0.0,94.0,16.0,6,6,18.0,0.0,39.0,0.0,2.0,2.0,8.0,-8.0,4.0,1.0,1.0,50.0,Bad
6746,71.0,174.0,8.0,79.0,22.0,1.0,1.0,87.0,25.0,6,3,23.0,2.0,35.0,2.0,3.0,1.0,31.0,-8.0,4.0,3.0,2.0,64.0,Bad
6396,74.0,183.0,3.0,75.0,13.0,0.0,0.0,100.0,-7.0,7,8,13.0,2.0,31.0,0.0,4.0,4.0,75.0,65.0,4.0,3.0,2.0,88.0,Bad
5585,61.0,177.0,3.0,101.0,27.0,0.0,0.0,76.0,1.0,4,6,29.0,2.0,21.0,0.0,0.0,0.0,19.0,-8.0,7.0,1.0,1.0,62.0,Bad
9865,65.0,369.0,25.0,145.0,40.0,3.0,3.0,91.0,19.0,6,2,45.0,0.0,36.0,0.0,2.0,2.0,83.0,46.0,13.0,4.0,6.0,89.0,Bad
8387,44.0,90.0,13.0,51.0,9.0,5.0,4.0,47.0,3.0,0,2,16.0,0.0,38.0,0.0,3.0,1.0,82.0,81.0,4.0,3.0,1.0,88.0,Bad
863,-9.0,-9.0,-9.0,-9.0,-9.0,-9.0,-9.0,-9.0,-9.0,-9,-9,-9.0,-9.0,-9.0,-9.0,-9.0,-9.0,-9.0,-9.0,-9.0,-9.0,-9.0,-9.0,Bad
2089,65.0,291.0,10.0,91.0,28.0,0.0,0.0,71.0,5.0,4,6,28.0,1.0,11.0,0.0,0.0,0.0,8.0,-8.0,7.0,1.0,1.0,40.0,Bad
3828,-9.0,-9.0,-9.0,-9.0,-9.0,-9.0,-9.0,-9.0,-9.0,-9,-9,-9.0,-9.0,-9.0,-9.0,-9.0,-9.0,-9.0,-9.0,-9.0,-9.0,-9.0,-9.0,Good
5630,80.0,163.0,9.0,76.0,16.0,0.0,0.0,100.0,-7.0,7,8,16.0,1.0,38.0,0.0,0.0,0.0,14.0,72.0,3.0,3.0,1.0,75.0,Good
1850,72.0,257.0,8.0,69.0,20.0,0.0,0.0,100.0,-7.0,7,8,20.0,1.0,45.0,0.0,0.0,0.0,74.0,55.0,3.0,4.0,2.0,88.0,Bad
430,61.0,282.0,2.0,86.0,40.0,1.0,1.0,95.0,1.0,0,2,42.0,4.0,14.0,0.0,3.0,3.0,40.0,100.0,8.0,2.0,2.0,55.0,Good
4778,77.0,179.0,4.0,59.0,44.0,0.0,0.0,93.0,59.0,6,6,45.0,3.0,56.0,0.0,2.0,2.0,10.0,65.0,3.0,1.0,0.0,45.0,Bad
9036,80.0,138.0,1.0,52.0,11.0,0.0,0.0,100.0,-7.0,7,8,12.0,2.0,25.0,0.0,2.0,2.0,32.0,87.0,1.0,2.0,-8.0,75.0,Good
142,65.0,14.0,0.0,4.0,3.0,0.0,0.0,100.0,-7.0,7,8,6.0,5.0,33.0,-7.0,9.0,9.0,1.0,98.0,1.0,2.0,0.0,50.0,Good
5595,68.0,110.0,5.0,48.0,14.0,0.0,0.0,71.0,23.0,6,6,14.0,1.0,43.0,0.0,1.0,1.0,30.0,78.0,3.0,2.0,1.0,83.0,Good
1790,84.0,186.0,15.0,71.0,15.0,0.0,0.0,100.0,-7.0,7,8,15.0,0.0,27.0,0.0,0.0,0.0,13.0,75.0,1.0,2.0,0.0,50.0,Good
1454,-9.0,-9.0,-9.0,-9.0,-9.0,-9.0,-9.0,-9.0,-9.0,-9,-9,-9.0,-9.0,-9.0,-9.0,-9.0,-9.0,-9.0,-9.0,-9.0,-9.0,-9.0,-9.0,Good
1829,55.0,137.0,7.0,67.0,13.0,1.0,1.0,79.0,1.0,0,2,14.0,1.0,21.0,0.0,9.0,8.0,26.0,89.0,2.0,2.0,0.0,71.0,Bad
293,88.0,369.0,7.0,114.0,31.0,0.0,0.0,100.0,-7.0,7,8,33.0,2.0,33.0,0.0,0.0,0.0,1.0,91.0,2.0,2.0,0.0,36.0,Good
4598,70.0,332.0,11.0,123.0,19.0,1.0,1.0,100.0,-7.0,6,8,20.0,1.0,25.0,-7.0,2.0,2.0,22.0,-8.0,2.0,2.0,1.0,55.0,Bad
5623,82.0,297.0,38.0,130.0,11.0,0.0,0.0,100.0,-7.0,7,8,11.0,0.0,18.0,0.0,0.0,0.0,32.0,-8.0,4.0,1.0,1.0,56.0,Good
7345,68.0,171.0,6.0,89.0,16.0,0.0,0.0,94.0,71.0,6,6,17.0,1.0,12.0,0.0,1.0,1.0,51.0,-8.0,5.0,1.0,4.0,50.0,Bad
7937,70.0,245.0,9.0,72.0,16.0,0.0,0.0,83.0,38.0,6,6,18.0,2.0,39.0,0.0,3.0,3.0,32.0,56.0,3.0,5.0,0.0,62.0,Bad
273,66.0,409.0,4.0,138.0,18.0,0.0,0.0,85.0,15.0,6,6,20.0,2.0,25.0,0.0,0.0,0.0,55.0,-8.0,7.0,-8.0,1.0,80.0,Bad
9706,83.0,396.0,4.0,207.0,7.0,0.0,0.0,100.0,-7.0,7,8,7.0,1.0,0.0,1.0,2.0,2.0,45.0,-8.0,2.0,-8.0,1.0,40.0,Good
4721,85.0,165.0,1.0,73.0,10.0,0.0,0.0,100.0,-7.0,7,8,13.0,4.0,8.0,-8.0,0.0,0.0,11.0,-8.0,4.0,1.0,0.0,63.0,Good
3590,82.0,85.0,7.0,75.0,27.0,0.0,0.0,100.0,-7.0,7,8,13.0,2.0,22.0,-8.0,0.0,0.0,12.0,87.0,4.0,3.0,1.0,50.0,Good
7210,79.0,322.0,3.0,95.0,25.0,1.0,0.0,96.0,70.0,6,5,28.0,2.0,43.0,0.0,2.0,2.0,22.0,12.0,5.0,4.0,0.0,75.0,Bad
9577,75.0,400.0,3.0,140.0,28.0,0.0,0.0,96.0,-8.0,6,6,29.0,2.0,18.0,-7.0,3.0,3.0,14.0,82.0,11.0,3.0,0.0,71.0,Good
208,85.0,267.0,18.0,72.0,8.0,0.0,0.0,100.0,-7.0,7,8,8.0,0.0,25.0,17.0,0.0,0.0,17.0,62.0,2.0,1.0,0.0,75.0,Good
7086,83.0,303.0,1.0,132.0,13.0,0.0,0.0,100.0,-7.0,7,8,15.0,2.0,20.0,0.0,2.0,2.0,15.0,-8.0,5.0,1.0,1.0,75.0,Good
298,66.0,375.0,16.0,183.0,21.0,1.0,0.0,83.0,4.0,3,5,23.0,0.0,52.0,0.0,3.0,3.0,24.0,-8.0,3.0,2.0,0.0,100.0,Bad
1270,-9.0,-9.0,-9.0,-9.0,-9.0,-9.0,-9.0,-9.0,-9.0,-9,-9,-9.0,-9.0,-9.0,-9.0,-9.0,-9.0,-9.0,-9.0,-9.0,-9.0,-9.0,-9.0,Bad
8028,57.0,239.0,2.0,93.0,28.0,0.0,0.0,93.0,3.0,4,6,30.0,2.0,37.0,0.0,3.0,3.0,63.0,94.0,6.0,2.0,3.0,90.0,Good
6774,89.0,191.0,7.0,84.0,22.0,0.0,0.0,100.0,-7.0,7,8,25.0,1.0,36.0,3.0,1.0,1.0,10.0,-8.0,2.0,1.0,0.0,60.0,Bad
4669,72.0,111.0,4.0,32.0,21.0,0.0,0.0,100.0,-7.0,7,8,21.0,3.0,24.0,21.0,0.0,0.0,50.0,100.0,5.0,2.0,2.0,57.0,Good
3824,91.0,288.0,33.0,122.0,16.0,0.0,0.0,100.0,-7.0,7,8,34.0,0.0,31.0,-8.0,0.0,0.0,2.0,-8.0,1.0,1.0,0.0,29.0,Good
1817,83.0,350.0,10.0,101.0,32.0,0.0,0.0,97.0,-8.0,6,6,32.0,1.0,19.0,0.0,0.0,0.0,2.0,61.0,3.0,4.0,0.0,54.0,Bad
5587,68.0,72.0,5.0,38.0,21.0,0.0,0.0,95.0,20.0,6,6,22.0,3.0,36.0,0.0,1.0,1.0,47.0,90.0,3.0,5.0,1.0,73.0,Bad
4296,76.0,355.0,5.0,67.0,22.0,0.0,0.0,100.0,-7.0,7,8,22.0,2.0,14.0,0.0,1.0,1.0,42.0,-8.0,6.0,1.0,1.0,44.0,Bad
4415,77.0,226.0,4.0,77.0,18.0,0.0,0.0,89.0,28.0,6,6,18.0,2.0,33.0,0.0,0.0,0.0,30.0,90.0,2.0,2.0,0.0,80.0,Good
88,58.0,307.0,6.0,79.0,14.0,1.0,0.0,73.0,18.0,6,5,15.0,2.0,53.0,0.0,0.0,0.0,81.0,75.0,3.0,3.0,2.0,86.0,Bad
9947,58.0,199.0,37.0,83.0,23.0,0.0,0.0,78.0,6.0,4,6,23.0,0.0,17.0,0.0,0.0,0.0,98.0,2.0,12.0,2.0,8.0,93.0,Good
5809,59.0,89.0,26.0,62.0,2.0,1.0,1.0,67.0,2.0,0,2,3.0,0.0,33.0,0.0,4.0,4.0,100.0,63.0,1.0,1.0,1.0,67.0,Bad
6110,85.0,251.0,5.0,80.0,45.0,0.0,0.0,98.0,43.0,6,6,48.0,3.0,17.0,0.0,1.0,1.0,3.0,-8.0,2.0,1.0,0.0,20.0,Good
5242,71.0,162.0,6.0,58.0,12.0,1.0,1.0,100.0,-7.0,6,8,13.0,2.0,46.0,0.0,2.0,2.0,73.0,42.0,4.0,3.0,1.0,88.0,Bad
10447,93.0,417.0,25.0,235.0,9.0,0.0,0.0,100.0,-7.0,7,8,9.0,0.0,22.0,-8.0,1.0,0.0,0.0,-8.0,1.0,-8.0,0.0,40.0,Good
643,79.0,121.0,18.0,75.0,22.0,1.0,0.0,96.0,70.0,6,5,24.0,0.0,58.0,19.0,0.0,0.0,7.0,42.0,2.0,2.0,0.0,44.0,Good
2328,77.0,426.0,9.0,124.0,19.0,0.0,0.0,95.0,18.0,6,6,14.0,1.0,50.0,-7.0,0.0,0.0,46.0,-8.0,3.0,1.0,1.0,57.0,Good
5232,88.0,173.0,3.0,104.0,12.0,0.0,0.0,100.0,-7.0,7,8,12.0,1.0,33.0,0.0,1.0,1.0,0.0,-8.0,1.0,1.0,0.0,25.0,Bad
9051,81.0,144.0,5.0,61.0,18.0,0.0,0.0,100.0,-7.0,7,8,20.0,4.0,25.0,0.0,1.0,0.0,42.0,-8.0,3.0,-8.0,0.0,60.0,Good
2497,65.0,124.0,5.0,65.0,12.0,2.0,2.0,92.0,44.0,6,2,20.0,1.0,23.0,-7.0,1.0,1.0,5.0,-8.0,2.0,1.0,-8.0,75.0,Bad
9101,66.0,159.0,2.0,82.0,15.0,1.0,1.0,82.0,24.0,6,4,22.0,1.0,50.0,-7.0,3.0,3.0,107.0,-8.0,2.0,1.0,1.0,100.0,Bad
8669,57.0,171.0,5.0,62.0,33.0,0.0,0.0,97.0,0.0,4,6,34.0,5.0,26.0,0.0,5.0,4.0,11.0,86.0,5.0,2.0,0.0,39.0,Good
3040,75.0,63.0,4.0,75.0,26.0,1.0,1.0,100.0,-7.0,6,8,20.0,4.0,31.0,0.0,4.0,4.0,19.0,86.0,4.0,5.0,0.0,64.0,Bad
8151,83.0,143.0,2.0,57.0,22.0,0.0,0.0,100.0,-7.0,7,8,24.0,4.0,17.0,1.0,2.0,2.0,7.0,60.0,6.0,3.0,0.0,75.0,Good
5323,75.0,176.0,3.0,69.0,18.0,0.0,0.0,100.0,-7.0,6,8,19.0,1.0,42.0,0.0,0.0,0.0,48.0,51.0,6.0,3.0,1.0,82.0,Good
10157,88.0,140.0,16.0,61.0,13.0,0.0,0.0,100.0,-7.0,7,8,13.0,0.0,46.0,2.0,1.0,1.0,1.0,72.0,1.0,2.0,0.0,60.0,Good
6483,58.0,158.0,5.0,67.0,9.0,0.0,0.0,82.0,4.0,4,6,11.0,1.0,45.0,0.0,1.0,1.0,76.0,57.0,2.0,2.0,1.0,80.0,Bad
10220,76.0,104.0,4.0,39.0,22.0,0.0,0.0,100.0,-7.0,7,8,23.0,4.0,23.0,4.0,2.0,2.0,8.0,-8.0,5.0,2.0,0.0,50.0,Good
2818,70.0,52.0,17.0,42.0,8.0,0.0,0.0,100.0,-7.0,7,8,8.0,0.0,38.0,-7.0,0.0,0.0,95.0,-8.0,3.0,1.0,2.0,67.0,Bad
9808,67.0,45.0,5.0,19.0,10.0,2.0,2.0,100.0,-7.0,6,8,12.0,3.0,70.0,0.0,1.0,1.0,83.0,95.0,2.0,3.0,-8.0,100.0,Bad
10273,73.0,72.0,4.0,18.0,11.0,0.0,0.0,100.0,-7.0,7,8,11.0,6.0,36.0,4.0,1.0,1.0,18.0,99.0,4.0,2.0,0.0,75.0,Good
6105,85.0,297.0,10.0,104.0,23.0,0.0,0.0,100.0,-7.0,7,8,23.0,1.0,26.0,0.0,1.0,0.0,3.0,56.0,3.0,4.0,0.0,50.0,Good
8383,59.0,442.0,0.0,115.0,21.0,2.0,2.0,68.0,3.0,0,2,26.0,2.0,27.0,0.0,1.0,1.0,33.0,70.0,5.0,3.0,1.0,63.0,Bad
2531,63.0,46.0,2.0,21.0,13.0,0.0,0.0,100.0,-7.0,7,8,23.0,5.0,21.0,-7.0,3.0,3.0,66.0,78.0,7.0,2.0,2.0,75.0,Bad
4650,69.0,284.0,4.0,73.0,24.0,2.0,0.0,74.0,16.0,6,5,29.0,1.0,30.0,4.0,1.0,1.0,12.0,48.0,1.0,3.0,0.0,57.0,Bad
4866,75.0,134.0,3.0,63.0,28.0,1.0,0.0,97.0,80.0,6,5,34.0,2.0,21.0,2.0,5.0,5.0,16.0,-8.0,3.0,1.0,0.0,67.0,Good
10235,57.0,304.0,16.0,79.0,11.0,0.0,0.0,73.0,2.0,4,6,11.0,0.0,36.0,0.0,2.0,1.0,85.0,36.0,5.0,3.0,1.0,100.0,Bad
10373,63.0,182.0,9.0,92.0,23.0,0.0,0.0,96.0,24.0,6,6,23.0,1.0,35.0,0.0,4.0,4.0,88.0,85.0,5.0,4.0,5.0,82.0,Bad
9065,61.0,197.0,40.0,81.0,21.0,2.0,2.0,79.0,9.0,4,6,24.0,0.0,46.0,0.0,1.0,1.0,80.0,24.0,4.0,2.0,2.0,78.0,Bad
2576,80.0,90.0,33.0,68.0,10.0,0.0,0.0,100.0,-7.0,7,8,11.0,0.0,10.0,-7.0,1.0,1.0,57.0,-8.0,1.0,1.0,0.0,40.0,Bad
8901,84.0,401.0,4.0,76.0,31.0,0.0,0.0,100.0,-7.0,7,8,31.0,2.0,19.0,0.0,0.0,0.0,18.0,-8.0,5.0,1.0,0.0,38.0,Good
6807,83.0,202.0,14.0,89.0,12.0,0.0,0.0,92.0,39.0,6,6,12.0,0.0,58.0,1.0,1.0,1.0,17.0,76.0,2.0,2.0,-8.0,67.0,Bad
1788,67.0,245.0,27.0,110.0,20.0,0.0,0.0,87.0,10.0,4,6,23.0,0.0,17.0,0.0,0.0,0.0,40.0,6.0,6.0,2.0,1.0,64.0,Bad
1269,-9.0,-9.0,-9.0,-9.0,-9.0,-9.0,-9.0,-9.0,-9.0,-9,-9,-9.0,-9.0,-9.0,-9.0,-9.0,-9.0,-9.0,-9.0,-9.0,-9.0,-9.0,-9.0,Bad
9166,78.0,260.0,5.0,95.0,49.0,0.0,0.0,98.0,23.0,6,6,49.0,3.0,55.0,-7.0,4.0,4.0,25.0,42.0,4.0,7.0,0.0,50.0,Good
2339,63.0,104.0,3.0,42.0,13.0,3.0,3.0,87.0,29.0,0,3,15.0,3.0,40.0,-7.0,4.0,4.0,41.0,100.0,5.0,6.0,0.0,85.0,Good
6847,82.0,69.0,21.0,41.0,10.0,0.0,0.0,100.0,-7.0,7,8,10.0,0.0,10.0,0.0,1.0,1.0,13.0,-8.0,1.0,1.0,0.0,67.0,Bad
6538,63.0,137.0,5.0,75.0,20.0,0.0,0.0,81.0,0.0,4,6,21.0,1.0,19.0,0.0,1.0,1.0,34.0,55.0,3.0,2.0,0.0,71.0,Bad
8741,71.0,149.0,3.0,63.0,27.0,0.0,0.0,96.0,-8.0,6,6,28.0,2.0,36.0,0.0,1.0,1.0,41.0,97.0,7.0,1.0,2.0,73.0,Bad
10277,77.0,197.0,4.0,74.0,26.0,0.0,0.0,97.0,24.0,6,6,29.0,4.0,28.0,0.0,1.0,1.0,36.0,91.0,3.0,2.0,1.0,71.0,Good
2671,58.0,295.0,5.0,12.0,9.0,0.0,0.0,89.0,2.0,4,6,18.0,6.0,11.0,-7.0,0.0,0.0,29.0,-8.0,7.0,1.0,0.0,89.0,Bad
10443,76.0,353.0,2.0,92.0,40.0,0.0,0.0,95.0,69.0,6,6,42.0,2.0,29.0,4.0,1.0,1.0,33.0,45.0,2.0,2.0,0.0,80.0,Good
9274,75.0,141.0,8.0,71.0,7.0,1.0,1.0,78.0,25.0,6,3,9.0,1.0,33.0,0.0,0.0,0.0,2.0,-8.0,1.0,1.0,0.0,50.0,Good
8217,69.0,215.0,11.0,69.0,24.0,1.0,1.0,96.0,26.0,6,2,28.0,1.0,21.0,0.0,1.0,1.0,38.0,72.0,1.0,2.0,1.0,50.0,Bad
3237,82.0,256.0,6.0,77.0,17.0,0.0,0.0,100.0,-7.0,7,8,51.0,1.0,22.0,1.0,1.0,1.0,37.0,-8.0,3.0,1.0,2.0,80.0,Bad
8421,57.0,107.0,3.0,53.0,25.0,1.0,1.0,96.0,-8.0,6,3,26.0,4.0,54.0,0.0,7.0,7.0,89.0,36.0,5.0,3.0,2.0,82.0,Bad
6172,65.0,23.0,4.0,15.0,9.0,0.0,0.0,100.0,-7.0,7,8,9.0,3.0,67.0,1.0,3.0,2.0,84.0,76.0,2.0,6.0,2.0,89.0,Bad
3562,67.0,199.0,2.0,66.0,26.0,1.0,1.0,80.0,11.0,4,4,40.0,4.0,13.0,1.0,4.0,4.0,20.0,-8.0,3.0,-8.0,0.0,30.0,Bad
10094,63.0,54.0,25.0,40.0,2.0,0.0,0.0,50.0,22.0,6,6,2.0,0.0,100.0,-7.0,4.0,4.0,-8.0,-8.0,-8.0,1.0,-8.0,100.0,Bad
1223,-9.0,-9.0,-9.0,-9.0,-9.0,-9.0,-9.0,-9.0,-9.0,-9,-9,-9.0,-9.0,-9.0,-9.0,-9.0,-9.0,-9.0,-9.0,-9.0,-9.0,-9.0,-9.0,Good
6222,86.0,422.0,15.0,140.0,25.0,0.0,0.0,96.0,40.0,6,6,26.0,0.0,15.0,-8.0,0.0,0.0,6.0,21.0,1.0,3.0,0.0,24.0,Good
2536,71.0,-8.0,16.0,161.0,6.0,1.0,0.0,86.0,23.0,6,5,0.0,0.0,29.0,-7.0,0.0,0.0,88.0,-8.0,2.0,1.0,1.0,100.0,Bad
5268,78.0,325.0,3.0,91.0,37.0,0.0,0.0,100.0,-7.0,7,8,38.0,3.0,16.0,0.0,1.0,1.0,51.0,72.0,5.0,3.0,2.0,69.0,Bad
4369,66.0,18.0,3.0,11.0,2.0,0.0,0.0,100.0,-7.0,7,8,2.0,1.0,100.0,0.0,1.0,1.0,-8.0,99.0,-8.0,2.0,-8.0,100.0,Bad
2482,84.0,177.0,14.0,86.0,25.0,0.0,0.0,96.0,16.0,6,6,11.0,0.0,20.0,-7.0,0.0,0.0,1.0,-8.0,1.0,-8.0,0.0,11.0,Good
3572,77.0,437.0,8.0,115.0,35.0,0.0,0.0,100.0,-7.0,7,8,31.0,4.0,26.0,1.0,3.0,3.0,23.0,74.0,6.0,2.0,0.0,50.0,Bad
3172,87.0,171.0,6.0,141.0,40.0,0.0,0.0,100.0,-7.0,7,8,57.0,2.0,39.0,6.0,0.0,0.0,5.0,-8.0,2.0,2.0,0.0,31.0,Good
6508,80.0,174.0,19.0,94.0,20.0,0.0,0.0,100.0,-7.0,7,8,20.0,0.0,25.0,0.0,1.0,1.0,55.0,61.0,7.0,2.0,1.0,90.0,Bad
2404,74.0,195.0,2.0,97.0,15.0,1.0,1.0,82.0,28.0,6,2,14.0,2.0,24.0,-7.0,0.0,0.0,18.0,7.0,5.0,2.0,0.0,70.0,Bad
9099,75.0,177.0,2.0,84.0,28.0,0.0,0.0,100.0,-7.0,7,8,31.0,3.0,32.0,-7.0,0.0,0.0,44.0,97.0,6.0,3.0,3.0,77.0,Bad
4182,79.0,264.0,11.0,110.0,17.0,0.0,0.0,100.0,-7.0,7,8,17.0,1.0,12.0,0.0,1.0,1.0,27.0,-8.0,7.0,1.0,1.0,62.0,Bad
4634,73.0,122.0,6.0,111.0,16.0,4.0,4.0,94.0,62.0,6,3,17.0,2.0,24.0,0.0,1.0,1.0,28.0,77.0,6.0,1.0,1.0,58.0,Good
2819,73.0,437.0,2.0,149.0,18.0,1.0,1.0,90.0,27.0,6,6,18.0,4.0,19.0,-7.0,2.0,2.0,39.0,-8.0,3.0,1.0,0.0,42.0,Good
3726,69.0,312.0,15.0,94.0,27.0,1.0,0.0,82.0,11.0,4,5,30.0,0.0,18.0,15.0,0.0,0.0,54.0,62.0,2.0,2.0,1.0,56.0,Good
9289,89.0,450.0,5.0,122.0,17.0,0.0,0.0,100.0,-7.0,7,8,19.0,1.0,21.0,4.0,1.0,1.0,4.0,-8.0,3.0,-8.0,0.0,75.0,Good
6802,79.0,221.0,10.0,114.0,15.0,0.0,0.0,100.0,-7.0,7,8,18.0,1.0,33.0,1.0,1.0,1.0,36.0,50.0,2.0,2.0,1.0,57.0,Good
4521,79.0,42.0,7.0,23.0,9.0,0.0,0.0,100.0,-7.0,7,8,9.0,1.0,33.0,-7.0,0.0,0.0,5.0,26.0,1.0,2.0,0.0,50.0,Bad
7358,76.0,266.0,1.0,93.0,12.0,0.0,0.0,100.0,-7.0,7,8,13.0,6.0,62.0,0.0,3.0,3.0,86.0,85.0,3.0,3.0,1.0,100.0,Bad
8860,77.0,375.0,4.0,162.0,22.0,0.0,0.0,100.0,-7.0,7,8,22.0,1.0,36.0,-8.0,0.0,0.0,30.0,68.0,3.0,3.0,1.0,67.0,Good
8848,81.0,274.0,1.0,87.0,36.0,0.0,0.0,100.0,-7.0,7,8,37.0,2.0,27.0,0.0,3.0,3.0,3.0,87.0,2.0,4.0,0.0,43.0,Good
2110,74.0,151.0,13.0,66.0,45.0,0.0,0.0,100.0,-7.0,7,8,46.0,0.0,9.0,0.0,0.0,0.0,19.0,-8.0,7.0,1.0,3.0,50.0,Good
6550,64.0,164.0,7.0,70.0,16.0,2.0,1.0,89.0,69.0,6,4,18.0,1.0,11.0,0.0,4.0,4.0,89.0,-8.0,9.0,1.0,4.0,91.0,Bad
3569,78.0,327.0,3.0,100.0,41.0,0.0,0.0,100.0,-7.0,7,8,12.0,2.0,24.0,20.0,0.0,0.0,12.0,70.0,4.0,3.0,2.0,30.0,Good
9770,72.0,259.0,5.0,92.0,27.0,0.0,0.0,96.0,38.0,6,6,27.0,3.0,30.0,0.0,0.0,0.0,14.0,-8.0,3.0,3.0,1.0,47.0,Bad
6072,80.0,122.0,3.0,65.0,19.0,0.0,0.0,100.0,-7.0,7,8,19.0,2.0,42.0,2.0,1.0,1.0,18.0,73.0,2.0,3.0,0.0,83.0,Good
4276,62.0,66.0,5.0,39.0,6.0,0.0,0.0,57.0,3.0,4,6,7.0,2.0,43.0,0.0,0.0,0.0,0.0,78.0,0.0,2.0,-8.0,60.0,Bad
2305,74.0,202.0,9.0,89.0,27.0,0.0,0.0,100.0,-7.0,7,8,34.0,1.0,15.0,-7.0,0.0,0.0,51.0,-8.0,6.0,1.0,3.0,67.0,Bad
2195,65.0,304.0,1.0,89.0,39.0,1.0,1.0,93.0,1.0,4,6,40.0,2.0,8.0,0.0,1.0,1.0,18.0,76.0,11.0,2.0,0.0,46.0,Bad
431,66.0,244.0,1.0,69.0,15.0,1.0,1.0,94.0,-7.0,5,7,18.0,4.0,59.0,0.0,0.0,0.0,61.0,96.0,1.0,3.0,-8.0,80.0,Bad
802,66.0,147.0,4.0,68.0,37.0,5.0,4.0,90.0,73.0,6,2,42.0,3.0,43.0,1.0,1.0,1.0,65.0,78.0,10.0,3.0,2.0,87.0,Good
5910,76.0,261.0,8.0,86.0,18.0,0.0,0.0,89.0,6.0,4,6,19.0,2.0,37.0,-7.0,0.0,0.0,24.0,-8.0,3.0,1.0,0.0,40.0,Good
9250,78.0,256.0,2.0,83.0,25.0,0.0,0.0,100.0,-7.0,7,8,27.0,1.0,19.0,3.0,1.0,1.0,34.0,-8.0,4.0,1.0,2.0,33.0,Good
7872,87.0,230.0,6.0,96.0,27.0,0.0,0.0,100.0,-7.0,7,8,28.0,3.0,11.0,15.0,0.0,0.0,2.0,-8.0,3.0,1.0,0.0,24.0,Good
2382,87.0,440.0,9.0,105.0,26.0,0.0,0.0,100.0,-7.0,7,8,34.0,2.0,23.0,-7.0,0.0,0.0,15.0,47.0,2.0,2.0,0.0,29.0,Good
5045,79.0,134.0,1.0,59.0,32.0,0.0,0.0,100.0,-7.0,7,8,39.0,6.0,41.0,0.0,4.0,4.0,14.0,95.0,2.0,4.0,1.0,40.0,Bad
10381,88.0,182.0,1.0,77.0,15.0,0.0,0.0,100.0,-7.0,7,8,16.0,1.0,38.0,2.0,1.0,1.0,2.0,16.0,3.0,2.0,0.0,63.0,Good
8133,74.0,100.0,2.0,32.0,25.0,0.0,0.0,100.0,-7.0,7,8,27.0,6.0,30.0,3.0,2.0,2.0,15.0,93.0,4.0,2.0,1.0,43.0,Good
3694,79.0,106.0,2.0,39.0,9.0,0.0,0.0,100.0,-7.0,7,8,7.0,1.0,50.0,3.0,1.0,1.0,26.0,65.0,2.0,3.0,0.0,63.0,Good
2948,85.0,179.0,3.0,66.0,20.0,0.0,0.0,100.0,-7.0,7,8,26.0,2.0,40.0,0.0,2.0,2.0,9.0,76.0,1.0,4.0,0.0,50.0,Good
5936,79.0,76.0,2.0,36.0,18.0,1.0,1.0,95.0,48.0,6,3,21.0,4.0,50.0,-7.0,3.0,3.0,1.0,96.0,2.0,3.0,0.0,50.0,Good
7987,78.0,227.0,5.0,92.0,28.0,0.0,0.0,100.0,-7.0,7,8,43.0,4.0,57.0,5.0,2.0,2.0,49.0,79.0,3.0,2.0,2.0,63.0,Good
4892,-9.0,-9.0,-9.0,-9.0,-9.0,-9.0,-9.0,-9.0,-9.0,-9,-9,-9.0,-9.0,-9.0,-9.0,-9.0,-9.0,-9.0,-9.0,-9.0,-9.0,-9.0,-9.0,Good
3002,63.0,285.0,12.0,57.0,17.0,1.0,1.0,82.0,21.0,6,6,23.0,0.0,35.0,0.0,4.0,4.0,67.0,87.0,5.0,4.0,2.0,82.0,Bad
9817,59.0,185.0,15.0,97.0,21.0,5.0,5.0,75.0,1.0,1,2,28.0,0.0,25.0,0.0,1.0,1.0,9.0,67.0,2.0,2.0,1.0,44.0,Bad
9406,77.0,251.0,29.0,111.0,23.0,3.0,1.0,89.0,43.0,6,5,27.0,0.0,56.0,0.0,1.0,1.0,2.0,42.0,3.0,2.0,0.0,63.0,Good
3731,84.0,413.0,2.0,106.0,35.0,0.0,0.0,100.0,-7.0,7,8,44.0,2.0,19.0,1.0,4.0,4.0,2.0,-8.0,9.0,-8.0,0.0,53.0,Good
3545,70.0,132.0,3.0,38.0,29.0,2.0,2.0,94.0,40.0,6,2,32.0,8.0,16.0,9.0,0.0,0.0,22.0,76.0,4.0,3.0,0.0,47.0,Good
544,86.0,193.0,8.0,73.0,25.0,0.0,0.0,100.0,-7.0,7,8,25.0,3.0,32.0,-7.0,1.0,1.0,3.0,-8.0,3.0,1.0,0.0,50.0,Good
8758,63.0,124.0,2.0,17.0,6.0,0.0,0.0,100.0,-7.0,7,8,10.0,9.0,40.0,-7.0,3.0,3.0,45.0,98.0,4.0,4.0,2.0,90.0,Bad
1330,-9.0,-9.0,-9.0,-9.0,-9.0,-9.0,-9.0,-9.0,-9.0,-9,-9,-9.0,-9.0,-9.0,-9.0,-9.0,-9.0,-9.0,-9.0,-9.0,-9.0,-9.0,-9.0,Good
6336,86.0,323.0,30.0,148.0,25.0,0.0,0.0,96.0,65.0,6,6,25.0,0.0,28.0,0.0,0.0,0.0,2.0,12.0,6.0,2.0,0.0,67.0,Good
4581,85.0,128.0,2.0,62.0,17.0,0.0,0.0,100.0,-7.0,7,8,19.0,3.0,61.0,-7.0,5.0,5.0,2.0,93.0,1.0,2.0,0.0,75.0,Good
2592,82.0,488.0,5.0,116.0,43.0,0.0,0.0,100.0,-7.0,7,8,42.0,3.0,18.0,-7.0,0.0,0.0,3.0,-8.0,5.0,-8.0,1.0,23.0,Good
10053,59.0,132.0,13.0,58.0,20.0,0.0,0.0,75.0,7.0,4,6,20.0,0.0,35.0,-7.0,2.0,1.0,94.0,-8.0,4.0,1.0,2.0,83.0,Bad
5234,82.0,280.0,13.0,102.0,22.0,0.0,0.0,91.0,26.0,6,6,23.0,0.0,9.0,0.0,0.0,0.0,3.0,-8.0,4.0,1.0,1.0,42.0,Good
622,86.0,202.0,9.0,68.0,21.0,0.0,0.0,100.0,-7.0,7,8,21.0,1.0,29.0,-7.0,0.0,0.0,0.0,-8.0,0.0,2.0,0.0,25.0,Good
6992,63.0,497.0,2.0,135.0,21.0,2.0,1.0,85.0,2.0,4,4,26.0,2.0,35.0,3.0,2.0,2.0,38.0,67.0,7.0,4.0,1.0,69.0,Good
5931,66.0,48.0,3.0,19.0,11.0,0.0,0.0,100.0,-7.0,7,8,11.0,5.0,18.0,-7.0,1.0,1.0,39.0,80.0,7.0,2.0,1.0,90.0,Bad
6767,65.0,155.0,7.0,68.0,29.0,1.0,1.0,87.0,22.0,5,2,31.0,1.0,58.0,3.0,1.0,1.0,59.0,67.0,4.0,2.0,0.0,60.0,Bad
361,62.0,185.0,9.0,52.0,14.0,1.0,0.0,76.0,3.0,4,5,17.0,1.0,65.0,0.0,5.0,5.0,26.0,70.0,3.0,4.0,1.0,100.0,Bad
4765,71.0,346.0,1.0,105.0,34.0,0.0,0.0,100.0,-7.0,7,8,62.0,6.0,16.0,2.0,1.0,1.0,51.0,59.0,11.0,3.0,5.0,58.0,Good
6284,76.0,408.0,4.0,94.0,32.0,0.0,0.0,100.0,-7.0,7,8,32.0,2.0,16.0,8.0,0.0,0.0,35.0,48.0,5.0,4.0,2.0,47.0,Good
2117,62.0,207.0,6.0,61.0,17.0,1.0,1.0,95.0,18.0,6,3,19.0,1.0,11.0,0.0,2.0,2.0,82.0,-8.0,12.0,-8.0,6.0,81.0,Bad
8056,68.0,197.0,21.0,88.0,8.0,1.0,0.0,55.0,3.0,3,5,11.0,0.0,36.0,1.0,2.0,2.0,6.0,-8.0,1.0,-8.0,0.0,17.0,Bad
6149,83.0,190.0,26.0,102.0,32.0,0.0,0.0,97.0,52.0,6,6,33.0,0.0,19.0,2.0,1.0,1.0,2.0,20.0,2.0,3.0,0.0,42.0,Good
1443,-9.0,-9.0,-9.0,-9.0,-9.0,-9.0,-9.0,-9.0,-9.0,-9,-9,-9.0,-9.0,-9.0,-9.0,-9.0,-9.0,-9.0,-9.0,-9.0,-9.0,-9.0,-9.0,Good
4482,65.0,186.0,3.0,66.0,23.0,0.0,0.0,96.0,32.0,6,6,23.0,2.0,48.0,-7.0,7.0,7.0,55.0,27.0,7.0,4.0,1.0,92.0,Bad
2450,57.0,119.0,7.0,7.0,3.0,0.0,0.0,100.0,-7.0,7,8,7.0,3.0,0.0,-7.0,8.0,6.0,84.0,-8.0,3.0,-8.0,1.0,100.0,Bad
1550,57.0,68.0,4.0,37.0,15.0,0.0,0.0,81.0,31.0,6,6,16.0,3.0,50.0,0.0,1.0,1.0,98.0,85.0,4.0,4.0,1.0,80.0,Bad
9253,74.0,155.0,12.0,65.0,40.0,0.0,0.0,98.0,33.0,6,6,46.0,0.0,21.0,2.0,1.0,1.0,63.0,86.0,2.0,2.0,1.0,67.0,Good
6167,85.0,293.0,36.0,120.0,22.0,0.0,0.0,100.0,-7.0,7,8,22.0,0.0,41.0,-8.0,0.0,0.0,21.0,45.0,3.0,3.0,0.0,75.0,Good
5662,58.0,162.0,15.0,68.0,7.0,2.0,2.0,75.0,19.0,0,2,8.0,0.0,63.0,0.0,1.0,1.0,0.0,-8.0,0.0,1.0,0.0,33.0,Bad
7943,90.0,249.0,22.0,104.0,12.0,0.0,0.0,100.0,-7.0,7,8,12.0,0.0,42.0,0.0,0.0,0.0,0.0,-8.0,0.0,1.0,0.0,20.0,Good
3663,81.0,501.0,17.0,142.0,19.0,0.0,0.0,100.0,-7.0,7,8,55.0,0.0,0.0,4.0,1.0,1.0,53.0,-8.0,3.0,-8.0,1.0,60.0,Good
9891,86.0,361.0,12.0,171.0,9.0,0.0,0.0,100.0,-7.0,7,8,9.0,0.0,22.0,0.0,0.0,0.0,31.0,16.0,4.0,2.0,0.0,67.0,Good
5966,91.0,359.0,62.0,188.0,11.0,0.0,0.0,100.0,-7.0,7,8,11.0,0.0,18.0,-7.0,0.0,0.0,5.0,-8.0,3.0,1.0,0.0,67.0,Good
241,65.0,293.0,11.0,142.0,20.0,1.0,0.0,38.0,2.0,4,5,24.0,1.0,50.0,3.0,13.0,13.0,9.0,32.0,4.0,4.0,2.0,62.0,Bad
6139,72.0,172.0,2.0,76.0,23.0,1.0,1.0,96.0,12.0,6,6,25.0,4.0,36.0,0.0,3.0,3.0,22.0,-8.0,3.0,3.0,1.0,46.0,Good
10255,61.0,217.0,8.0,87.0,13.0,0.0,0.0,73.0,5.0,4,6,15.0,1.0,33.0,7.0,0.0,0.0,59.0,-8.0,6.0,2.0,0.0,100.0,Bad
4318,56.0,365.0,4.0,129.0,55.0,1.0,0.0,80.0,3.0,4,5,59.0,4.0,58.0,0.0,1.0,1.0,66.0,35.0,11.0,5.0,6.0,77.0,Bad
7510,84.0,149.0,4.0,63.0,26.0,0.0,0.0,100.0,-7.0,7,8,28.0,4.0,15.0,-7.0,0.0,0.0,0.0,-8.0,1.0,-8.0,0.0,29.0,Good
8520,71.0,-8.0,4.0,43.0,15.0,0.0,0.0,93.0,44.0,6,6,15.0,1.0,53.0,-7.0,2.0,2.0,44.0,89.0,3.0,3.0,0.0,75.0,Good
1931,81.0,368.0,2.0,82.0,51.0,0.0,0.0,100.0,-7.0,7,8,52.0,6.0,19.0,0.0,3.0,3.0,7.0,58.0,4.0,2.0,0.0,32.0,Good
8778,82.0,381.0,5.0,100.0,28.0,1.0,1.0,97.0,54.0,6,3,29.0,3.0,21.0,-7.0,0.0,0.0,0.0,-8.0,2.0,1.0,1.0,23.0,Good
9271,89.0,181.0,22.0,77.0,25.0,0.0,0.0,100.0,-7.0,7,8,25.0,0.0,8.0,0.0,4.0,3.0,0.0,63.0,3.0,1.0,0.0,44.0,Good
8218,60.0,197.0,17.0,81.0,16.0,1.0,1.0,78.0,1.0,0,2,18.0,0.0,17.0,0.0,0.0,0.0,6.0,-8.0,3.0,1.0,1.0,40.0,Bad
8572,70.0,161.0,10.0,73.0,13.0,0.0,0.0,85.0,15.0,6,6,13.0,1.0,54.0,0.0,3.0,3.0,32.0,93.0,2.0,3.0,1.0,71.0,Bad
3118,67.0,213.0,1.0,56.0,53.0,1.0,0.0,98.0,42.0,6,5,59.0,11.0,18.0,2.0,2.0,2.0,22.0,89.0,7.0,5.0,1.0,52.0,Bad
2137,63.0,190.0,5.0,67.0,14.0,2.0,2.0,75.0,15.0,6,2,17.0,1.0,35.0,0.0,4.0,4.0,0.0,89.0,0.0,1.0,0.0,25.0,Good
4431,66.0,95.0,0.0,54.0,14.0,0.0,0.0,94.0,19.0,6,6,16.0,3.0,19.0,0.0,3.0,3.0,53.0,-8.0,8.0,1.0,2.0,69.0,Bad
4269,78.0,184.0,8.0,74.0,15.0,0.0,0.0,94.0,32.0,6,6,16.0,2.0,19.0,0.0,1.0,1.0,7.0,-8.0,3.0,1.0,0.0,57.0,Bad
548,69.0,66.0,8.0,32.0,14.0,1.0,1.0,93.0,9.0,0,2,15.0,4.0,53.0,-7.0,0.0,0.0,9.0,86.0,2.0,3.0,1.0,78.0,Bad
3428,75.0,52.0,3.0,17.0,10.0,0.0,0.0,100.0,-7.0,7,8,10.0,6.0,60.0,0.0,4.0,4.0,4.0,71.0,1.0,5.0,0.0,75.0,Bad
634,62.0,98.0,4.0,60.0,24.0,0.0,0.0,84.0,3.0,4,6,25.0,1.0,32.0,7.0,0.0,0.0,75.0,96.0,3.0,2.0,1.0,56.0,Bad
2990,85.0,242.0,19.0,103.0,15.0,0.0,0.0,100.0,-7.0,7,8,18.0,0.0,19.0,-8.0,0.0,0.0,18.0,-8.0,6.0,1.0,0.0,70.0,Good
3497,70.0,54.0,0.0,98.0,26.0,0.0,0.0,82.0,3.0,4,6,2.0,3.0,21.0,0.0,2.0,2.0,7.0,96.0,4.0,2.0,0.0,35.0,Bad
748,62.0,307.0,19.0,100.0,31.0,0.0,0.0,97.0,16.0,6,6,32.0,0.0,16.0,8.0,0.0,0.0,62.0,-8.0,9.0,1.0,6.0,71.0,Bad
2707,77.0,227.0,2.0,74.0,66.0,0.0,0.0,99.0,75.0,6,6,76.0,4.0,30.0,-7.0,1.0,1.0,24.0,90.0,12.0,9.0,1.0,58.0,Good
1734,69.0,74.0,72.0,73.0,2.0,1.0,1.0,100.0,-7.0,6,8,2.0,0.0,100.0,0.0,0.0,0.0,-8.0,4.0,-8.0,1.0,-8.0,100.0,Bad
9059,42.0,174.0,1.0,66.0,44.0,11.0,8.0,70.0,3.0,0,2,57.0,5.0,66.0,0.0,7.0,6.0,23.0,68.0,2.0,5.0,0.0,64.0,Good
9895,73.0,207.0,4.0,68.0,25.0,0.0,0.0,96.0,17.0,6,6,26.0,4.0,46.0,0.0,4.0,3.0,0.0,-8.0,2.0,1.0,0.0,43.0,Good
1236,-9.0,-9.0,-9.0,-9.0,-9.0,-9.0,-9.0,-9.0,-9.0,-9,-9,-9.0,-9.0,-9.0,-9.0,-9.0,-9.0,-9.0,-9.0,-9.0,-9.0,-9.0,-9.0,Bad
9886,64.0,181.0,3.0,75.0,35.0,0.0,0.0,92.0,3.0,4,6,37.0,3.0,32.0,0.0,7.0,7.0,21.0,60.0,3.0,2.0,1.0,55.0,Bad
9422,61.0,125.0,7.0,32.0,5.0,1.0,1.0,100.0,-7.0,7,8,6.0,3.0,60.0,0.0,1.0,1.0,232.0,83.0,1.0,3.0,1.0,100.0,Bad
8232,61.0,39.0,23.0,26.0,4.0,2.0,1.0,60.0,12.0,5,5,6.0,0.0,60.0,0.0,0.0,0.0,28.0,-8.0,1.0,1.0,0.0,67.0,Bad
6513,58.0,71.0,2.0,32.0,17.0,0.0,0.0,94.0,2.0,4,6,18.0,3.0,28.0,0.0,2.0,2.0,69.0,77.0,6.0,2.0,4.0,67.0,Bad
6010,70.0,366.0,9.0,163.0,17.0,2.0,2.0,74.0,1.0,0,2,19.0,2.0,11.0,2.0,1.0,1.0,6.0,-8.0,2.0,1.0,1.0,36.0,Bad
2920,70.0,166.0,26.0,94.0,17.0,2.0,1.0,89.0,36.0,6,3,12.0,0.0,16.0,3.0,1.0,1.0,58.0,-8.0,8.0,1.0,1.0,82.0,Bad
5830,70.0,203.0,3.0,68.0,20.0,1.0,1.0,80.0,14.0,6,4,25.0,3.0,40.0,0.0,0.0,0.0,43.0,10.0,7.0,3.0,1.0,79.0,Good
4226,61.0,94.0,3.0,50.0,35.0,1.0,0.0,92.0,2.0,4,5,37.0,2.0,35.0,0.0,0.0,0.0,72.0,100.0,3.0,2.0,1.0,100.0,Good
2423,68.0,217.0,9.0,58.0,32.0,0.0,0.0,100.0,-7.0,7,8,28.0,3.0,6.0,-7.0,1.0,1.0,44.0,-8.0,13.0,1.0,3.0,67.0,Bad
7538,68.0,252.0,21.0,114.0,15.0,1.0,0.0,88.0,5.0,4,5,17.0,0.0,53.0,-7.0,0.0,0.0,23.0,-8.0,2.0,3.0,0.0,83.0,Good
1463,87.0,178.0,26.0,96.0,33.0,0.0,0.0,100.0,-7.0,7,8,33.0,0.0,24.0,0.0,4.0,4.0,9.0,-8.0,4.0,-8.0,0.0,21.0,Good
4980,71.0,194.0,12.0,69.0,29.0,0.0,0.0,93.0,6.0,4,6,31.0,0.0,27.0,2.0,2.0,2.0,36.0,69.0,4.0,2.0,1.0,67.0,Good
2157,65.0,174.0,3.0,63.0,15.0,1.0,0.0,81.0,1.0,4,5,16.0,5.0,50.0,0.0,4.0,4.0,32.0,66.0,3.0,4.0,0.0,64.0,Bad
4147,56.0,256.0,5.0,88.0,38.0,0.0,0.0,79.0,4.0,4,6,39.0,2.0,23.0,0.0,2.0,2.0,25.0,67.0,11.0,5.0,3.0,59.0,Bad
1292,-9.0,-9.0,-9.0,-9.0,-9.0,-9.0,-9.0,-9.0,-9.0,-9,-9,-9.0,-9.0,-9.0,-9.0,-9.0,-9.0,-9.0,-9.0,-9.0,-9.0,-9.0,-9.0,Bad
2139,81.0,121.0,7.0,42.0,15.0,1.0,0.0,94.0,76.0,6,5,16.0,1.0,19.0,0.0,0.0,0.0,4.0,-8.0,5.0,1.0,0.0,55.0,Good
8069,-9.0,-9.0,-9.0,-9.0,-9.0,-9.0,-9.0,-9.0,-9.0,-9,-9,-9.0,-9.0,-9.0,-9.0,-9.0,-9.0,-9.0,-9.0,-9.0,-9.0,-9.0,-9.0,Good
9810,56.0,175.0,2.0,71.0,22.0,2.0,1.0,96.0,3.0,3,5,24.0,3.0,42.0,0.0,2.0,2.0,70.0,70.0,4.0,6.0,2.0,69.0,Bad
9285,89.0,217.0,8.0,93.0,24.0,0.0,0.0,100.0,-7.0,7,8,28.0,1.0,18.0,13.0,0.0,0.0,0.0,-8.0,3.0,1.0,0.0,44.0,Good
6176,61.0,82.0,2.0,44.0,24.0,0.0,0.0,100.0,-7.0,7,8,27.0,1.0,12.0,0.0,10.0,10.0,82.0,60.0,6.0,2.0,5.0,73.0,Bad
8852,79.0,120.0,2.0,46.0,22.0,0.0,0.0,100.0,-7.0,7,8,23.0,5.0,22.0,2.0,3.0,3.0,6.0,90.0,1.0,2.0,0.0,50.0,Good
9029,64.0,139.0,22.0,109.0,3.0,2.0,1.0,80.0,7.0,3,5,5.0,0.0,60.0,0.0,2.0,2.0,-8.0,-8.0,-8.0,1.0,-8.0,100.0,Bad
281,64.0,164.0,8.0,71.0,25.0,1.0,0.0,92.0,7.0,4,6,26.0,3.0,38.0,0.0,3.0,3.0,58.0,84.0,3.0,3.0,0.0,67.0,Bad
1060,76.0,292.0,1.0,110.0,38.0,0.0,0.0,98.0,67.0,6,6,44.0,3.0,18.0,6.0,0.0,0.0,21.0,96.0,7.0,2.0,2.0,59.0,Good
5869,65.0,32.0,2.0,11.0,13.0,1.0,1.0,100.0,-7.0,0,8,17.0,9.0,19.0,0.0,5.0,5.0,7.0,86.0,7.0,3.0,0.0,71.0,Bad
6269,69.0,187.0,2.0,98.0,29.0,0.0,0.0,97.0,25.0,6,6,30.0,3.0,37.0,2.0,2.0,2.0,33.0,74.0,7.0,4.0,2.0,73.0,Good
6893,75.0,186.0,14.0,84.0,24.0,1.0,0.0,73.0,11.0,4,5,26.0,0.0,31.0,19.0,0.0,0.0,10.0,68.0,5.0,3.0,1.0,57.0,Bad
1861,75.0,113.0,97.0,105.0,2.0,0.0,0.0,100.0,-7.0,7,8,2.0,0.0,0.0,0.0,0.0,0.0,101.0,-8.0,2.0,-8.0,1.0,100.0,Bad
3221,63.0,175.0,3.0,61.0,19.0,0.0,0.0,100.0,-7.0,7,8,16.0,5.0,37.0,4.0,1.0,1.0,95.0,91.0,8.0,4.0,4.0,92.0,Bad
2910,61.0,275.0,5.0,102.0,34.0,3.0,1.0,87.0,14.0,6,4,43.0,1.0,24.0,3.0,1.0,1.0,58.0,77.0,18.0,3.0,7.0,81.0,Bad
10217,-9.0,-9.0,-9.0,-9.0,-9.0,-9.0,-9.0,-9.0,-9.0,-9,-9,-9.0,-9.0,-9.0,-9.0,-9.0,-9.0,-9.0,-9.0,-9.0,-9.0,-9.0,-9.0,Good
340,60.0,168.0,23.0,97.0,3.0,6.0,3.0,25.0,7.0,0,5,11.0,0.0,25.0,0.0,0.0,0.0,26.0,68.0,2.0,2.0,0.0,80.0,Good
7675,61.0,83.0,1.0,43.0,40.0,0.0,0.0,100.0,-7.0,7,8,47.0,2.0,32.0,-7.0,0.0,0.0,50.0,85.0,10.0,5.0,5.0,52.0,Bad
1982,57.0,74.0,5.0,30.0,14.0,1.0,0.0,94.0,63.0,6,5,16.0,3.0,44.0,0.0,0.0,0.0,96.0,61.0,7.0,2.0,1.0,91.0,Bad
8457,85.0,312.0,11.0,85.0,32.0,0.0,0.0,100.0,-7.0,7,8,32.0,1.0,25.0,-7.0,1.0,1.0,0.0,-8.0,3.0,1.0,0.0,24.0,Good
5029,74.0,319.0,14.0,115.0,41.0,0.0,0.0,90.0,9.0,4,6,43.0,0.0,24.0,16.0,0.0,0.0,23.0,-8.0,10.0,1.0,0.0,52.0,Good
4852,89.0,207.0,121.0,150.0,7.0,0.0,0.0,100.0,-7.0,7,8,7.0,0.0,14.0,-8.0,0.0,0.0,2.0,-8.0,2.0,-8.0,0.0,100.0,Good
7193,71.0,301.0,5.0,86.0,15.0,0.0,0.0,100.0,-7.0,7,8,15.0,1.0,47.0,0.0,2.0,2.0,75.0,49.0,5.0,4.0,3.0,75.0,Bad
4711,74.0,262.0,35.0,115.0,17.0,0.0,0.0,94.0,3.0,4,6,17.0,0.0,35.0,-8.0,0.0,0.0,0.0,-8.0,2.0,2.0,0.0,71.0,Good
7418,63.0,282.0,2.0,106.0,19.0,5.0,4.0,80.0,23.0,6,4,26.0,1.0,44.0,0.0,0.0,0.0,12.0,-8.0,1.0,1.0,0.0,67.0,Bad
5485,73.0,263.0,5.0,102.0,37.0,0.0,0.0,100.0,-7.0,7,8,57.0,1.0,42.0,0.0,4.0,4.0,11.0,19.0,4.0,4.0,0.0,67.0,Good
6341,73.0,153.0,0.0,75.0,17.0,0.0,0.0,100.0,-7.0,7,8,18.0,4.0,33.0,0.0,2.0,2.0,87.0,95.0,2.0,2.0,1.0,57.0,Bad
7826,83.0,183.0,14.0,73.0,17.0,0.0,0.0,100.0,-7.0,7,8,17.0,0.0,35.0,14.0,0.0,0.0,20.0,-8.0,3.0,1.0,0.0,44.0,Good
846,61.0,271.0,9.0,86.0,26.0,0.0,0.0,89.0,3.0,4,6,27.0,1.0,56.0,0.0,1.0,1.0,57.0,67.0,6.0,5.0,2.0,92.0,Bad
8220,65.0,198.0,5.0,73.0,22.0,1.0,0.0,88.0,27.0,6,5,24.0,1.0,17.0,0.0,2.0,2.0,31.0,-8.0,3.0,1.0,1.0,57.0,Good
518,60.0,-8.0,8.0,88.0,55.0,0.0,0.0,95.0,10.0,4,6,59.0,3.0,34.0,-7.0,1.0,1.0,54.0,59.0,6.0,4.0,3.0,61.0,Good
328,80.0,131.0,19.0,66.0,7.0,0.0,0.0,100.0,-7.0,7,8,7.0,0.0,71.0,0.0,0.0,0.0,-8.0,74.0,1.0,2.0,-8.0,100.0,Bad
6624,63.0,66.0,9.0,52.0,3.0,1.0,1.0,75.0,6.0,4,6,4.0,1.0,75.0,-7.0,1.0,1.0,71.0,132.0,1.0,1.0,0.0,100.0,Bad
3338,80.0,146.0,1.0,38.0,15.0,0.0,0.0,100.0,-7.0,7,8,30.0,1.0,13.0,3.0,2.0,2.0,16.0,-8.0,2.0,1.0,0.0,27.0,Bad
7759,73.0,80.0,2.0,42.0,14.0,0.0,0.0,100.0,-7.0,7,8,15.0,2.0,27.0,-8.0,0.0,0.0,61.0,73.0,4.0,3.0,0.0,88.0,Bad
9367,81.0,158.0,13.0,71.0,34.0,0.0,0.0,97.0,42.0,6,6,37.0,0.0,42.0,1.0,1.0,1.0,9.0,86.0,3.0,5.0,0.0,47.0,Bad
336,64.0,51.0,6.0,22.0,15.0,0.0,0.0,100.0,-7.0,5,8,24.0,3.0,25.0,0.0,0.0,0.0,61.0,84.0,10.0,3.0,1.0,100.0,Bad
8146,67.0,294.0,6.0,100.0,37.0,0.0,0.0,100.0,-7.0,7,8,40.0,3.0,30.0,1.0,6.0,6.0,54.0,54.0,7.0,6.0,4.0,87.0,Good
5537,65.0,199.0,17.0,83.0,9.0,5.0,5.0,100.0,-7.0,6,8,9.0,0.0,56.0,22.0,0.0,0.0,88.0,77.0,3.0,2.0,1.0,100.0,Bad
5928,68.0,106.0,11.0,48.0,4.0,0.0,0.0,75.0,67.0,6,6,4.0,1.0,75.0,-7.0,1.0,1.0,-8.0,28.0,-8.0,2.0,-8.0,100.0,Bad
4263,66.0,256.0,9.0,76.0,32.0,0.0,0.0,97.0,16.0,6,6,33.0,1.0,30.0,0.0,0.0,0.0,34.0,60.0,6.0,3.0,3.0,45.0,Good
3389,68.0,130.0,7.0,64.0,31.0,3.0,3.0,82.0,16.0,6,2,34.0,3.0,21.0,0.0,4.0,3.0,14.0,2.0,5.0,3.0,0.0,44.0,Good
225,60.0,281.0,1.0,73.0,35.0,0.0,0.0,78.0,0.0,4,6,40.0,4.0,28.0,0.0,8.0,8.0,16.0,86.0,10.0,4.0,2.0,68.0,Bad
9330,-9.0,-9.0,-9.0,-9.0,-9.0,-9.0,-9.0,-9.0,-9.0,-9,-9,-9.0,-9.0,-9.0,-9.0,-9.0,-9.0,-9.0,-9.0,-9.0,-9.0,-9.0,-9.0,Good
9605,65.0,256.0,3.0,96.0,42.0,0.0,0.0,91.0,26.0,6,6,46.0,3.0,30.0,3.0,1.0,1.0,56.0,88.0,11.0,3.0,2.0,67.0,Bad
6173,84.0,283.0,12.0,95.0,13.0,0.0,0.0,100.0,-7.0,7,8,15.0,0.0,43.0,1.0,3.0,3.0,8.0,53.0,1.0,2.0,0.0,43.0,Good
8949,62.0,208.0,4.0,118.0,16.0,1.0,0.0,89.0,1.0,4,5,18.0,2.0,33.0,0.0,1.0,1.0,69.0,66.0,6.0,4.0,3.0,100.0,Good
6306,68.0,82.0,6.0,25.0,5.0,0.0,0.0,100.0,-7.0,7,8,5.0,3.0,0.0,1.0,1.0,1.0,88.0,-8.0,3.0,-8.0,1.0,100.0,Bad
9652,72.0,158.0,6.0,81.0,11.0,0.0,0.0,80.0,2.0,4,6,15.0,3.0,7.0,11.0,0.0,0.0,11.0,-8.0,3.0,1.0,0.0,44.0,Good
8489,86.0,-8.0,4.0,93.0,38.0,0.0,0.0,100.0,-7.0,7,8,39.0,1.0,5.0,-7.0,0.0,0.0,9.0,51.0,7.0,2.0,0.0,36.0,Bad
4891,75.0,273.0,10.0,107.0,27.0,1.0,0.0,93.0,18.0,6,5,29.0,1.0,17.0,10.0,0.0,0.0,26.0,91.0,4.0,2.0,0.0,54.0,Good
8306,81.0,358.0,88.0,184.0,15.0,0.0,0.0,100.0,-7.0,7,8,16.0,0.0,19.0,12.0,0.0,0.0,88.0,-8.0,3.0,1.0,1.0,67.0,Bad
8424,55.0,101.0,4.0,29.0,12.0,0.0,0.0,92.0,2.0,4,6,13.0,3.0,38.0,0.0,0.0,0.0,43.0,83.0,5.0,3.0,2.0,100.0,Bad
9878,84.0,195.0,10.0,75.0,29.0,0.0,0.0,100.0,-7.0,7,8,30.0,1.0,7.0,0.0,1.0,1.0,5.0,96.0,2.0,2.0,0.0,36.0,Good
5924,80.0,305.0,16.0,154.0,17.0,0.0,0.0,100.0,-7.0,7,8,18.0,0.0,12.0,-7.0,2.0,2.0,25.0,-8.0,2.0,1.0,0.0,44.0,Good
3717,78.0,239.0,0.0,92.0,28.0,0.0,0.0,97.0,6.0,4,6,20.0,4.0,13.0,0.0,2.0,1.0,2.0,-8.0,4.0,1.0,0.0,36.0,Good
8471,72.0,-8.0,13.0,118.0,19.0,0.0,0.0,100.0,-7.0,7,8,20.0,0.0,35.0,-7.0,7.0,7.0,50.0,-8.0,5.0,-8.0,1.0,100.0,Good
10244,81.0,75.0,29.0,52.0,12.0,1.0,0.0,92.0,51.0,6,5,13.0,0.0,31.0,15.0,0.0,0.0,8.0,-8.0,2.0,1.0,0.0,38.0,Good
2547,62.0,153.0,20.0,40.0,5.0,0.0,0.0,20.0,7.0,4,6,12.0,0.0,100.0,-7.0,0.0,0.0,-8.0,75.0,-8.0,2.0,-8.0,100.0,Bad
9495,87.0,297.0,7.0,68.0,23.0,0.0,0.0,100.0,-7.0,7,8,23.0,2.0,39.0,0.0,0.0,0.0,1.0,6.0,1.0,3.0,0.0,56.0,Good
9086,74.0,187.0,0.0,89.0,35.0,1.0,1.0,97.0,51.0,6,2,39.0,2.0,26.0,-7.0,0.0,0.0,20.0,-8.0,3.0,1.0,1.0,31.0,Good
6742,91.0,395.0,30.0,133.0,13.0,0.0,0.0,100.0,-7.0,7,8,13.0,0.0,15.0,-7.0,0.0,0.0,4.0,-8.0,2.0,1.0,0.0,33.0,Good
1714,73.0,322.0,34.0,120.0,17.0,1.0,1.0,89.0,1.0,1,3,18.0,0.0,11.0,0.0,1.0,1.0,15.0,-8.0,3.0,-8.0,0.0,60.0,Bad
35,88.0,153.0,33.0,92.0,13.0,0.0,0.0,100.0,-7.0,7,8,14.0,0.0,7.0,0.0,0.0,0.0,1.0,-8.0,1.0,-8.0,0.0,25.0,Good
882,56.0,126.0,15.0,66.0,22.0,2.0,2.0,86.0,0.0,4,6,22.0,0.0,23.0,14.0,0.0,0.0,21.0,60.0,4.0,2.0,0.0,55.0,Bad
1536,88.0,371.0,9.0,133.0,10.0,0.0,0.0,100.0,-7.0,7,8,10.0,1.0,10.0,0.0,1.0,1.0,2.0,-8.0,2.0,-8.0,0.0,25.0,Good
7887,78.0,342.0,3.0,134.0,10.0,0.0,0.0,80.0,16.0,6,6,10.0,1.0,30.0,0.0,1.0,1.0,39.0,-8.0,3.0,1.0,0.0,80.0,Bad
922,71.0,281.0,16.0,89.0,38.0,0.0,0.0,97.0,60.0,6,6,39.0,0.0,5.0,0.0,2.0,2.0,18.0,-8.0,11.0,1.0,2.0,48.0,Good
5721,59.0,365.0,9.0,105.0,21.0,0.0,0.0,87.0,3.0,4,6,23.0,1.0,48.0,0.0,0.0,0.0,63.0,72.0,6.0,4.0,2.0,91.0,Good
688,90.0,214.0,9.0,110.0,20.0,0.0,0.0,100.0,-7.0,7,8,22.0,2.0,9.0,-8.0,0.0,0.0,6.0,-8.0,2.0,-8.0,0.0,25.0,Bad
7514,86.0,159.0,4.0,69.0,39.0,0.0,0.0,100.0,-7.0,7,8,42.0,2.0,49.0,-7.0,0.0,0.0,1.0,76.0,4.0,3.0,0.0,54.0,Good
4452,60.0,69.0,2.0,35.0,25.0,0.0,0.0,96.0,1.0,4,6,27.0,4.0,26.0,0.0,4.0,4.0,58.0,78.0,2.0,2.0,2.0,67.0,Bad
4010,82.0,192.0,5.0,91.0,47.0,1.0,1.0,92.0,36.0,6,3,6.0,2.0,39.0,4.0,1.0,1.0,6.0,82.0,4.0,2.0,0.0,33.0,Good
1207,-9.0,-9.0,-9.0,-9.0,-9.0,-9.0,-9.0,-9.0,-9.0,-9,-9,-9.0,-9.0,-9.0,-9.0,-9.0,-9.0,-9.0,-9.0,-9.0,-9.0,-9.0,-9.0,Good
10117,56.0,407.0,10.0,118.0,19.0,1.0,0.0,75.0,2.0,3,5,20.0,1.0,20.0,-7.0,0.0,0.0,55.0,-8.0,8.0,1.0,5.0,91.0,Bad
8631,71.0,229.0,14.0,104.0,35.0,0.0,0.0,100.0,-7.0,7,8,36.0,0.0,22.0,19.0,0.0,0.0,74.0,65.0,6.0,3.0,1.0,69.0,Good
9635,73.0,126.0,1.0,39.0,24.0,0.0,0.0,96.0,14.0,6,6,26.0,6.0,64.0,3.0,2.0,1.0,14.0,97.0,2.0,4.0,0.0,67.0,Bad
2257,65.0,209.0,8.0,56.0,41.0,1.0,1.0,98.0,2.0,0,2,47.0,4.0,38.0,-7.0,0.0,0.0,0.0,69.0,3.0,6.0,0.0,43.0,Good
3787,82.0,289.0,7.0,71.0,20.0,0.0,0.0,100.0,-7.0,7,8,14.0,3.0,45.0,6.0,0.0,0.0,19.0,-8.0,3.0,1.0,0.0,57.0,Good
1830,70.0,156.0,8.0,81.0,20.0,5.0,4.0,95.0,39.0,6,5,21.0,1.0,67.0,0.0,8.0,8.0,11.0,53.0,2.0,4.0,0.0,60.0,Good
9515,63.0,153.0,6.0,68.0,37.0,1.0,1.0,91.0,25.0,6,6,45.0,1.0,89.0,0.0,0.0,0.0,82.0,74.0,3.0,5.0,0.0,100.0,Bad
4501,78.0,211.0,16.0,86.0,27.0,0.0,0.0,100.0,-7.0,7,8,27.0,0.0,22.0,-7.0,5.0,5.0,11.0,30.0,3.0,2.0,0.0,71.0,Bad
6280,72.0,148.0,5.0,67.0,44.0,0.0,0.0,96.0,70.0,6,6,47.0,5.0,33.0,0.0,2.0,2.0,14.0,-8.0,5.0,5.0,0.0,73.0,Good
9572,60.0,89.0,3.0,40.0,27.0,0.0,0.0,100.0,-7.0,7,8,27.0,5.0,37.0,-7.0,1.0,1.0,89.0,54.0,11.0,2.0,6.0,81.0,Bad
6719,83.0,71.0,3.0,36.0,8.0,0.0,0.0,100.0,-7.0,7,8,8.0,3.0,38.0,-7.0,0.0,0.0,7.0,-8.0,1.0,1.0,0.0,40.0,Bad
7164,61.0,391.0,2.0,137.0,16.0,0.0,0.0,71.0,8.0,4,6,17.0,1.0,35.0,0.0,0.0,0.0,62.0,23.0,5.0,2.0,3.0,78.0,Bad
6495,75.0,159.0,8.0,71.0,12.0,0.0,0.0,83.0,18.0,6,6,12.0,1.0,42.0,0.0,1.0,1.0,0.0,100.0,0.0,2.0,-8.0,67.0,Bad
3549,79.0,203.0,4.0,95.0,28.0,1.0,0.0,91.0,41.0,6,5,16.0,2.0,28.0,3.0,1.0,1.0,1.0,-8.0,3.0,1.0,0.0,40.0,Good
7720,67.0,117.0,5.0,61.0,26.0,0.0,0.0,93.0,30.0,6,6,27.0,3.0,15.0,3.0,1.0,1.0,86.0,-8.0,5.0,1.0,3.0,67.0,Good
1792,65.0,145.0,4.0,46.0,36.0,0.0,0.0,94.0,80.0,5,6,36.0,4.0,31.0,0.0,1.0,1.0,61.0,74.0,13.0,6.0,5.0,84.0,Bad
5678,63.0,88.0,7.0,56.0,5.0,2.0,2.0,83.0,53.0,6,2,6.0,1.0,50.0,0.0,2.0,2.0,97.0,-8.0,2.0,1.0,1.0,75.0,Bad
3897,64.0,286.0,1.0,97.0,27.0,0.0,0.0,93.0,6.0,4,6,55.0,3.0,45.0,0.0,6.0,6.0,33.0,57.0,2.0,3.0,1.0,56.0,Bad
1395,-9.0,-9.0,-9.0,-9.0,-9.0,-9.0,-9.0,-9.0,-9.0,-9,-9,-9.0,-9.0,-9.0,-9.0,-9.0,-9.0,-9.0,-9.0,-9.0,-9.0,-9.0,-9.0,Bad
6288,68.0,235.0,9.0,117.0,16.0,1.0,1.0,89.0,0.0,0,2,19.0,1.0,53.0,0.0,3.0,3.0,27.0,48.0,1.0,3.0,0.0,83.0,Bad
3882,86.0,12.0,9.0,62.0,6.0,0.0,0.0,100.0,-7.0,7,8,2.0,1.0,0.0,1.0,1.0,1.0,7.0,-8.0,1.0,-8.0,0.0,25.0,Good
8128,86.0,304.0,103.0,167.0,9.0,0.0,0.0,100.0,-7.0,7,8,9.0,0.0,22.0,-8.0,0.0,0.0,27.0,20.0,1.0,1.0,0.0,67.0,Good
3705,67.0,44.0,21.0,96.0,6.0,2.0,1.0,50.0,36.0,6,2,14.0,0.0,0.0,0.0,2.0,2.0,65.0,-8.0,4.0,-8.0,2.0,80.0,Good
1218,-9.0,-9.0,-9.0,-9.0,-9.0,-9.0,-9.0,-9.0,-9.0,-9,-9,-9.0,-9.0,-9.0,-9.0,-9.0,-9.0,-9.0,-9.0,-9.0,-9.0,-9.0,-9.0,Bad
8444,77.0,199.0,2.0,60.0,24.0,0.0,0.0,100.0,-7.0,7,8,29.0,3.0,21.0,0.0,0.0,0.0,66.0,41.0,5.0,3.0,2.0,67.0,Bad
3179,72.0,320.0,4.0,71.0,28.0,0.0,0.0,96.0,40.0,6,6,20.0,6.0,25.0,5.0,3.0,3.0,13.0,68.0,7.0,3.0,1.0,85.0,Good
8138,68.0,152.0,2.0,81.0,25.0,0.0,0.0,89.0,1.0,4,6,28.0,2.0,43.0,0.0,2.0,2.0,8.0,79.0,3.0,5.0,0.0,100.0,Good
6569,65.0,144.0,13.0,84.0,9.0,0.0,0.0,73.0,54.0,6,6,11.0,0.0,18.0,0.0,0.0,0.0,78.0,-8.0,7.0,1.0,2.0,89.0,Bad
2561,62.0,260.0,3.0,74.0,29.0,1.0,0.0,86.0,1.0,3,5,35.0,6.0,40.0,-7.0,5.0,5.0,27.0,73.0,7.0,8.0,0.0,63.0,Bad
8162,84.0,150.0,5.0,76.0,24.0,0.0,0.0,100.0,-7.0,7,8,25.0,1.0,16.0,12.0,0.0,0.0,2.0,-8.0,4.0,1.0,1.0,45.0,Good
6616,77.0,243.0,2.0,113.0,26.0,0.0,0.0,100.0,-7.0,5,7,29.0,2.0,31.0,-7.0,1.0,1.0,36.0,82.0,8.0,3.0,2.0,69.0,Good
8736,61.0,425.0,34.0,103.0,13.0,4.0,4.0,79.0,37.0,0,3,20.0,0.0,58.0,0.0,0.0,0.0,78.0,66.0,4.0,1.0,1.0,100.0,Bad
1160,-9.0,-9.0,-9.0,-9.0,-9.0,-9.0,-9.0,-9.0,-9.0,-9,-9,-9.0,-9.0,-9.0,-9.0,-9.0,-9.0,-9.0,-9.0,-9.0,-9.0,-9.0,-9.0,Good
3558,65.0,483.0,0.0,84.0,35.0,0.0,0.0,97.0,41.0,6,6,38.0,5.0,21.0,0.0,4.0,4.0,42.0,21.0,9.0,2.0,1.0,65.0,Bad
4620,61.0,124.0,2.0,56.0,7.0,2.0,1.0,70.0,12.0,6,4,10.0,1.0,40.0,-7.0,1.0,0.0,72.0,-8.0,2.0,2.0,1.0,67.0,Good
2553,79.0,70.0,1.0,66.0,20.0,1.0,0.0,96.0,30.0,6,5,14.0,2.0,17.0,-7.0,0.0,0.0,10.0,-8.0,1.0,1.0,1.0,25.0,Good
7169,84.0,319.0,10.0,95.0,32.0,0.0,0.0,100.0,-7.0,7,8,35.0,2.0,23.0,0.0,0.0,0.0,19.0,89.0,5.0,1.0,0.0,50.0,Good
6534,59.0,185.0,7.0,76.0,21.0,0.0,0.0,83.0,11.0,4,6,24.0,2.0,63.0,0.0,3.0,3.0,59.0,64.0,2.0,6.0,2.0,73.0,Bad
440,60.0,141.0,5.0,66.0,12.0,7.0,5.0,59.0,19.0,6,3,18.0,4.0,35.0,0.0,3.0,3.0,22.0,-8.0,2.0,-8.0,0.0,50.0,Bad
1451,-9.0,-9.0,-9.0,-9.0,-9.0,-9.0,-9.0,-9.0,-9.0,-9,-9,-9.0,-9.0,-9.0,-9.0,-9.0,-9.0,-9.0,-9.0,-9.0,-9.0,-9.0,-9.0,Bad
301,75.0,255.0,5.0,102.0,30.0,0.0,0.0,100.0,-7.0,7,8,32.0,2.0,13.0,0.0,1.0,1.0,39.0,95.0,7.0,2.0,4.0,53.0,Bad
8498,71.0,322.0,20.0,117.0,29.0,1.0,1.0,93.0,9.0,4,6,30.0,0.0,48.0,-7.0,2.0,2.0,21.0,-8.0,2.0,1.0,0.0,25.0,Good
3704,75.0,-8.0,3.0,60.0,29.0,1.0,1.0,97.0,29.0,6,2,0.0,2.0,3.0,3.0,1.0,1.0,1.0,-8.0,4.0,1.0,0.0,28.0,Good
4821,66.0,273.0,1.0,111.0,26.0,0.0,0.0,100.0,-7.0,7,8,28.0,1.0,7.0,0.0,3.0,3.0,74.0,-8.0,7.0,-8.0,5.0,58.0,Good
8684,50.0,54.0,2.0,29.0,13.0,1.0,1.0,87.0,1.0,0,2,15.0,3.0,60.0,0.0,1.0,1.0,99.0,68.0,4.0,2.0,1.0,100.0,Bad
8747,78.0,260.0,13.0,133.0,23.0,0.0,0.0,100.0,-7.0,7,8,23.0,0.0,35.0,0.0,1.0,1.0,37.0,76.0,7.0,2.0,1.0,82.0,Bad
1893,62.0,153.0,3.0,68.0,27.0,1.0,1.0,86.0,1.0,2,4,28.0,3.0,25.0,0.0,2.0,2.0,22.0,30.0,7.0,3.0,2.0,50.0,Bad
8139,74.0,183.0,10.0,44.0,12.0,0.0,0.0,100.0,-7.0,7,8,12.0,1.0,33.0,6.0,1.0,0.0,39.0,-8.0,2.0,1.0,1.0,75.0,Good
2342,89.0,153.0,19.0,67.0,14.0,0.0,0.0,100.0,-7.0,7,8,20.0,0.0,36.0,-7.0,0.0,0.0,6.0,-8.0,2.0,1.0,0.0,60.0,Good
783,60.0,306.0,1.0,60.0,25.0,1.0,1.0,100.0,-7.0,6,8,35.0,5.0,21.0,0.0,5.0,5.0,30.0,84.0,6.0,4.0,0.0,56.0,Good
4151,62.0,150.0,3.0,66.0,40.0,3.0,0.0,91.0,2.0,3,2,45.0,3.0,20.0,0.0,3.0,3.0,49.0,62.0,11.0,3.0,2.0,50.0,Bad
9987,63.0,91.0,5.0,26.0,11.0,1.0,1.0,100.0,-7.0,7,8,12.0,5.0,27.0,0.0,1.0,1.0,90.0,42.0,6.0,3.0,1.0,100.0,Bad
89,-9.0,17.0,17.0,17.0,1.0,0.0,0.0,100.0,-7.0,9,8,1.0,0.0,100.0,0.0,0.0,0.0,-8.0,-8.0,-8.0,-8.0,-8.0,-8.0,Good
8973,84.0,427.0,20.0,118.0,15.0,0.0,0.0,100.0,-7.0,7,8,17.0,0.0,12.0,0.0,0.0,0.0,19.0,-8.0,3.0,-8.0,0.0,43.0,Good
9196,87.0,247.0,12.0,163.0,25.0,0.0,0.0,100.0,-7.0,7,8,25.0,0.0,12.0,-8.0,0.0,0.0,9.0,-8.0,4.0,-8.0,0.0,36.0,Good
3802,85.0,211.0,5.0,73.0,19.0,0.0,0.0,100.0,-7.0,7,8,33.0,4.0,11.0,0.0,1.0,1.0,17.0,-8.0,3.0,1.0,0.0,33.0,Good
685,84.0,212.0,11.0,82.0,13.0,0.0,0.0,87.0,55.0,6,6,15.0,1.0,47.0,10.0,0.0,0.0,5.0,-8.0,1.0,1.0,0.0,67.0,Bad
8145,80.0,195.0,6.0,62.0,19.0,0.0,0.0,100.0,-7.0,7,8,19.0,2.0,37.0,5.0,0.0,0.0,3.0,61.0,2.0,2.0,1.0,44.0,Good
6400,87.0,278.0,48.0,143.0,6.0,0.0,0.0,100.0,-7.0,7,8,6.0,0.0,0.0,0.0,0.0,0.0,12.0,-8.0,3.0,-8.0,0.0,100.0,Good
9324,78.0,475.0,2.0,113.0,27.0,0.0,0.0,97.0,29.0,6,6,30.0,1.0,50.0,3.0,2.0,2.0,42.0,-8.0,4.0,3.0,1.0,64.0,Good
8198,73.0,217.0,22.0,87.0,34.0,0.0,0.0,100.0,-7.0,7,8,36.0,0.0,17.0,0.0,1.0,1.0,91.0,-8.0,7.0,-8.0,3.0,100.0,Bad
4395,61.0,112.0,3.0,32.0,29.0,0.0,0.0,100.0,-7.0,5,8,31.0,7.0,77.0,0.0,5.0,5.0,88.0,82.0,7.0,4.0,3.0,100.0,Bad
1387,-9.0,-9.0,-9.0,-9.0,-9.0,-9.0,-9.0,-9.0,-9.0,-9,-9,-9.0,-9.0,-9.0,-9.0,-9.0,-9.0,-9.0,-9.0,-9.0,-9.0,-9.0,-9.0,Bad
1612,66.0,105.0,8.0,46.0,20.0,0.0,0.0,100.0,-7.0,7,8,20.0,1.0,20.0,0.0,1.0,1.0,78.0,67.0,5.0,2.0,4.0,73.0,Good
5178,74.0,225.0,3.0,87.0,14.0,0.0,0.0,71.0,12.0,6,6,17.0,3.0,59.0,3.0,3.0,3.0,25.0,-8.0,1.0,1.0,0.0,33.0,Bad
10421,-9.0,-9.0,-9.0,-9.0,-9.0,-9.0,-9.0,-9.0,-9.0,-9,-9,-9.0,-9.0,-9.0,-9.0,-9.0,-9.0,-9.0,-9.0,-9.0,-9.0,-9.0,-9.0,Good
9998,89.0,425.0,19.0,186.0,16.0,0.0,0.0,100.0,-7.0,7,8,16.0,0.0,19.0,0.0,0.0,0.0,0.0,-8.0,2.0,-8.0,0.0,50.0,Good
7535,92.0,211.0,20.0,124.0,33.0,0.0,0.0,100.0,-7.0,7,8,34.0,0.0,15.0,-7.0,0.0,0.0,0.0,-8.0,2.0,1.0,0.0,27.0,Good
2719,65.0,145.0,1.0,51.0,7.0,3.0,2.0,80.0,58.0,6,2,15.0,2.0,50.0,-7.0,1.0,1.0,43.0,61.0,3.0,2.0,0.0,100.0,Good
1126,-9.0,-9.0,-9.0,-9.0,-9.0,-9.0,-9.0,-9.0,-9.0,-9,-9,-9.0,-9.0,-9.0,-9.0,-9.0,-9.0,-9.0,-9.0,-9.0,-9.0,-9.0,-9.0,Bad
5689,74.0,284.0,4.0,84.0,43.0,0.0,0.0,98.0,23.0,6,6,44.0,8.0,25.0,0.0,2.0,1.0,9.0,9.0,12.0,2.0,1.0,50.0,Good
4275,73.0,256.0,2.0,90.0,23.0,0.0,0.0,100.0,-7.0,7,8,24.0,4.0,17.0,0.0,1.0,0.0,49.0,78.0,11.0,3.0,4.0,70.0,Good
8439,62.0,156.0,2.0,63.0,31.0,1.0,1.0,97.0,5.0,0,2,33.0,3.0,18.0,0.0,0.0,0.0,3.0,-8.0,3.0,2.0,0.0,42.0,Bad
1943,71.0,295.0,26.0,102.0,20.0,1.0,0.0,91.0,11.0,4,2,22.0,0.0,27.0,0.0,1.0,1.0,53.0,58.0,2.0,2.0,0.0,67.0,Bad
7511,60.0,212.0,10.0,88.0,23.0,0.0,0.0,83.0,3.0,4,6,23.0,1.0,48.0,-7.0,0.0,0.0,55.0,4.0,5.0,4.0,1.0,82.0,Bad
6174,67.0,25.0,0.0,9.0,3.0,0.0,0.0,100.0,-7.0,7,8,5.0,3.0,60.0,0.0,2.0,2.0,44.0,81.0,1.0,2.0,0.0,75.0,Bad
4938,82.0,364.0,26.0,126.0,26.0,0.0,0.0,96.0,53.0,6,6,27.0,0.0,15.0,-8.0,1.0,0.0,15.0,75.0,7.0,3.0,1.0,63.0,Good
4878,84.0,172.0,5.0,74.0,21.0,0.0,0.0,100.0,-7.0,7,8,21.0,1.0,29.0,3.0,1.0,1.0,1.0,32.0,1.0,2.0,0.0,36.0,Good
5850,63.0,164.0,12.0,51.0,10.0,1.0,0.0,82.0,24.0,6,5,11.0,0.0,55.0,0.0,0.0,0.0,68.0,84.0,4.0,3.0,2.0,100.0,Good
10125,70.0,23.0,17.0,21.0,3.0,0.0,0.0,100.0,-7.0,7,8,4.0,0.0,67.0,-7.0,0.0,0.0,95.0,78.0,1.0,1.0,-8.0,100.0,Bad
6109,77.0,233.0,7.0,56.0,24.0,0.0,0.0,96.0,12.0,6,6,24.0,2.0,8.0,0.0,0.0,0.0,33.0,-8.0,2.0,1.0,0.0,33.0,Bad
4149,81.0,223.0,6.0,83.0,63.0,0.0,0.0,100.0,-7.0,7,8,63.0,3.0,16.0,0.0,1.0,0.0,15.0,89.0,2.0,3.0,1.0,40.0,Good
4970,84.0,205.0,16.0,89.0,22.0,0.0,0.0,100.0,-7.0,7,8,22.0,0.0,45.0,0.0,2.0,2.0,20.0,63.0,1.0,2.0,0.0,27.0,Good
8514,60.0,-8.0,2.0,95.0,42.0,2.0,1.0,87.0,3.0,4,3,49.0,3.0,18.0,-7.0,8.0,8.0,44.0,60.0,7.0,3.0,1.0,48.0,Bad
540,70.0,214.0,21.0,148.0,16.0,7.0,7.0,88.0,15.0,0,6,17.0,0.0,35.0,-7.0,0.0,0.0,28.0,-8.0,4.0,1.0,0.0,63.0,Bad
9428,66.0,160.0,5.0,60.0,13.0,2.0,2.0,81.0,51.0,6,2,16.0,3.0,44.0,0.0,3.0,3.0,56.0,-8.0,3.0,2.0,1.0,71.0,Bad
10124,72.0,189.0,2.0,70.0,19.0,0.0,0.0,100.0,-7.0,7,8,22.0,2.0,41.0,-7.0,3.0,3.0,92.0,-8.0,6.0,1.0,4.0,78.0,Good
7352,64.0,70.0,6.0,45.0,26.0,1.0,1.0,100.0,-7.0,6,8,27.0,3.0,52.0,0.0,11.0,11.0,0.0,93.0,0.0,4.0,-8.0,57.0,Bad
7555,62.0,267.0,106.0,181.0,6.0,4.0,3.0,71.0,8.0,4,5,7.0,0.0,14.0,-7.0,0.0,0.0,95.0,-8.0,1.0,1.0,1.0,67.0,Bad
8388,56.0,162.0,2.0,38.0,30.0,1.0,1.0,100.0,-7.0,6,8,32.0,4.0,28.0,0.0,5.0,5.0,58.0,75.0,16.0,3.0,4.0,86.0,Bad
871,85.0,194.0,4.0,82.0,30.0,0.0,0.0,100.0,-7.0,7,8,34.0,1.0,26.0,2.0,2.0,2.0,4.0,-8.0,3.0,1.0,0.0,42.0,Bad
10126,83.0,215.0,6.0,83.0,23.0,0.0,0.0,100.0,-7.0,7,8,23.0,2.0,61.0,1.0,2.0,2.0,13.0,-8.0,3.0,3.0,1.0,75.0,Bad
1745,64.0,62.0,5.0,42.0,10.0,0.0,0.0,100.0,-7.0,7,8,10.0,1.0,0.0,0.0,2.0,2.0,84.0,-8.0,8.0,-8.0,4.0,80.0,Bad
233,63.0,69.0,3.0,42.0,13.0,7.0,7.0,100.0,-7.0,6,8,13.0,2.0,15.0,0.0,1.0,1.0,53.0,58.0,6.0,2.0,1.0,89.0,Good
785,81.0,213.0,4.0,75.0,40.0,0.0,0.0,100.0,-7.0,7,8,40.0,2.0,35.0,3.0,2.0,2.0,30.0,97.0,4.0,4.0,0.0,62.0,Good
7070,72.0,348.0,16.0,79.0,36.0,0.0,0.0,100.0,-7.0,7,8,36.0,0.0,31.0,-8.0,0.0,0.0,39.0,89.0,4.0,6.0,2.0,67.0,Good
2220,67.0,388.0,3.0,106.0,31.0,0.0,0.0,100.0,-7.0,7,8,31.0,1.0,19.0,0.0,0.0,0.0,83.0,69.0,14.0,3.0,10.0,91.0,Bad
6618,89.0,379.0,156.0,257.0,3.0,0.0,0.0,100.0,-7.0,7,8,3.0,0.0,33.0,-7.0,0.0,0.0,0.0,-8.0,0.0,-8.0,-8.0,0.0,Good
1091,-9.0,-9.0,-9.0,-9.0,-9.0,-9.0,-9.0,-9.0,-9.0,-9,-9,-9.0,-9.0,-9.0,-9.0,-9.0,-9.0,-9.0,-9.0,-9.0,-9.0,-9.0,-9.0,Bad
6666,71.0,243.0,2.0,65.0,29.0,0.0,0.0,97.0,5.0,4,6,30.0,6.0,10.0,-7.0,0.0,0.0,4.0,95.0,5.0,2.0,0.0,47.0,Bad
1419,-9.0,-9.0,-9.0,-9.0,-9.0,-9.0,-9.0,-9.0,-9.0,-9,-9,-9.0,-9.0,-9.0,-9.0,-9.0,-9.0,-9.0,-9.0,-9.0,-9.0,-9.0,-9.0,Bad
7372,69.0,295.0,1.0,50.0,24.0,0.0,0.0,100.0,-7.0,7,8,26.0,6.0,54.0,0.0,1.0,1.0,33.0,58.0,4.0,10.0,1.0,80.0,Bad
3749,69.0,199.0,2.0,83.0,61.0,1.0,1.0,100.0,-7.0,6,8,23.0,2.0,18.0,1.0,3.0,3.0,14.0,68.0,4.0,4.0,1.0,33.0,Good
4895,79.0,94.0,5.0,52.0,25.0,0.0,0.0,100.0,-7.0,7,8,25.0,2.0,16.0,5.0,2.0,2.0,10.0,78.0,5.0,2.0,0.0,50.0,Good
3925,72.0,290.0,12.0,119.0,45.0,0.0,0.0,100.0,-7.0,7,8,22.0,0.0,28.0,11.0,0.0,0.0,37.0,44.0,12.0,5.0,1.0,78.0,Good
1627,79.0,281.0,22.0,150.0,6.0,0.0,0.0,100.0,-7.0,7,8,6.0,0.0,33.0,0.0,0.0,0.0,81.0,-8.0,1.0,1.0,1.0,50.0,Bad
5299,75.0,140.0,7.0,56.0,21.0,0.0,0.0,100.0,-7.0,7,8,22.0,1.0,27.0,0.0,1.0,1.0,20.0,63.0,3.0,2.0,1.0,56.0,Good
9092,61.0,-8.0,20.0,120.0,27.0,0.0,0.0,87.0,3.0,4,6,30.0,0.0,57.0,-7.0,2.0,2.0,41.0,-8.0,4.0,1.0,0.0,71.0,Bad
32,68.0,133.0,7.0,44.0,39.0,2.0,2.0,100.0,-7.0,6,8,39.0,4.0,67.0,0.0,2.0,2.0,15.0,73.0,5.0,2.0,0.0,50.0,Bad
9164,71.0,183.0,2.0,116.0,29.0,0.0,0.0,100.0,-7.0,7,8,31.0,1.0,39.0,-7.0,2.0,2.0,42.0,97.0,3.0,2.0,0.0,75.0,Bad
2729,59.0,224.0,17.0,122.0,13.0,3.0,2.0,58.0,8.0,2,2,33.0,0.0,32.0,-7.0,0.0,0.0,55.0,47.0,4.0,4.0,0.0,62.0,Bad
9520,61.0,150.0,5.0,54.0,12.0,0.0,0.0,77.0,0.0,4,6,13.0,3.0,62.0,0.0,3.0,3.0,81.0,69.0,4.0,4.0,1.0,100.0,Bad
952,79.0,197.0,26.0,108.0,43.0,0.0,0.0,100.0,-7.0,7,8,45.0,0.0,72.0,0.0,7.0,7.0,10.0,15.0,4.0,3.0,1.0,80.0,Good
4023,90.0,191.0,19.0,103.0,16.0,0.0,0.0,100.0,-7.0,7,8,6.0,0.0,56.0,18.0,0.0,0.0,3.0,-8.0,3.0,1.0,0.0,100.0,Good
6663,75.0,133.0,10.0,59.0,12.0,1.0,0.0,77.0,46.0,6,5,14.0,2.0,54.0,-7.0,0.0,0.0,60.0,15.0,3.0,3.0,0.0,86.0,Bad
797,72.0,255.0,13.0,60.0,31.0,0.0,0.0,100.0,-7.0,7,8,32.0,0.0,22.0,13.0,0.0,0.0,85.0,14.0,9.0,2.0,9.0,79.0,Bad
2402,68.0,-8.0,24.0,124.0,23.0,0.0,0.0,100.0,-7.0,7,8,0.0,0.0,17.0,-7.0,0.0,0.0,67.0,-8.0,3.0,2.0,3.0,56.0,Good
8929,61.0,204.0,13.0,70.0,34.0,0.0,0.0,94.0,4.0,4,6,34.0,0.0,26.0,0.0,0.0,0.0,75.0,81.0,7.0,5.0,2.0,86.0,Good
10015,76.0,230.0,15.0,77.0,25.0,0.0,0.0,92.0,1.0,4,6,25.0,0.0,20.0,-7.0,0.0,0.0,6.0,83.0,2.0,2.0,0.0,57.0,Good
4356,60.0,314.0,12.0,90.0,27.0,3.0,1.0,76.0,2.0,2,4,34.0,0.0,44.0,0.0,0.0,0.0,2.0,87.0,3.0,2.0,0.0,50.0,Good
415,69.0,80.0,7.0,46.0,6.0,3.0,2.0,75.0,50.0,6,4,9.0,2.0,50.0,0.0,1.0,0.0,30.0,93.0,1.0,2.0,0.0,75.0,Bad
4812,84.0,52.0,3.0,25.0,7.0,0.0,0.0,100.0,-7.0,7,8,7.0,2.0,43.0,0.0,0.0,0.0,5.0,98.0,1.0,2.0,0.0,50.0,Good
4937,85.0,263.0,2.0,96.0,29.0,0.0,0.0,100.0,-7.0,7,8,30.0,1.0,33.0,1.0,3.0,3.0,6.0,60.0,2.0,5.0,0.0,54.0,Good
8006,73.0,161.0,17.0,85.0,33.0,0.0,0.0,100.0,-7.0,7,8,36.0,0.0,22.0,0.0,3.0,2.0,60.0,-8.0,4.0,2.0,1.0,67.0,Good
5744,74.0,352.0,23.0,129.0,15.0,0.0,0.0,100.0,-7.0,7,8,15.0,0.0,33.0,0.0,0.0,0.0,71.0,74.0,6.0,2.0,4.0,73.0,Bad
9447,57.0,240.0,7.0,78.0,17.0,1.0,0.0,67.0,2.0,4,5,18.0,1.0,67.0,0.0,0.0,0.0,93.0,62.0,3.0,3.0,2.0,86.0,Good
7533,68.0,63.0,1.0,28.0,14.0,0.0,0.0,93.0,37.0,6,6,15.0,2.0,53.0,-7.0,1.0,0.0,31.0,-8.0,1.0,1.0,0.0,50.0,Bad
3703,69.0,-8.0,5.0,138.0,30.0,0.0,0.0,97.0,23.0,6,6,0.0,1.0,20.0,0.0,4.0,3.0,40.0,38.0,12.0,2.0,3.0,74.0,Good
1101,-9.0,-9.0,-9.0,-9.0,-9.0,-9.0,-9.0,-9.0,-9.0,-9,-9,-9.0,-9.0,-9.0,-9.0,-9.0,-9.0,-9.0,-9.0,-9.0,-9.0,-9.0,-9.0,Bad
9658,81.0,270.0,10.0,109.0,6.0,0.0,0.0,100.0,-7.0,7,8,6.0,2.0,0.0,1.0,1.0,1.0,76.0,-8.0,1.0,-8.0,1.0,33.0,Bad
3215,59.0,-8.0,4.0,78.0,17.0,0.0,0.0,76.0,1.0,4,6,0.0,2.0,29.0,0.0,2.0,2.0,53.0,80.0,4.0,3.0,1.0,70.0,Bad
9393,92.0,343.0,14.0,154.0,18.0,0.0,0.0,100.0,-7.0,7,8,18.0,0.0,28.0,-8.0,0.0,0.0,3.0,-8.0,3.0,-8.0,0.0,38.0,Good
1433,-9.0,-9.0,-9.0,-9.0,-9.0,-9.0,-9.0,-9.0,-9.0,-9,-9,-9.0,-9.0,-9.0,-9.0,-9.0,-9.0,-9.0,-9.0,-9.0,-9.0,-9.0,-9.0,Good
7527,83.0,166.0,2.0,65.0,18.0,0.0,0.0,95.0,57.0,6,6,19.0,3.0,32.0,-7.0,1.0,1.0,12.0,64.0,2.0,3.0,0.0,63.0,Good
1320,-9.0,-9.0,-9.0,-9.0,-9.0,-9.0,-9.0,-9.0,-9.0,-9,-9,-9.0,-9.0,-9.0,-9.0,-9.0,-9.0,-9.0,-9.0,-9.0,-9.0,-9.0,-9.0,Bad
9556,68.0,7.0,7.0,7.0,1.0,0.0,0.0,100.0,-7.0,7,8,1.0,1.0,100.0,-7.0,17.0,17.0,-8.0,-8.0,-8.0,1.0,-8.0,100.0,Bad
1712,55.0,208.0,6.0,75.0,49.0,1.0,1.0,94.0,1.0,4,6,50.0,1.0,20.0,0.0,0.0,0.0,5.0,-8.0,4.0,3.0,1.0,41.0,Bad
523,67.0,74.0,2.0,35.0,12.0,0.0,0.0,92.0,10.0,4,6,13.0,3.0,31.0,-7.0,7.0,7.0,23.0,-8.0,5.0,1.0,0.0,75.0,Good
8502,67.0,-8.0,30.0,78.0,10.0,0.0,0.0,92.0,1.0,4,6,13.0,0.0,62.0,-7.0,1.0,1.0,73.0,42.0,2.0,2.0,-8.0,100.0,Bad
5090,78.0,75.0,4.0,35.0,13.0,0.0,0.0,100.0,-7.0,7,8,14.0,2.0,50.0,4.0,1.0,1.0,37.0,73.0,4.0,3.0,0.0,78.0,Bad
7817,84.0,210.0,3.0,68.0,16.0,0.0,0.0,100.0,-7.0,7,8,16.0,3.0,56.0,6.0,0.0,0.0,2.0,-8.0,2.0,5.0,0.0,73.0,Bad
4319,82.0,395.0,21.0,153.0,35.0,0.0,0.0,100.0,-7.0,7,8,36.0,0.0,25.0,0.0,0.0,0.0,18.0,-8.0,4.0,1.0,0.0,60.0,Good
2546,63.0,163.0,3.0,25.0,24.0,0.0,0.0,100.0,-7.0,7,8,31.0,5.0,59.0,-7.0,1.0,1.0,101.0,90.0,6.0,6.0,4.0,100.0,Bad
3515,85.0,-8.0,14.0,164.0,25.0,1.0,0.0,96.0,67.0,6,5,0.0,0.0,7.0,11.0,0.0,0.0,1.0,-8.0,3.0,-8.0,0.0,30.0,Good
2998,70.0,59.0,15.0,46.0,23.0,0.0,0.0,96.0,25.0,6,6,19.0,0.0,48.0,-8.0,0.0,0.0,63.0,51.0,5.0,1.0,2.0,100.0,Bad
8110,71.0,236.0,1.0,76.0,18.0,0.0,0.0,100.0,-7.0,7,8,20.0,4.0,60.0,1.0,4.0,4.0,84.0,-8.0,3.0,7.0,3.0,91.0,Good
9594,68.0,226.0,1.0,98.0,24.0,2.0,2.0,80.0,28.0,6,3,30.0,2.0,57.0,8.0,0.0,0.0,28.0,92.0,1.0,2.0,-8.0,75.0,Bad
4372,70.0,21.0,7.0,14.0,4.0,0.0,0.0,100.0,-7.0,7,8,4.0,2.0,75.0,0.0,6.0,6.0,-8.0,89.0,-8.0,2.0,-8.0,100.0,Bad
5493,55.0,154.0,7.0,68.0,19.0,0.0,0.0,84.0,3.0,4,6,22.0,2.0,21.0,3.0,1.0,1.0,62.0,-8.0,4.0,1.0,3.0,56.0,Bad
3292,86.0,202.0,12.0,81.0,25.0,0.0,0.0,100.0,-7.0,7,8,6.0,0.0,28.0,-8.0,0.0,0.0,11.0,19.0,3.0,2.0,0.0,63.0,Good
3567,65.0,202.0,20.0,82.0,29.0,0.0,0.0,97.0,1.0,4,6,30.0,0.0,43.0,9.0,0.0,0.0,33.0,9.0,4.0,4.0,0.0,73.0,Good
7311,55.0,63.0,5.0,39.0,21.0,1.0,1.0,86.0,6.0,4,6,22.0,3.0,38.0,0.0,3.0,3.0,31.0,79.0,6.0,3.0,1.0,92.0,Bad
7617,80.0,226.0,79.0,122.0,10.0,0.0,0.0,70.0,8.0,4,6,11.0,0.0,0.0,-7.0,0.0,0.0,1.0,-8.0,1.0,-8.0,0.0,33.0,Good
6981,92.0,334.0,6.0,109.0,4.0,0.0,0.0,100.0,-7.0,7,8,4.0,2.0,0.0,0.0,1.0,1.0,2.0,-8.0,1.0,-8.0,0.0,25.0,Good
289,66.0,74.0,3.0,21.0,13.0,0.0,0.0,92.0,-8.0,6,6,13.0,6.0,23.0,0.0,4.0,4.0,33.0,61.0,5.0,3.0,0.0,73.0,Good
7094,56.0,311.0,10.0,99.0,31.0,10.0,10.0,86.0,4.0,4,6,36.0,2.0,46.0,0.0,2.0,2.0,44.0,75.0,4.0,2.0,1.0,64.0,Bad
6690,85.0,132.0,3.0,76.0,16.0,0.0,0.0,100.0,-7.0,7,8,18.0,1.0,50.0,-7.0,1.0,1.0,10.0,-8.0,3.0,1.0,0.0,57.0,Bad
8862,74.0,502.0,25.0,191.0,13.0,1.0,0.0,93.0,25.0,6,5,14.0,0.0,0.0,-8.0,0.0,0.0,51.0,-8.0,3.0,-8.0,1.0,33.0,Good
5684,86.0,74.0,46.0,60.0,2.0,0.0,0.0,100.0,-7.0,7,8,2.0,0.0,50.0,0.0,0.0,0.0,-8.0,-8.0,0.0,-8.0,-8.0,0.0,Bad
2611,78.0,272.0,4.0,90.0,14.0,0.0,0.0,100.0,-7.0,7,8,25.0,2.0,29.0,-7.0,0.0,0.0,32.0,-8.0,6.0,1.0,2.0,78.0,Bad
6473,59.0,137.0,8.0,62.0,16.0,1.0,1.0,100.0,-7.0,7,8,18.0,3.0,59.0,0.0,1.0,1.0,58.0,93.0,2.0,1.0,1.0,100.0,Bad
9040,66.0,313.0,10.0,146.0,11.0,16.0,16.0,82.0,62.0,0,6,12.0,1.0,45.0,0.0,3.0,3.0,6.0,95.0,1.0,1.0,0.0,67.0,Bad
6723,66.0,92.0,2.0,59.0,4.0,2.0,2.0,83.0,25.0,6,6,6.0,1.0,83.0,-7.0,1.0,1.0,-8.0,-8.0,1.0,1.0,-8.0,100.0,Bad
9173,73.0,160.0,4.0,66.0,14.0,0.0,0.0,86.0,6.0,4,6,14.0,1.0,14.0,1.0,2.0,2.0,15.0,-8.0,3.0,1.0,1.0,40.0,Good
6683,70.0,23.0,1.0,12.0,2.0,0.0,0.0,100.0,-7.0,7,8,3.0,1.0,67.0,-7.0,1.0,1.0,0.0,97.0,0.0,2.0,-8.0,67.0,Bad
10184,70.0,110.0,3.0,58.0,32.0,2.0,1.0,86.0,27.0,6,3,36.0,3.0,40.0,15.0,0.0,0.0,44.0,80.0,6.0,7.0,2.0,93.0,Good
3165,77.0,189.0,7.0,17.0,11.0,0.0,0.0,100.0,-7.0,7,8,21.0,4.0,36.0,0.0,2.0,2.0,3.0,74.0,2.0,3.0,0.0,86.0,Good
8708,83.0,113.0,25.0,62.0,15.0,0.0,0.0,100.0,-7.0,7,8,15.0,0.0,40.0,0.0,0.0,0.0,35.0,52.0,3.0,3.0,0.0,60.0,Bad
5047,62.0,154.0,6.0,84.0,11.0,1.0,0.0,92.0,1.0,3,5,12.0,1.0,25.0,0.0,2.0,2.0,5.0,93.0,1.0,2.0,0.0,75.0,Bad
3650,78.0,372.0,9.0,110.0,52.0,0.0,0.0,100.0,-7.0,7,8,10.0,3.0,23.0,9.0,0.0,0.0,13.0,89.0,8.0,3.0,1.0,44.0,Good
7323,88.0,423.0,4.0,110.0,16.0,0.0,0.0,100.0,-7.0,7,8,17.0,1.0,35.0,0.0,1.0,1.0,6.0,-8.0,7.0,-8.0,0.0,100.0,Good
2628,66.0,52.0,7.0,7.0,1.0,0.0,0.0,100.0,-7.0,7,8,2.0,1.0,0.0,-7.0,3.0,3.0,48.0,-8.0,1.0,-8.0,-8.0,100.0,Good
4534,78.0,139.0,12.0,62.0,24.0,0.0,0.0,100.0,-7.0,7,8,24.0,0.0,21.0,-7.0,0.0,0.0,18.0,91.0,4.0,3.0,1.0,39.0,Bad
6547,69.0,434.0,5.0,141.0,18.0,1.0,0.0,95.0,4.0,3,5,19.0,2.0,37.0,0.0,1.0,1.0,47.0,99.0,5.0,2.0,-8.0,78.0,Bad
2667,76.0,242.0,5.0,104.0,16.0,1.0,0.0,94.0,55.0,6,5,24.0,1.0,18.0,-7.0,1.0,1.0,54.0,13.0,4.0,3.0,1.0,78.0,Good
10427,78.0,132.0,32.0,72.0,15.0,0.0,0.0,94.0,47.0,6,6,17.0,0.0,59.0,10.0,0.0,0.0,0.0,-8.0,0.0,2.0,0.0,40.0,Bad
7636,90.0,194.0,31.0,86.0,11.0,0.0,0.0,100.0,-7.0,7,8,11.0,0.0,27.0,-7.0,1.0,1.0,5.0,-8.0,3.0,1.0,0.0,57.0,Good
100,66.0,127.0,2.0,69.0,17.0,0.0,0.0,94.0,16.0,6,6,18.0,4.0,33.0,-7.0,3.0,3.0,42.0,81.0,3.0,4.0,3.0,58.0,Bad
850,84.0,374.0,6.0,126.0,30.0,0.0,0.0,100.0,-7.0,7,8,32.0,2.0,31.0,0.0,2.0,2.0,1.0,93.0,1.0,2.0,0.0,36.0,Good
5626,62.0,181.0,6.0,52.0,21.0,0.0,0.0,100.0,-7.0,7,8,21.0,2.0,38.0,0.0,2.0,2.0,81.0,74.0,4.0,4.0,2.0,62.0,Bad
764,72.0,210.0,4.0,83.0,14.0,0.0,0.0,93.0,57.0,6,6,15.0,2.0,43.0,0.0,3.0,3.0,59.0,79.0,4.0,3.0,2.0,88.0,Bad
69,72.0,169.0,5.0,60.0,21.0,1.0,1.0,96.0,30.0,6,3,23.0,1.0,52.0,0.0,4.0,4.0,66.0,82.0,4.0,3.0,1.0,78.0,Bad
7910,87.0,301.0,7.0,92.0,19.0,0.0,0.0,100.0,-7.0,7,8,19.0,1.0,21.0,3.0,1.0,1.0,8.0,-8.0,2.0,1.0,0.0,33.0,Bad
1401,-9.0,-9.0,-9.0,-9.0,-9.0,-9.0,-9.0,-9.0,-9.0,-9,-9,-9.0,-9.0,-9.0,-9.0,-9.0,-9.0,-9.0,-9.0,-9.0,-9.0,-9.0,-9.0,Bad
5956,65.0,84.0,17.0,46.0,26.0,0.0,0.0,85.0,11.0,4,6,27.0,0.0,37.0,-7.0,0.0,0.0,63.0,77.0,4.0,5.0,0.0,75.0,Bad
5508,68.0,42.0,1.0,20.0,13.0,0.0,0.0,100.0,-7.0,7,8,16.0,6.0,31.0,0.0,8.0,8.0,39.0,89.0,2.0,4.0,0.0,54.0,Bad
686,64.0,199.0,4.0,70.0,32.0,2.0,1.0,91.0,7.0,4,2,34.0,3.0,53.0,11.0,0.0,0.0,54.0,100.0,1.0,3.0,1.0,57.0,Bad
8060,-9.0,-9.0,-9.0,-9.0,-9.0,-9.0,-9.0,-9.0,-9.0,-9,-9,-9.0,-9.0,-9.0,-9.0,-9.0,-9.0,-9.0,-9.0,-9.0,-9.0,-9.0,-9.0,Good
4004,85.0,123.0,10.0,74.0,6.0,0.0,0.0,100.0,-7.0,7,8,5.0,1.0,43.0,0.0,1.0,1.0,13.0,-8.0,1.0,-8.0,0.0,100.0,Bad
9613,66.0,199.0,4.0,119.0,33.0,4.0,1.0,90.0,2.0,3,5,41.0,2.0,39.0,0.0,1.0,1.0,54.0,98.0,10.0,2.0,4.0,86.0,Good
2273,75.0,61.0,16.0,63.0,5.0,0.0,0.0,67.0,16.0,6,6,13.0,0.0,50.0,-7.0,1.0,1.0,43.0,-8.0,2.0,1.0,0.0,75.0,Bad
4537,79.0,86.0,9.0,36.0,13.0,0.0,0.0,100.0,-7.0,7,8,13.0,1.0,8.0,-7.0,0.0,0.0,19.0,-8.0,6.0,1.0,0.0,70.0,Bad
397,67.0,92.0,4.0,30.0,14.0,0.0,0.0,100.0,-7.0,7,8,14.0,3.0,29.0,0.0,1.0,1.0,44.0,95.0,6.0,2.0,1.0,82.0,Bad
5914,54.0,107.0,2.0,23.0,18.0,0.0,0.0,100.0,-7.0,7,8,20.0,12.0,30.0,-7.0,11.0,11.0,71.0,92.0,10.0,3.0,1.0,87.0,Bad
883,64.0,110.0,2.0,58.0,42.0,1.0,0.0,89.0,15.0,6,5,46.0,4.0,4.0,2.0,6.0,6.0,30.0,-8.0,12.0,1.0,1.0,74.0,Bad
851,77.0,265.0,4.0,105.0,50.0,1.0,1.0,98.0,61.0,6,3,58.0,1.0,38.0,12.0,0.0,0.0,15.0,64.0,8.0,4.0,2.0,59.0,Good
2501,64.0,-8.0,2.0,56.0,12.0,0.0,0.0,71.0,5.0,4,6,0.0,2.0,50.0,-7.0,1.0,1.0,19.0,42.0,1.0,2.0,1.0,60.0,Bad
1552,65.0,377.0,3.0,113.0,34.0,0.0,0.0,97.0,18.0,6,6,34.0,2.0,44.0,0.0,1.0,1.0,45.0,68.0,8.0,4.0,2.0,71.0,Bad
4603,88.0,215.0,12.0,102.0,11.0,0.0,0.0,100.0,-7.0,7,8,11.0,0.0,36.0,-7.0,1.0,1.0,4.0,-8.0,3.0,1.0,0.0,80.0,Good
8224,72.0,178.0,8.0,79.0,56.0,0.0,0.0,100.0,-7.0,5,8,59.0,2.0,17.0,0.0,1.0,1.0,48.0,33.0,12.0,4.0,3.0,70.0,Bad
8357,55.0,113.0,12.0,71.0,4.0,6.0,6.0,56.0,4.0,0,2,9.0,0.0,56.0,0.0,0.0,0.0,39.0,-8.0,1.0,-8.0,1.0,67.0,Bad
3660,70.0,340.0,3.0,60.0,28.0,0.0,0.0,96.0,81.0,6,6,34.0,4.0,25.0,1.0,1.0,1.0,39.0,61.0,6.0,3.0,2.0,50.0,Good
6356,61.0,274.0,7.0,103.0,27.0,0.0,0.0,79.0,2.0,4,6,29.0,1.0,17.0,0.0,0.0,0.0,33.0,47.0,11.0,2.0,3.0,76.0,Good
10090,77.0,242.0,2.0,86.0,14.0,0.0,0.0,93.0,17.0,6,6,15.0,1.0,33.0,-7.0,1.0,1.0,26.0,-8.0,3.0,2.0,0.0,83.0,Good
7404,64.0,212.0,14.0,105.0,17.0,4.0,3.0,73.0,32.0,0,5,25.0,0.0,5.0,0.0,1.0,1.0,0.0,-8.0,0.0,1.0,0.0,33.0,Bad
7991,65.0,155.0,3.0,62.0,39.0,0.0,0.0,80.0,26.0,6,6,40.0,7.0,48.0,4.0,1.0,1.0,45.0,66.0,4.0,5.0,1.0,71.0,Bad
5359,-9.0,-9.0,-9.0,-9.0,-9.0,-9.0,-9.0,-9.0,-9.0,-9,-9,-9.0,-9.0,-9.0,-9.0,-9.0,-9.0,-9.0,-9.0,-9.0,-9.0,-9.0,-9.0,Good
5560,74.0,139.0,2.0,52.0,11.0,0.0,0.0,92.0,64.0,6,6,12.0,3.0,42.0,0.0,3.0,3.0,34.0,85.0,1.0,3.0,1.0,44.0,Good
5211,63.0,137.0,4.0,56.0,36.0,1.0,1.0,100.0,-7.0,6,8,40.0,9.0,55.0,0.0,3.0,3.0,32.0,92.0,7.0,5.0,2.0,75.0,Bad
10321,69.0,192.0,1.0,67.0,34.0,0.0,0.0,100.0,-7.0,7,8,36.0,5.0,42.0,0.0,3.0,3.0,42.0,76.0,4.0,5.0,1.0,79.0,Good
964,83.0,174.0,6.0,78.0,17.0,0.0,0.0,100.0,-7.0,7,8,17.0,1.0,29.0,4.0,1.0,1.0,26.0,-8.0,5.0,1.0,0.0,75.0,Good
1073,85.0,182.0,17.0,96.0,19.0,0.0,0.0,96.0,48.0,6,6,24.0,0.0,42.0,9.0,0.0,0.0,5.0,-8.0,2.0,1.0,0.0,75.0,Good
9119,56.0,56.0,1.0,27.0,16.0,0.0,0.0,100.0,-7.0,7,8,17.0,4.0,12.0,-7.0,0.0,0.0,74.0,36.0,9.0,2.0,5.0,80.0,Bad
6781,78.0,208.0,5.0,98.0,35.0,0.0,0.0,97.0,-8.0,6,6,38.0,4.0,34.0,5.0,3.0,2.0,16.0,89.0,11.0,6.0,0.0,77.0,Good
3357,68.0,194.0,3.0,60.0,29.0,0.0,0.0,97.0,57.0,6,6,73.0,2.0,47.0,0.0,7.0,7.0,52.0,84.0,5.0,6.0,2.0,79.0,Good
6613,85.0,253.0,11.0,106.0,17.0,0.0,0.0,100.0,-7.0,5,7,19.0,1.0,32.0,-7.0,3.0,3.0,34.0,-8.0,3.0,1.0,0.0,80.0,Good
9507,60.0,43.0,7.0,23.0,9.0,0.0,0.0,78.0,6.0,4,6,9.0,1.0,67.0,0.0,0.0,0.0,0.0,19.0,0.0,3.0,-8.0,60.0,Bad
4845,66.0,196.0,4.0,76.0,41.0,0.0,0.0,100.0,-7.0,7,8,43.0,3.0,17.0,3.0,1.0,1.0,37.0,98.0,9.0,3.0,4.0,55.0,Good
2373,71.0,22.0,20.0,156.0,10.0,1.0,1.0,91.0,12.0,6,2,7.0,0.0,36.0,-7.0,0.0,0.0,0.0,-8.0,2.0,1.0,-8.0,75.0,Good
1043,71.0,235.0,9.0,142.0,19.0,0.0,0.0,100.0,-7.0,7,8,19.0,1.0,0.0,8.0,0.0,0.0,77.0,-8.0,7.0,-8.0,6.0,64.0,Bad
1878,68.0,179.0,11.0,101.0,24.0,0.0,0.0,92.0,47.0,6,6,24.0,1.0,29.0,0.0,2.0,2.0,62.0,82.0,8.0,2.0,2.0,73.0,Good
5888,78.0,169.0,2.0,53.0,21.0,0.0,0.0,95.0,24.0,6,6,22.0,1.0,45.0,-7.0,0.0,0.0,0.0,78.0,2.0,1.0,0.0,43.0,Bad
5818,68.0,141.0,7.0,51.0,15.0,0.0,0.0,100.0,-7.0,7,8,15.0,4.0,33.0,0.0,0.0,0.0,47.0,92.0,5.0,2.0,1.0,78.0,Bad
373,52.0,195.0,4.0,86.0,12.0,5.0,3.0,61.0,2.0,4,4,19.0,1.0,67.0,0.0,2.0,2.0,25.0,82.0,1.0,4.0,0.0,71.0,Good
8297,66.0,161.0,3.0,84.0,7.0,0.0,0.0,89.0,51.0,6,6,9.0,1.0,78.0,3.0,1.0,1.0,65.0,-8.0,2.0,2.0,-8.0,100.0,Good
4561,73.0,173.0,4.0,45.0,10.0,0.0,0.0,100.0,-7.0,7,8,10.0,2.0,40.0,-7.0,1.0,1.0,64.0,75.0,3.0,2.0,2.0,100.0,Bad
8743,64.0,74.0,2.0,35.0,25.0,0.0,0.0,100.0,-7.0,7,8,26.0,5.0,62.0,0.0,1.0,1.0,78.0,75.0,5.0,7.0,2.0,100.0,Bad
5153,82.0,279.0,3.0,91.0,26.0,0.0,0.0,100.0,-7.0,7,8,27.0,2.0,50.0,-7.0,0.0,0.0,23.0,63.0,5.0,4.0,0.0,75.0,Good
3078,64.0,367.0,7.0,49.0,24.0,1.0,0.0,92.0,15.0,6,5,11.0,1.0,44.0,0.0,3.0,2.0,53.0,-8.0,8.0,1.0,4.0,75.0,Bad
3403,-9.0,-9.0,-9.0,-9.0,-9.0,-9.0,-9.0,-9.0,-9.0,-9,-9,-9.0,-9.0,-9.0,-9.0,-9.0,-9.0,-9.0,-9.0,-9.0,-9.0,-9.0,-9.0,Good
8233,73.0,293.0,12.0,101.0,24.0,0.0,0.0,92.0,12.0,6,6,25.0,0.0,36.0,0.0,2.0,2.0,58.0,60.0,6.0,3.0,1.0,75.0,Bad
4132,67.0,374.0,2.0,77.0,49.0,1.0,0.0,89.0,32.0,6,5,56.0,13.0,48.0,0.0,0.0,0.0,53.0,96.0,9.0,6.0,0.0,83.0,Bad
30,71.0,179.0,3.0,62.0,15.0,3.0,2.0,83.0,37.0,6,2,18.0,4.0,33.0,0.0,5.0,5.0,5.0,9.0,1.0,1.0,0.0,22.0,Good
9636,76.0,121.0,8.0,53.0,25.0,0.0,0.0,100.0,-7.0,7,8,25.0,3.0,48.0,8.0,0.0,0.0,22.0,75.0,3.0,3.0,0.0,67.0,Good
3369,82.0,266.0,10.0,81.0,28.0,0.0,0.0,100.0,-7.0,7,8,28.0,1.0,29.0,0.0,1.0,1.0,12.0,-8.0,3.0,2.0,1.0,46.0,Bad
5314,87.0,196.0,30.0,117.0,19.0,0.0,0.0,100.0,-7.0,7,8,20.0,0.0,30.0,0.0,0.0,0.0,7.0,-8.0,5.0,-8.0,-8.0,71.0,Good
5052,81.0,261.0,4.0,67.0,22.0,0.0,0.0,100.0,-7.0,7,8,24.0,2.0,33.0,0.0,1.0,1.0,29.0,68.0,3.0,3.0,1.0,50.0,Bad
9236,68.0,353.0,1.0,84.0,59.0,0.0,0.0,97.0,13.0,6,6,60.0,6.0,17.0,1.0,5.0,4.0,42.0,82.0,6.0,3.0,2.0,39.0,Bad
6141,81.0,442.0,152.0,245.0,10.0,0.0,0.0,100.0,-7.0,7,8,10.0,0.0,0.0,-8.0,0.0,0.0,41.0,-8.0,7.0,-8.0,1.0,88.0,Good
8933,65.0,243.0,2.0,77.0,26.0,1.0,0.0,90.0,7.0,4,5,30.0,3.0,57.0,0.0,6.0,6.0,72.0,100.0,2.0,4.0,-8.0,86.0,Bad
6211,70.0,434.0,79.0,207.0,5.0,1.0,1.0,100.0,-7.0,6,8,5.0,0.0,40.0,7.0,0.0,0.0,60.0,-8.0,2.0,-8.0,0.0,100.0,Good
6091,86.0,197.0,1.0,85.0,14.0,1.0,0.0,94.0,25.0,6,5,16.0,1.0,25.0,0.0,1.0,1.0,1.0,-8.0,1.0,1.0,0.0,38.0,Good
1505,72.0,177.0,0.0,48.0,31.0,0.0,0.0,100.0,-7.0,7,8,34.0,7.0,47.0,0.0,12.0,12.0,45.0,93.0,6.0,6.0,2.0,60.0,Bad
7139,77.0,31.0,31.0,31.0,1.0,0.0,0.0,100.0,-7.0,7,8,1.0,0.0,0.0,0.0,6.0,6.0,-8.0,-8.0,-8.0,-8.0,-8.0,-8.0,Bad
8584,77.0,92.0,5.0,44.0,15.0,0.0,0.0,100.0,-7.0,7,8,15.0,3.0,40.0,2.0,3.0,3.0,40.0,53.0,2.0,4.0,0.0,67.0,Good
10003,76.0,10.0,2.0,7.0,2.0,0.0,0.0,100.0,-7.0,7,8,3.0,3.0,67.0,0.0,1.0,1.0,0.0,-8.0,0.0,1.0,-8.0,50.0,Bad
7059,57.0,255.0,7.0,91.0,34.0,0.0,0.0,94.0,1.0,4,6,35.0,4.0,31.0,5.0,0.0,0.0,65.0,82.0,16.0,2.0,2.0,90.0,Bad
4120,75.0,173.0,15.0,86.0,25.0,0.0,0.0,100.0,-7.0,7,8,25.0,0.0,16.0,0.0,0.0,0.0,46.0,-8.0,6.0,1.0,2.0,57.0,Good
1587,79.0,350.0,4.0,97.0,28.0,0.0,0.0,100.0,-7.0,7,8,28.0,1.0,39.0,0.0,0.0,0.0,29.0,90.0,1.0,3.0,1.0,27.0,Bad
1842,56.0,36.0,5.0,17.0,18.0,0.0,0.0,100.0,-7.0,7,8,18.0,10.0,22.0,0.0,3.0,3.0,51.0,93.0,9.0,4.0,3.0,82.0,Bad
9293,88.0,272.0,13.0,117.0,21.0,0.0,0.0,100.0,-7.0,7,8,21.0,0.0,24.0,20.0,0.0,0.0,0.0,-8.0,0.0,1.0,0.0,14.0,Good
1010,57.0,134.0,3.0,66.0,36.0,0.0,0.0,97.0,22.0,6,6,36.0,3.0,25.0,0.0,2.0,2.0,64.0,29.0,11.0,5.0,9.0,71.0,Bad
9999,74.0,215.0,6.0,85.0,29.0,0.0,0.0,100.0,-7.0,7,8,30.0,2.0,30.0,0.0,0.0,0.0,37.0,-8.0,6.0,2.0,1.0,89.0,Good
1409,-9.0,-9.0,-9.0,-9.0,-9.0,-9.0,-9.0,-9.0,-9.0,-9,-9,-9.0,-9.0,-9.0,-9.0,-9.0,-9.0,-9.0,-9.0,-9.0,-9.0,-9.0,-9.0,Good
4942,83.0,287.0,4.0,91.0,26.0,0.0,0.0,100.0,-7.0,7,8,27.0,3.0,42.0,1.0,1.0,1.0,11.0,71.0,3.0,2.0,0.0,58.0,Good
3141,74.0,-8.0,2.0,65.0,35.0,0.0,0.0,100.0,-7.0,7,8,0.0,2.0,28.0,0.0,1.0,1.0,19.0,-8.0,4.0,3.0,1.0,70.0,Good
4686,80.0,207.0,8.0,92.0,18.0,0.0,0.0,100.0,-7.0,7,8,18.0,1.0,50.0,9.0,0.0,0.0,28.0,75.0,3.0,3.0,1.0,60.0,Bad
3412,82.0,258.0,22.0,104.0,7.0,0.0,0.0,100.0,-7.0,7,8,7.0,0.0,43.0,0.0,0.0,0.0,60.0,63.0,2.0,1.0,0.0,100.0,Good
1764,81.0,279.0,15.0,94.0,44.0,0.0,0.0,98.0,-8.0,6,6,47.0,0.0,36.0,0.0,0.0,0.0,19.0,56.0,7.0,2.0,0.0,64.0,Good
5281,63.0,112.0,5.0,42.0,3.0,1.0,1.0,100.0,-7.0,6,8,3.0,2.0,100.0,0.0,2.0,2.0,-8.0,81.0,-8.0,2.0,-8.0,100.0,Bad
9849,56.0,212.0,7.0,90.0,1.0,1.0,1.0,25.0,2.0,1,3,4.0,1.0,0.0,0.0,1.0,1.0,1.0,-8.0,2.0,-8.0,0.0,50.0,Bad
862,81.0,419.0,11.0,240.0,13.0,0.0,0.0,100.0,-7.0,7,8,13.0,1.0,8.0,11.0,0.0,0.0,55.0,-8.0,3.0,-8.0,1.0,50.0,Good
1356,-9.0,-9.0,-9.0,-9.0,-9.0,-9.0,-9.0,-9.0,-9.0,-9,-9,-9.0,-9.0,-9.0,-9.0,-9.0,-9.0,-9.0,-9.0,-9.0,-9.0,-9.0,-9.0,Bad
2937,79.0,-8.0,1.0,100.0,15.0,0.0,0.0,100.0,-7.0,7,8,0.0,1.0,13.0,0.0,3.0,3.0,43.0,28.0,7.0,1.0,2.0,80.0,Good
9162,69.0,234.0,7.0,104.0,13.0,1.0,1.0,100.0,-7.0,7,8,13.0,1.0,38.0,-7.0,0.0,0.0,44.0,-8.0,3.0,1.0,1.0,80.0,Good
5110,66.0,377.0,7.0,114.0,26.0,0.0,0.0,96.0,5.0,4,6,26.0,1.0,23.0,8.0,0.0,0.0,48.0,3.0,2.0,2.0,1.0,50.0,Good
9494,57.0,142.0,8.0,61.0,44.0,0.0,0.0,84.0,6.0,4,6,44.0,1.0,16.0,0.0,8.0,8.0,45.0,-8.0,11.0,2.0,2.0,52.0,Bad
8385,82.0,254.0,12.0,84.0,29.0,0.0,0.0,97.0,32.0,6,6,29.0,0.0,34.0,0.0,0.0,0.0,7.0,55.0,3.0,3.0,0.0,58.0,Good
778,87.0,348.0,11.0,127.0,26.0,0.0,0.0,100.0,-7.0,7,8,26.0,1.0,27.0,0.0,3.0,3.0,14.0,48.0,2.0,3.0,1.0,50.0,Good
6716,79.0,98.0,10.0,57.0,20.0,0.0,0.0,95.0,13.0,6,6,20.0,1.0,55.0,-7.0,1.0,1.0,4.0,63.0,2.0,10.0,0.0,80.0,Bad
7708,68.0,21.0,7.0,13.0,7.0,0.0,0.0,100.0,-7.0,7,8,7.0,2.0,86.0,2.0,2.0,2.0,19.0,90.0,1.0,5.0,-8.0,100.0,Bad
5195,86.0,464.0,3.0,153.0,33.0,0.0,0.0,100.0,-7.0,6,7,34.0,2.0,35.0,5.0,1.0,1.0,4.0,-8.0,8.0,1.0,0.0,80.0,Good
10200,65.0,102.0,69.0,86.0,6.0,3.0,3.0,33.0,3.0,0,2,9.0,0.0,0.0,13.0,0.0,0.0,8.0,-8.0,1.0,-8.0,0.0,33.0,Good
5459,63.0,99.0,4.0,41.0,20.0,0.0,0.0,100.0,-7.0,7,8,20.0,2.0,50.0,2.0,2.0,2.0,70.0,88.0,7.0,2.0,4.0,82.0,Bad
7050,75.0,128.0,2.0,82.0,26.0,0.0,0.0,96.0,18.0,6,6,30.0,2.0,57.0,1.0,2.0,2.0,16.0,41.0,1.0,8.0,1.0,69.0,Good
2363,75.0,112.0,2.0,48.0,18.0,1.0,1.0,100.0,-7.0,7,8,31.0,2.0,21.0,-7.0,0.0,0.0,9.0,-8.0,3.0,1.0,0.0,50.0,Bad
9090,77.0,213.0,7.0,102.0,35.0,0.0,0.0,91.0,18.0,6,6,37.0,1.0,43.0,-7.0,0.0,0.0,4.0,53.0,4.0,4.0,0.0,69.0,Good
3948,73.0,94.0,5.0,37.0,34.0,0.0,0.0,97.0,55.0,6,6,21.0,4.0,29.0,4.0,1.0,1.0,9.0,85.0,6.0,3.0,0.0,47.0,Bad
10185,82.0,-8.0,4.0,55.0,24.0,0.0,0.0,100.0,-7.0,7,8,28.0,2.0,14.0,4.0,1.0,1.0,5.0,58.0,2.0,2.0,1.0,36.0,Good
507,63.0,79.0,10.0,30.0,10.0,0.0,0.0,100.0,-7.0,7,8,10.0,1.0,30.0,-7.0,0.0,0.0,88.0,70.0,4.0,2.0,2.0,100.0,Bad
2812,64.0,136.0,0.0,21.0,13.0,0.0,0.0,100.0,-7.0,7,8,29.0,5.0,43.0,-7.0,0.0,0.0,58.0,73.0,4.0,2.0,3.0,75.0,Good
6970,65.0,371.0,12.0,123.0,19.0,0.0,0.0,95.0,63.0,6,6,20.0,0.0,26.0,1.0,3.0,3.0,91.0,60.0,8.0,3.0,7.0,100.0,Bad
4626,71.0,178.0,12.0,103.0,28.0,1.0,0.0,90.0,18.0,6,5,31.0,0.0,28.0,1.0,1.0,1.0,56.0,-8.0,7.0,1.0,1.0,89.0,Good
9541,56.0,48.0,6.0,25.0,7.0,0.0,0.0,50.0,2.0,4,6,8.0,1.0,25.0,0.0,0.0,0.0,75.0,100.0,3.0,1.0,1.0,71.0,Bad
3891,78.0,341.0,10.0,94.0,34.0,0.0,0.0,100.0,-7.0,7,8,26.0,2.0,44.0,0.0,3.0,3.0,18.0,57.0,2.0,6.0,0.0,64.0,Bad
3853,76.0,154.0,17.0,104.0,26.0,0.0,0.0,100.0,-7.0,7,8,17.0,0.0,31.0,2.0,2.0,2.0,25.0,77.0,2.0,2.0,1.0,83.0,Good
4596,89.0,521.0,8.0,212.0,8.0,0.0,0.0,100.0,-7.0,7,8,8.0,1.0,0.0,-7.0,0.0,0.0,3.0,-8.0,2.0,-8.0,0.0,33.0,Good
7961,62.0,83.0,1.0,38.0,13.0,2.0,1.0,93.0,36.0,0,5,15.0,4.0,60.0,7.0,0.0,0.0,3.0,74.0,1.0,4.0,0.0,63.0,Bad
727,84.0,199.0,5.0,89.0,18.0,0.0,0.0,94.0,48.0,6,6,18.0,1.0,17.0,5.0,1.0,1.0,8.0,-8.0,2.0,1.0,0.0,30.0,Good
8327,75.0,301.0,32.0,166.0,9.0,2.0,1.0,62.0,20.0,6,4,13.0,0.0,46.0,0.0,2.0,2.0,0.0,-8.0,0.0,-8.0,0.0,0.0,Good
5335,67.0,87.0,12.0,44.0,20.0,0.0,0.0,90.0,11.0,4,6,20.0,0.0,35.0,0.0,1.0,1.0,31.0,73.0,3.0,3.0,1.0,60.0,Bad
3310,74.0,193.0,2.0,84.0,14.0,0.0,0.0,100.0,-7.0,7,8,21.0,3.0,27.0,4.0,2.0,2.0,77.0,-8.0,5.0,-8.0,2.0,83.0,Bad
1770,79.0,252.0,12.0,99.0,22.0,0.0,0.0,96.0,59.0,6,6,23.0,0.0,52.0,0.0,0.0,0.0,34.0,70.0,7.0,2.0,1.0,100.0,Good
1994,59.0,181.0,13.0,71.0,15.0,3.0,3.0,93.0,12.0,6,6,18.0,0.0,27.0,0.0,2.0,2.0,41.0,31.0,3.0,2.0,-8.0,71.0,Bad
435,85.0,141.0,6.0,78.0,10.0,0.0,0.0,91.0,77.0,6,6,12.0,1.0,27.0,0.0,3.0,3.0,1.0,-8.0,1.0,1.0,0.0,50.0,Good
321,61.0,115.0,13.0,70.0,16.0,3.0,1.0,74.0,9.0,2,4,19.0,0.0,21.0,0.0,3.0,3.0,10.0,2.0,3.0,2.0,0.0,56.0,Bad
8284,72.0,239.0,7.0,86.0,28.0,0.0,0.0,93.0,19.0,6,6,30.0,3.0,29.0,-7.0,5.0,5.0,11.0,38.0,6.0,3.0,1.0,82.0,Good
5446,-9.0,-9.0,-9.0,-9.0,-9.0,-9.0,-9.0,-9.0,-9.0,-9,-9,-9.0,-9.0,-9.0,-9.0,-9.0,-9.0,-9.0,-9.0,-9.0,-9.0,-9.0,-9.0,Good
5156,71.0,143.0,12.0,65.0,19.0,2.0,2.0,100.0,-7.0,7,8,19.0,0.0,21.0,-7.0,0.0,0.0,22.0,37.0,2.0,2.0,0.0,50.0,Bad
1561,67.0,434.0,7.0,99.0,20.0,0.0,0.0,100.0,-7.0,7,8,20.0,3.0,5.0,0.0,4.0,4.0,83.0,-8.0,8.0,-8.0,6.0,57.0,Bad
706,72.0,172.0,15.0,76.0,5.0,1.0,1.0,100.0,-7.0,6,8,5.0,0.0,20.0,2.0,1.0,1.0,39.0,-8.0,2.0,-8.0,0.0,100.0,Bad
3073,84.0,263.0,8.0,72.0,15.0,0.0,0.0,100.0,-7.0,7,8,16.0,1.0,27.0,4.0,1.0,1.0,8.0,-8.0,2.0,1.0,1.0,60.0,Good
5903,-9.0,-9.0,-9.0,-9.0,-9.0,-9.0,-9.0,-9.0,-9.0,-9,-9,-9.0,-9.0,-9.0,-9.0,-9.0,-9.0,-9.0,-9.0,-9.0,-9.0,-9.0,-9.0,Bad
67,-9.0,-9.0,-9.0,-9.0,-9.0,-9.0,-9.0,-9.0,-9.0,-9,-9,-9.0,-9.0,-9.0,-9.0,-9.0,-9.0,-9.0,-9.0,-9.0,-9.0,-9.0,-9.0,Bad
2762,65.0,63.0,4.0,19.0,8.0,0.0,0.0,88.0,36.0,6,6,13.0,5.0,25.0,-7.0,0.0,0.0,20.0,92.0,3.0,2.0,0.0,83.0,Good
9498,69.0,284.0,3.0,84.0,27.0,1.0,1.0,100.0,-7.0,7,8,31.0,2.0,50.0,0.0,3.0,3.0,51.0,71.0,3.0,3.0,1.0,86.0,Good
2652,70.0,278.0,11.0,87.0,16.0,1.0,0.0,94.0,12.0,6,5,31.0,1.0,18.0,-7.0,1.0,1.0,74.0,66.0,7.0,3.0,3.0,100.0,Bad
1542,84.0,247.0,3.0,91.0,26.0,0.0,0.0,100.0,-7.0,7,8,26.0,2.0,27.0,0.0,2.0,2.0,44.0,-8.0,5.0,1.0,2.0,33.0,Bad
753,78.0,50.0,15.0,32.0,5.0,0.0,0.0,100.0,-7.0,7,8,5.0,0.0,60.0,0.0,4.0,2.0,11.0,51.0,1.0,2.0,0.0,75.0,Bad
2165,70.0,70.0,7.0,39.0,6.0,0.0,0.0,100.0,-7.0,7,8,6.0,2.0,17.0,0.0,0.0,0.0,96.0,-8.0,3.0,-8.0,3.0,75.0,Bad
1162,-9.0,-9.0,-9.0,-9.0,-9.0,-9.0,-9.0,-9.0,-9.0,-9,-9,-9.0,-9.0,-9.0,-9.0,-9.0,-9.0,-9.0,-9.0,-9.0,-9.0,-9.0,-9.0,Good
4674,75.0,106.0,2.0,41.0,8.0,0.0,0.0,100.0,-7.0,7,8,9.0,2.0,44.0,2.0,5.0,5.0,42.0,79.0,3.0,2.0,1.0,83.0,Bad
2430,78.0,202.0,1.0,102.0,12.0,0.0,0.0,86.0,17.0,6,6,39.0,2.0,57.0,-7.0,0.0,0.0,16.0,101.0,3.0,4.0,0.0,89.0,Bad
10110,54.0,157.0,7.0,68.0,26.0,0.0,0.0,90.0,20.0,6,6,30.0,2.0,52.0,-7.0,0.0,0.0,94.0,87.0,10.0,4.0,6.0,93.0,Bad
9252,91.0,140.0,24.0,81.0,5.0,0.0,0.0,100.0,-7.0,7,8,5.0,0.0,40.0,-8.0,0.0,0.0,2.0,-8.0,1.0,1.0,0.0,50.0,Good
10294,60.0,99.0,3.0,48.0,33.0,0.0,0.0,97.0,7.0,4,6,34.0,6.0,94.0,0.0,1.0,0.0,100.0,95.0,1.0,5.0,-8.0,100.0,Bad
4471,76.0,132.0,6.0,49.0,15.0,0.0,0.0,100.0,-7.0,7,8,15.0,2.0,40.0,-7.0,1.0,1.0,13.0,-8.0,2.0,1.0,0.0,50.0,Good
8466,69.0,-8.0,8.0,31.0,7.0,2.0,1.0,78.0,28.0,6,2,9.0,2.0,78.0,-7.0,1.0,1.0,8.0,33.0,1.0,3.0,0.0,80.0,Good
1261,-9.0,-9.0,-9.0,-9.0,-9.0,-9.0,-9.0,-9.0,-9.0,-9,-9,-9.0,-9.0,-9.0,-9.0,-9.0,-9.0,-9.0,-9.0,-9.0,-9.0,-9.0,-9.0,Good
280,79.0,81.0,8.0,38.0,10.0,0.0,0.0,100.0,-7.0,7,8,10.0,2.0,20.0,0.0,0.0,0.0,10.0,-8.0,2.0,1.0,-8.0,50.0,Good
3272,86.0,423.0,10.0,103.0,29.0,0.0,0.0,100.0,-7.0,7,8,20.0,1.0,16.0,0.0,1.0,1.0,10.0,56.0,7.0,3.0,0.0,50.0,Good
7599,86.0,206.0,18.0,100.0,18.0,0.0,0.0,100.0,-7.0,7,8,24.0,0.0,38.0,-7.0,2.0,2.0,0.0,-8.0,0.0,1.0,0.0,50.0,Good
1848,80.0,250.0,1.0,76.0,10.0,0.0,0.0,92.0,-8.0,6,6,12.0,1.0,33.0,0.0,2.0,2.0,4.0,7.0,3.0,3.0,1.0,75.0,Bad
3908,63.0,298.0,3.0,90.0,30.0,2.0,0.0,67.0,3.0,3,5,25.0,3.0,21.0,2.0,6.0,6.0,15.0,43.0,16.0,4.0,1.0,80.0,Bad
4003,72.0,184.0,26.0,99.0,26.0,1.0,0.0,96.0,11.0,4,5,30.0,0.0,56.0,22.0,0.0,0.0,0.0,85.0,0.0,2.0,0.0,50.0,Good
7450,65.0,235.0,3.0,65.0,28.0,0.0,0.0,90.0,40.0,6,6,29.0,5.0,31.0,0.0,2.0,2.0,31.0,71.0,12.0,4.0,1.0,80.0,Bad
1633,60.0,137.0,4.0,76.0,28.0,2.0,1.0,90.0,1.0,0,2,30.0,1.0,20.0,0.0,4.0,3.0,54.0,100.0,4.0,2.0,1.0,55.0,Good
2858,66.0,200.0,4.0,9.0,2.0,0.0,0.0,100.0,-7.0,7,8,15.0,1.0,50.0,0.0,2.0,2.0,97.0,-8.0,1.0,1.0,1.0,100.0,Bad
105,56.0,224.0,21.0,109.0,27.0,1.0,1.0,79.0,4.0,4,6,28.0,0.0,21.0,-7.0,1.0,1.0,101.0,79.0,15.0,1.0,11.0,94.0,Bad
24,64.0,91.0,4.0,55.0,19.0,1.0,1.0,90.0,0.0,0,2,20.0,2.0,50.0,0.0,2.0,2.0,24.0,81.0,6.0,3.0,1.0,82.0,Bad
6779,70.0,100.0,2.0,50.0,13.0,0.0,0.0,93.0,24.0,6,6,14.0,3.0,50.0,0.0,4.0,3.0,54.0,70.0,2.0,5.0,1.0,88.0,Bad
10456,74.0,129.0,6.0,64.0,18.0,1.0,1.0,100.0,-7.0,6,8,18.0,1.0,33.0,3.0,4.0,4.0,6.0,-8.0,5.0,-8.0,0.0,56.0,Bad
1140,-9.0,-9.0,-9.0,-9.0,-9.0,-9.0,-9.0,-9.0,-9.0,-9,-9,-9.0,-9.0,-9.0,-9.0,-9.0,-9.0,-9.0,-9.0,-9.0,-9.0,-9.0,-9.0,Good
2952,76.0,320.0,5.0,151.0,26.0,0.0,0.0,96.0,12.0,6,6,24.0,3.0,38.0,4.0,1.0,1.0,23.0,16.0,6.0,2.0,0.0,75.0,Good
8963,73.0,206.0,7.0,97.0,28.0,0.0,0.0,97.0,23.0,6,6,31.0,1.0,35.0,0.0,0.0,0.0,34.0,56.0,4.0,3.0,0.0,73.0,Good
613,88.0,242.0,14.0,101.0,64.0,0.0,0.0,100.0,-7.0,7,8,69.0,0.0,23.0,-7.0,0.0,0.0,2.0,15.0,2.0,3.0,0.0,26.0,Good
4248,75.0,97.0,29.0,68.0,17.0,0.0,0.0,100.0,-7.0,7,8,17.0,0.0,47.0,0.0,1.0,1.0,-8.0,59.0,-8.0,3.0,-8.0,100.0,Bad
5192,75.0,203.0,2.0,79.0,41.0,0.0,0.0,98.0,42.0,6,6,43.0,4.0,19.0,1.0,2.0,2.0,16.0,9.0,6.0,2.0,1.0,73.0,Good
1025,68.0,217.0,11.0,109.0,24.0,0.0,0.0,88.0,18.0,6,6,24.0,1.0,17.0,0.0,5.0,4.0,61.0,-8.0,5.0,1.0,3.0,50.0,Good
5542,73.0,277.0,2.0,81.0,32.0,0.0,0.0,92.0,25.0,6,6,36.0,4.0,36.0,2.0,7.0,6.0,14.0,-8.0,4.0,3.0,1.0,64.0,Good
854,70.0,150.0,1.0,57.0,26.0,0.0,0.0,97.0,14.0,6,6,31.0,5.0,16.0,1.0,1.0,1.0,20.0,-8.0,7.0,1.0,2.0,56.0,Bad
3051,78.0,245.0,12.0,17.0,4.0,0.0,0.0,100.0,-7.0,7,8,11.0,0.0,50.0,15.0,0.0,0.0,0.0,72.0,0.0,2.0,0.0,50.0,Bad
0,55.0,144.0,4.0,84.0,20.0,3.0,0.0,83.0,2.0,3,5,23.0,1.0,43.0,0.0,0.0,0.0,33.0,-8.0,8.0,1.0,1.0,69.0,Bad
5238,63.0,148.0,12.0,93.0,14.0,1.0,0.0,67.0,7.0,4,5,15.0,0.0,47.0,0.0,1.0,1.0,73.0,34.0,3.0,2.0,0.0,100.0,Good
5254,76.0,174.0,12.0,77.0,45.0,0.0,0.0,98.0,-7.0,6,7,48.0,0.0,40.0,0.0,6.0,6.0,19.0,83.0,2.0,3.0,1.0,38.0,Good
3018,78.0,167.0,8.0,84.0,29.0,0.0,0.0,100.0,-7.0,7,8,43.0,3.0,30.0,0.0,1.0,1.0,24.0,84.0,6.0,4.0,0.0,71.0,Good
3434,64.0,303.0,15.0,116.0,18.0,6.0,5.0,65.0,31.0,6,2,19.0,0.0,52.0,0.0,2.0,2.0,12.0,13.0,3.0,4.0,0.0,70.0,Good
5644,64.0,107.0,6.0,38.0,10.0,2.0,2.0,83.0,41.0,6,2,12.0,4.0,25.0,0.0,1.0,1.0,42.0,90.0,4.0,2.0,1.0,75.0,Bad
8109,72.0,184.0,2.0,66.0,30.0,0.0,0.0,100.0,-7.0,7,8,32.0,5.0,34.0,1.0,3.0,1.0,48.0,85.0,7.0,4.0,1.0,65.0,Good
8822,74.0,176.0,9.0,64.0,22.0,0.0,0.0,100.0,-7.0,7,8,23.0,1.0,32.0,1.0,1.0,1.0,23.0,91.0,6.0,5.0,1.0,61.0,Bad
4160,62.0,91.0,2.0,41.0,8.0,2.0,2.0,100.0,-7.0,0,8,9.0,3.0,44.0,0.0,0.0,0.0,91.0,73.0,3.0,2.0,2.0,100.0,Bad
7827,80.0,216.0,3.0,56.0,22.0,0.0,0.0,100.0,-7.0,7,8,23.0,2.0,9.0,1.0,4.0,4.0,13.0,-8.0,1.0,1.0,0.0,29.0,Good
3862,76.0,157.0,3.0,83.0,20.0,1.0,1.0,95.0,40.0,6,2,7.0,2.0,38.0,1.0,2.0,2.0,22.0,73.0,6.0,2.0,0.0,100.0,Good
9121,80.0,228.0,3.0,80.0,33.0,0.0,0.0,100.0,-7.0,7,8,33.0,3.0,36.0,-7.0,3.0,3.0,22.0,23.0,5.0,4.0,2.0,82.0,Good
2578,69.0,61.0,8.0,80.0,24.0,0.0,0.0,100.0,-7.0,7,8,8.0,2.0,4.0,-7.0,7.0,7.0,29.0,64.0,8.0,1.0,3.0,56.0,Bad
1386,-9.0,-9.0,-9.0,-9.0,-9.0,-9.0,-9.0,-9.0,-9.0,-9,-9,-9.0,-9.0,-9.0,-9.0,-9.0,-9.0,-9.0,-9.0,-9.0,-9.0,-9.0,-9.0,Bad
10310,71.0,63.0,3.0,18.0,9.0,0.0,0.0,100.0,-7.0,7,8,9.0,3.0,22.0,0.0,3.0,3.0,8.0,98.0,1.0,2.0,0.0,86.0,Bad
9413,72.0,118.0,8.0,48.0,19.0,1.0,0.0,95.0,60.0,6,5,20.0,1.0,45.0,21.0,0.0,0.0,53.0,88.0,5.0,4.0,0.0,100.0,Bad
6291,86.0,431.0,27.0,135.0,21.0,0.0,0.0,100.0,-7.0,7,8,21.0,0.0,38.0,-8.0,0.0,0.0,0.0,58.0,1.0,1.0,0.0,25.0,Good
10243,86.0,176.0,7.0,75.0,19.0,0.0,0.0,100.0,-7.0,7,8,19.0,1.0,26.0,24.0,0.0,0.0,11.0,58.0,2.0,1.0,0.0,60.0,Good
2490,58.0,-8.0,14.0,91.0,6.0,5.0,5.0,56.0,1.0,0,2,0.0,0.0,67.0,-7.0,1.0,1.0,0.0,-8.0,1.0,1.0,-8.0,100.0,Bad
8577,86.0,199.0,3.0,83.0,21.0,0.0,0.0,100.0,-7.0,7,8,21.0,2.0,43.0,7.0,0.0,0.0,2.0,-8.0,5.0,1.0,0.0,75.0,Good
1926,71.0,227.0,7.0,81.0,24.0,1.0,0.0,80.0,3.0,3,5,25.0,3.0,8.0,0.0,1.0,1.0,4.0,89.0,2.0,2.0,0.0,33.0,Bad
5939,76.0,196.0,3.0,69.0,14.0,0.0,0.0,86.0,37.0,6,6,14.0,3.0,36.0,-7.0,2.0,2.0,31.0,67.0,3.0,2.0,0.0,83.0,Good
10276,68.0,460.0,2.0,162.0,28.0,2.0,1.0,90.0,40.0,0,5,31.0,2.0,27.0,2.0,1.0,1.0,25.0,75.0,6.0,4.0,0.0,61.0,Bad
2959,64.0,137.0,2.0,59.0,29.0,0.0,0.0,94.0,-7.0,5,7,33.0,7.0,28.0,1.0,3.0,3.0,36.0,54.0,13.0,3.0,3.0,94.0,Bad
6952,71.0,157.0,4.0,75.0,39.0,2.0,0.0,95.0,9.0,3,5,44.0,2.0,50.0,4.0,3.0,3.0,10.0,65.0,4.0,4.0,0.0,50.0,Good
8451,57.0,280.0,9.0,86.0,24.0,1.0,0.0,81.0,2.0,3,5,27.0,1.0,44.0,0.0,1.0,1.0,75.0,88.0,8.0,3.0,5.0,92.0,Bad
8030,73.0,72.0,4.0,30.0,13.0,0.0,0.0,100.0,-7.0,7,8,13.0,3.0,62.0,0.0,9.0,8.0,41.0,88.0,3.0,5.0,0.0,80.0,Bad
907,80.0,335.0,29.0,187.0,9.0,0.0,0.0,100.0,-7.0,7,8,11.0,0.0,11.0,0.0,4.0,3.0,51.0,-8.0,1.0,-8.0,1.0,20.0,Good
9595,78.0,133.0,4.0,63.0,24.0,0.0,0.0,96.0,50.0,6,6,24.0,1.0,42.0,0.0,2.0,2.0,22.0,46.0,4.0,3.0,0.0,70.0,Good
9642,71.0,91.0,5.0,36.0,12.0,0.0,0.0,92.0,66.0,6,6,12.0,3.0,67.0,11.0,0.0,0.0,18.0,-8.0,2.0,2.0,0.0,80.0,Bad
4883,62.0,168.0,1.0,67.0,16.0,2.0,2.0,89.0,6.0,0,2,20.0,1.0,42.0,20.0,0.0,0.0,89.0,91.0,2.0,2.0,1.0,83.0,Bad
9231,70.0,125.0,6.0,61.0,31.0,0.0,0.0,100.0,-7.0,7,8,38.0,3.0,9.0,0.0,5.0,5.0,32.0,77.0,10.0,2.0,2.0,74.0,Good
3919,88.0,448.0,6.0,156.0,23.0,0.0,0.0,100.0,-7.0,7,8,29.0,1.0,22.0,-8.0,0.0,0.0,6.0,4.0,5.0,2.0,0.0,50.0,Good
10398,81.0,220.0,3.0,86.0,44.0,0.0,0.0,100.0,-7.0,7,8,46.0,3.0,11.0,0.0,2.0,2.0,0.0,-8.0,1.0,1.0,0.0,14.0,Good
9290,81.0,261.0,3.0,94.0,22.0,0.0,0.0,100.0,-7.0,7,8,22.0,2.0,64.0,2.0,1.0,1.0,67.0,100.0,2.0,3.0,0.0,100.0,Good
6934,82.0,431.0,4.0,84.0,33.0,0.0,0.0,100.0,-7.0,7,8,34.0,3.0,12.0,7.0,0.0,0.0,17.0,84.0,4.0,1.0,0.0,71.0,Good
8957,63.0,42.0,2.0,17.0,13.0,2.0,2.0,93.0,-7.0,5,7,16.0,4.0,43.0,0.0,1.0,1.0,52.0,82.0,6.0,4.0,1.0,91.0,Bad
5925,58.0,116.0,15.0,74.0,11.0,2.0,0.0,53.0,6.0,4,5,15.0,0.0,27.0,-7.0,0.0,0.0,85.0,43.0,4.0,3.0,2.0,78.0,Bad
736,82.0,190.0,10.0,80.0,28.0,0.0,0.0,100.0,-7.0,7,8,28.0,1.0,21.0,17.0,0.0,0.0,32.0,50.0,2.0,2.0,0.0,50.0,Good
493,72.0,155.0,7.0,71.0,46.0,1.0,1.0,100.0,-7.0,7,8,48.0,1.0,38.0,-7.0,5.0,5.0,7.0,82.0,5.0,5.0,0.0,53.0,Good
114,64.0,246.0,16.0,106.0,5.0,3.0,3.0,88.0,57.0,6,3,8.0,0.0,88.0,-7.0,1.0,1.0,-8.0,144.0,-8.0,4.0,-8.0,100.0,Bad
4239,75.0,116.0,2.0,61.0,41.0,0.0,0.0,100.0,-7.0,7,8,42.0,1.0,17.0,0.0,2.0,1.0,34.0,-8.0,2.0,-8.0,1.0,22.0,Good
1924,82.0,176.0,18.0,107.0,40.0,0.0,0.0,100.0,-7.0,7,8,40.0,0.0,35.0,0.0,0.0,0.0,0.0,75.0,2.0,2.0,1.0,21.0,Good
6872,92.0,407.0,10.0,124.0,16.0,0.0,0.0,100.0,-7.0,7,8,18.0,1.0,17.0,9.0,0.0,0.0,1.0,-8.0,2.0,1.0,0.0,50.0,Good
10268,72.0,209.0,5.0,97.0,24.0,0.0,0.0,96.0,40.0,6,6,24.0,2.0,21.0,5.0,0.0,0.0,38.0,-8.0,7.0,1.0,0.0,67.0,Good
7445,66.0,145.0,6.0,91.0,18.0,1.0,1.0,100.0,-7.0,6,8,19.0,1.0,21.0,0.0,2.0,2.0,67.0,8.0,7.0,2.0,3.0,69.0,Bad
3404,62.0,352.0,9.0,114.0,31.0,0.0,0.0,88.0,0.0,4,6,33.0,2.0,24.0,0.0,1.0,1.0,50.0,17.0,6.0,1.0,1.0,44.0,Bad
5152,75.0,181.0,14.0,63.0,38.0,0.0,0.0,100.0,-7.0,7,8,39.0,0.0,28.0,-7.0,0.0,0.0,35.0,83.0,4.0,3.0,2.0,50.0,Good
3209,-9.0,-9.0,-9.0,-9.0,-9.0,-9.0,-9.0,-9.0,-9.0,-9,-9,-9.0,-9.0,-9.0,-9.0,-9.0,-9.0,-9.0,-9.0,-9.0,-9.0,-9.0,-9.0,Good
2657,70.0,183.0,2.0,85.0,12.0,0.0,0.0,100.0,-7.0,7,8,12.0,1.0,31.0,-7.0,0.0,0.0,95.0,-8.0,7.0,1.0,5.0,89.0,Good
2468,74.0,213.0,8.0,103.0,23.0,1.0,1.0,100.0,-7.0,7,8,15.0,1.0,35.0,-7.0,1.0,0.0,16.0,-8.0,2.0,1.0,0.0,44.0,Good
2080,73.0,420.0,97.0,208.0,7.0,0.0,0.0,88.0,64.0,6,6,8.0,0.0,25.0,0.0,0.0,0.0,76.0,-8.0,3.0,-8.0,2.0,75.0,Bad
3958,69.0,301.0,3.0,79.0,19.0,0.0,0.0,79.0,13.0,6,6,20.0,2.0,47.0,3.0,2.0,2.0,33.0,45.0,3.0,3.0,0.0,100.0,Bad
7790,80.0,277.0,5.0,93.0,34.0,1.0,0.0,97.0,52.0,6,5,35.0,1.0,40.0,7.0,0.0,0.0,7.0,80.0,4.0,3.0,1.0,58.0,Good
7296,89.0,193.0,9.0,114.0,13.0,0.0,0.0,100.0,-7.0,7,8,14.0,1.0,43.0,0.0,0.0,0.0,1.0,88.0,2.0,2.0,0.0,67.0,Good
5468,65.0,132.0,3.0,35.0,21.0,0.0,0.0,93.0,-7.0,5,7,28.0,4.0,61.0,0.0,6.0,6.0,91.0,-8.0,7.0,1.0,1.0,89.0,Bad
8998,68.0,272.0,4.0,89.0,31.0,0.0,0.0,100.0,-7.0,7,8,33.0,2.0,27.0,0.0,0.0,0.0,90.0,90.0,8.0,4.0,4.0,86.0,Good
9730,77.0,207.0,4.0,87.0,18.0,0.0,0.0,89.0,64.0,6,6,19.0,2.0,39.0,9.0,0.0,0.0,12.0,94.0,4.0,2.0,0.0,75.0,Good
4168,63.0,408.0,11.0,95.0,26.0,1.0,0.0,86.0,56.0,6,5,29.0,1.0,66.0,0.0,0.0,0.0,99.0,46.0,3.0,4.0,2.0,78.0,Good
6161,65.0,435.0,3.0,97.0,32.0,0.0,0.0,100.0,-7.0,7,8,34.0,2.0,18.0,0.0,8.0,8.0,70.0,-8.0,9.0,1.0,8.0,67.0,Bad
1750,85.0,377.0,3.0,121.0,45.0,0.0,0.0,100.0,-7.0,7,8,46.0,2.0,46.0,0.0,0.0,0.0,20.0,83.0,6.0,2.0,0.0,67.0,Good
9631,54.0,136.0,4.0,62.0,28.0,1.0,0.0,93.0,3.0,4,5,30.0,3.0,28.0,4.0,1.0,1.0,64.0,86.0,8.0,3.0,3.0,73.0,Bad
6653,69.0,150.0,3.0,78.0,34.0,1.0,1.0,91.0,70.0,6,2,35.0,3.0,20.0,-7.0,4.0,4.0,27.0,100.0,4.0,1.0,1.0,45.0,Good
52,75.0,183.0,18.0,92.0,21.0,0.0,0.0,100.0,-7.0,7,8,22.0,0.0,27.0,0.0,0.0,0.0,88.0,91.0,9.0,3.0,5.0,93.0,Bad
10328,-9.0,-9.0,-9.0,-9.0,-9.0,-9.0,-9.0,-9.0,-9.0,-9,-9,-9.0,-9.0,-9.0,-9.0,-9.0,-9.0,-9.0,-9.0,-9.0,-9.0,-9.0,-9.0,Good
10288,84.0,346.0,9.0,102.0,19.0,0.0,0.0,100.0,-7.0,7,8,19.0,1.0,37.0,0.0,2.0,2.0,5.0,31.0,2.0,3.0,0.0,56.0,Good
2675,62.0,79.0,12.0,35.0,16.0,1.0,1.0,94.0,15.0,6,4,26.0,0.0,50.0,-7.0,3.0,3.0,100.0,57.0,4.0,5.0,2.0,100.0,Bad
7243,88.0,161.0,4.0,97.0,29.0,0.0,0.0,100.0,-7.0,7,8,33.0,3.0,48.0,0.0,2.0,2.0,7.0,-8.0,1.0,1.0,0.0,33.0,Good
8483,65.0,-8.0,2.0,13.0,5.0,0.0,0.0,100.0,-7.0,7,8,7.0,4.0,57.0,-7.0,2.0,2.0,54.0,88.0,2.0,2.0,0.0,80.0,Bad
4788,77.0,169.0,29.0,94.0,13.0,1.0,1.0,93.0,32.0,6,2,15.0,0.0,33.0,-8.0,0.0,0.0,0.0,-8.0,1.0,1.0,0.0,50.0,Bad
6865,62.0,393.0,6.0,155.0,17.0,0.0,0.0,94.0,1.0,4,6,17.0,2.0,41.0,5.0,0.0,0.0,64.0,-8.0,8.0,-8.0,1.0,89.0,Bad
3235,78.0,195.0,1.0,38.0,29.0,0.0,0.0,100.0,-7.0,6,7,38.0,5.0,51.0,0.0,6.0,6.0,10.0,95.0,4.0,13.0,0.0,68.0,Good
8208,73.0,189.0,8.0,68.0,32.0,0.0,0.0,91.0,8.0,4,6,33.0,3.0,52.0,0.0,0.0,0.0,19.0,-8.0,3.0,1.0,0.0,50.0,Bad
2320,82.0,426.0,3.0,115.0,33.0,0.0,0.0,100.0,-7.0,7,8,32.0,2.0,21.0,-7.0,1.0,1.0,13.0,56.0,4.0,2.0,0.0,58.0,Good
6953,89.0,414.0,7.0,203.0,15.0,0.0,0.0,100.0,-7.0,7,8,15.0,3.0,7.0,7.0,0.0,0.0,1.0,-8.0,3.0,1.0,0.0,45.0,Good
1928,88.0,309.0,22.0,86.0,9.0,0.0,0.0,100.0,-7.0,7,8,10.0,0.0,10.0,0.0,1.0,1.0,9.0,-8.0,2.0,-8.0,0.0,40.0,Good
4653,78.0,174.0,3.0,73.0,28.0,0.0,0.0,100.0,-7.0,7,8,28.0,2.0,29.0,13.0,0.0,0.0,20.0,94.0,4.0,3.0,1.0,44.0,Good
2389,69.0,243.0,2.0,89.0,32.0,0.0,0.0,100.0,-7.0,7,8,22.0,4.0,30.0,-7.0,0.0,0.0,45.0,77.0,9.0,4.0,3.0,59.0,Good
9989,78.0,218.0,25.0,118.0,18.0,0.0,0.0,100.0,-7.0,7,8,18.0,0.0,33.0,0.0,2.0,2.0,47.0,58.0,4.0,2.0,1.0,60.0,Good
8458,77.0,188.0,3.0,64.0,27.0,0.0,0.0,100.0,-7.0,7,8,27.0,2.0,15.0,-7.0,1.0,1.0,22.0,62.0,2.0,3.0,0.0,45.0,Good
9106,54.0,35.0,14.0,22.0,6.0,1.0,1.0,83.0,6.0,0,6,6.0,0.0,67.0,-7.0,2.0,2.0,79.0,86.0,1.0,3.0,1.0,100.0,Bad
2876,74.0,341.0,4.0,89.0,26.0,2.0,1.0,82.0,8.0,4,4,33.0,2.0,4.0,6.0,0.0,0.0,7.0,49.0,6.0,1.0,0.0,50.0,Bad
648,56.0,44.0,2.0,24.0,12.0,3.0,2.0,88.0,11.0,4,3,17.0,4.0,29.0,0.0,11.0,11.0,9.0,96.0,1.0,3.0,1.0,33.0,Bad
5637,74.0,213.0,18.0,97.0,20.0,1.0,1.0,90.0,5.0,2,4,21.0,0.0,29.0,0.0,2.0,1.0,14.0,65.0,3.0,2.0,0.0,50.0,Good
6202,-9.0,-9.0,-9.0,-9.0,-9.0,-9.0,-9.0,-9.0,-9.0,-9,-9,-9.0,-9.0,-9.0,-9.0,-9.0,-9.0,-9.0,-9.0,-9.0,-9.0,-9.0,-9.0,Good
9854,87.0,158.0,13.0,78.0,10.0,0.0,0.0,100.0,-7.0,7,8,11.0,0.0,27.0,0.0,0.0,0.0,4.0,-8.0,3.0,1.0,0.0,57.0,Good
376,81.0,329.0,12.0,111.0,19.0,0.0,0.0,95.0,1.0,4,6,20.0,0.0,55.0,0.0,0.0,0.0,1.0,86.0,2.0,4.0,0.0,67.0,Bad
410,68.0,310.0,3.0,96.0,33.0,1.0,1.0,97.0,68.0,6,2,34.0,4.0,26.0,0.0,4.0,4.0,73.0,89.0,6.0,4.0,3.0,71.0,Good
1901,73.0,273.0,5.0,100.0,23.0,2.0,2.0,88.0,37.0,6,2,25.0,2.0,46.0,0.0,0.0,0.0,0.0,82.0,1.0,2.0,0.0,50.0,Bad
7742,86.0,158.0,3.0,71.0,29.0,0.0,0.0,100.0,-7.0,7,8,31.0,6.0,52.0,3.0,1.0,1.0,3.0,93.0,1.0,2.0,0.0,43.0,Good
5941,64.0,207.0,25.0,77.0,11.0,2.0,2.0,82.0,13.0,6,6,11.0,0.0,36.0,-7.0,2.0,2.0,57.0,22.0,2.0,2.0,0.0,71.0,Bad
7000,89.0,393.0,37.0,157.0,5.0,0.0,0.0,100.0,-7.0,7,8,6.0,0.0,67.0,0.0,1.0,1.0,0.0,-8.0,0.0,-8.0,-8.0,0.0,Bad
1258,-9.0,-9.0,-9.0,-9.0,-9.0,-9.0,-9.0,-9.0,-9.0,-9,-9,-9.0,-9.0,-9.0,-9.0,-9.0,-9.0,-9.0,-9.0,-9.0,-9.0,-9.0,-9.0,Bad
1196,-9.0,-9.0,-9.0,-9.0,-9.0,-9.0,-9.0,-9.0,-9.0,-9,-9,-9.0,-9.0,-9.0,-9.0,-9.0,-9.0,-9.0,-9.0,-9.0,-9.0,-9.0,-9.0,Bad
8478,61.0,-8.0,4.0,46.0,31.0,0.0,0.0,100.0,-7.0,7,8,33.0,1.0,39.0,-7.0,9.0,9.0,62.0,79.0,6.0,8.0,5.0,74.0,Bad
9148,80.0,168.0,1.0,34.0,1.0,0.0,0.0,100.0,-7.0,9,8,5.0,4.0,20.0,-7.0,4.0,4.0,34.0,101.0,1.0,1.0,0.0,50.0,Bad
6190,89.0,441.0,75.0,194.0,12.0,0.0,0.0,100.0,-7.0,7,8,13.0,0.0,25.0,9.0,0.0,0.0,5.0,-8.0,2.0,1.0,0.0,43.0,Good
267,77.0,324.0,7.0,85.0,26.0,0.0,0.0,100.0,-7.0,7,8,26.0,3.0,38.0,0.0,0.0,0.0,16.0,65.0,4.0,4.0,0.0,59.0,Bad
406,65.0,305.0,8.0,93.0,25.0,3.0,2.0,85.0,36.0,6,4,28.0,1.0,33.0,0.0,2.0,2.0,70.0,-8.0,5.0,1.0,2.0,88.0,Good
6638,82.0,252.0,51.0,191.0,13.0,0.0,0.0,77.0,21.0,6,6,13.0,0.0,8.0,-7.0,0.0,0.0,4.0,-8.0,1.0,1.0,0.0,38.0,Good
6183,83.0,146.0,9.0,82.0,26.0,0.0,0.0,100.0,-7.0,7,8,26.0,1.0,19.0,20.0,0.0,0.0,21.0,70.0,4.0,2.0,0.0,58.0,Good
1418,-9.0,-9.0,-9.0,-9.0,-9.0,-9.0,-9.0,-9.0,-9.0,-9,-9,-9.0,-9.0,-9.0,-9.0,-9.0,-9.0,-9.0,-9.0,-9.0,-9.0,-9.0,-9.0,Bad
7772,-9.0,-9.0,-9.0,-9.0,-9.0,-9.0,-9.0,-9.0,-9.0,-9,-9,-9.0,-9.0,-9.0,-9.0,-9.0,-9.0,-9.0,-9.0,-9.0,-9.0,-9.0,-9.0,Good
5313,65.0,102.0,3.0,39.0,38.0,1.0,1.0,92.0,6.0,4,4,39.0,9.0,46.0,0.0,13.0,13.0,20.0,86.0,4.0,14.0,1.0,72.0,Bad
5428,78.0,126.0,7.0,58.0,41.0,0.0,0.0,100.0,-7.0,7,8,45.0,2.0,51.0,0.0,2.0,2.0,14.0,75.0,3.0,5.0,0.0,50.0,Good
6544,59.0,156.0,14.0,63.0,17.0,2.0,2.0,82.0,-8.0,5,6,19.0,0.0,24.0,0.0,1.0,1.0,35.0,76.0,6.0,2.0,2.0,80.0,Bad
3797,85.0,340.0,2.0,140.0,18.0,0.0,0.0,100.0,-7.0,7,8,18.0,3.0,16.0,2.0,1.0,1.0,12.0,-8.0,4.0,1.0,0.0,63.0,Good
7671,58.0,381.0,3.0,77.0,23.0,3.0,2.0,76.0,8.0,0,2,25.0,2.0,28.0,-7.0,0.0,0.0,29.0,82.0,5.0,4.0,0.0,69.0,Bad
8931,73.0,185.0,3.0,65.0,27.0,0.0,0.0,100.0,-7.0,7,8,27.0,4.0,48.0,0.0,5.0,5.0,46.0,26.0,5.0,4.0,1.0,69.0,Good
8722,67.0,233.0,12.0,66.0,13.0,1.0,0.0,87.0,10.0,4,5,15.0,0.0,67.0,0.0,1.0,1.0,33.0,81.0,3.0,2.0,1.0,83.0,Bad
4585,79.0,192.0,8.0,84.0,31.0,0.0,0.0,94.0,7.0,4,6,32.0,1.0,50.0,-7.0,0.0,0.0,3.0,-8.0,3.0,1.0,0.0,50.0,Good
1440,-9.0,-9.0,-9.0,-9.0,-9.0,-9.0,-9.0,-9.0,-9.0,-9,-9,-9.0,-9.0,-9.0,-9.0,-9.0,-9.0,-9.0,-9.0,-9.0,-9.0,-9.0,-9.0,Bad
1719,63.0,378.0,10.0,84.0,36.0,1.0,1.0,89.0,10.0,4,4,37.0,2.0,54.0,0.0,2.0,2.0,60.0,67.0,4.0,6.0,3.0,77.0,Bad
6506,67.0,158.0,0.0,51.0,28.0,0.0,0.0,97.0,-8.0,6,6,29.0,1.0,45.0,0.0,2.0,2.0,44.0,42.0,5.0,1.0,3.0,67.0,Bad
8871,70.0,132.0,1.0,47.0,33.0,1.0,0.0,97.0,19.0,6,5,37.0,2.0,16.0,0.0,1.0,1.0,20.0,-8.0,11.0,-8.0,2.0,52.0,Good
3713,62.0,251.0,19.0,92.0,41.0,1.0,1.0,98.0,10.0,0,6,53.0,0.0,15.0,0.0,3.0,3.0,83.0,-8.0,17.0,1.0,11.0,72.0,Bad
5698,69.0,372.0,18.0,147.0,11.0,1.0,0.0,77.0,1.0,4,5,13.0,0.0,38.0,0.0,0.0,0.0,23.0,70.0,5.0,3.0,0.0,73.0,Bad
3669,72.0,80.0,4.0,112.0,22.0,1.0,1.0,100.0,-7.0,6,8,3.0,3.0,18.0,3.0,2.0,2.0,16.0,-8.0,6.0,1.0,0.0,67.0,Good
5480,83.0,158.0,5.0,74.0,19.0,0.0,0.0,100.0,-7.0,7,8,19.0,2.0,47.0,7.0,0.0,0.0,29.0,71.0,4.0,2.0,0.0,86.0,Good
6929,79.0,172.0,6.0,47.0,20.0,0.0,0.0,100.0,-7.0,7,8,20.0,1.0,55.0,7.0,0.0,0.0,9.0,49.0,3.0,5.0,0.0,67.0,Good
3910,85.0,203.0,8.0,59.0,15.0,0.0,0.0,100.0,-7.0,7,8,26.0,2.0,40.0,0.0,1.0,1.0,0.0,85.0,1.0,2.0,0.0,30.0,Good
7495,60.0,37.0,9.0,22.0,11.0,0.0,0.0,100.0,-7.0,7,8,11.0,1.0,55.0,-7.0,8.0,8.0,112.0,61.0,3.0,1.0,0.0,100.0,Bad
9177,56.0,153.0,18.0,80.0,17.0,0.0,0.0,95.0,1.0,4,6,20.0,0.0,45.0,17.0,0.0,0.0,82.0,-8.0,2.0,1.0,2.0,75.0,Bad
5600,68.0,124.0,8.0,51.0,17.0,0.0,0.0,100.0,-7.0,7,8,17.0,1.0,47.0,0.0,2.0,2.0,72.0,73.0,2.0,2.0,2.0,80.0,Bad
9080,64.0,79.0,3.0,38.0,16.0,0.0,0.0,100.0,-7.0,7,8,18.0,5.0,29.0,-7.0,8.0,8.0,53.0,99.0,5.0,1.0,1.0,86.0,Bad
5014,77.0,178.0,5.0,80.0,18.0,0.0,0.0,100.0,-7.0,7,8,18.0,3.0,39.0,4.0,2.0,2.0,24.0,-8.0,4.0,1.0,0.0,71.0,Good
7360,60.0,199.0,28.0,93.0,11.0,4.0,2.0,73.0,6.0,4,2,15.0,0.0,53.0,0.0,0.0,0.0,34.0,61.0,1.0,3.0,0.0,50.0,Bad
1076,71.0,225.0,8.0,131.0,16.0,0.0,0.0,75.0,22.0,6,6,16.0,1.0,19.0,1.0,1.0,1.0,24.0,-8.0,8.0,1.0,0.0,90.0,Bad
1315,-9.0,-9.0,-9.0,-9.0,-9.0,-9.0,-9.0,-9.0,-9.0,-9,-9,-9.0,-9.0,-9.0,-9.0,-9.0,-9.0,-9.0,-9.0,-9.0,-9.0,-9.0,-9.0,Bad
1346,-9.0,-9.0,-9.0,-9.0,-9.0,-9.0,-9.0,-9.0,-9.0,-9,-9,-9.0,-9.0,-9.0,-9.0,-9.0,-9.0,-9.0,-9.0,-9.0,-9.0,-9.0,-9.0,Bad
2929,60.0,62.0,7.0,35.0,17.0,0.0,0.0,88.0,12.0,6,6,2.0,2.0,18.0,0.0,1.0,1.0,63.0,46.0,3.0,2.0,3.0,45.0,Bad
4582,81.0,63.0,6.0,37.0,13.0,0.0,0.0,100.0,-7.0,7,8,13.0,2.0,31.0,-7.0,0.0,0.0,10.0,57.0,4.0,2.0,0.0,60.0,Bad
4904,88.0,215.0,9.0,103.0,14.0,0.0,0.0,100.0,-7.0,7,8,14.0,1.0,36.0,8.0,0.0,0.0,14.0,56.0,2.0,1.0,0.0,67.0,Good
2103,84.0,317.0,2.0,132.0,26.0,0.0,0.0,100.0,-7.0,7,8,27.0,2.0,22.0,0.0,0.0,0.0,16.0,51.0,5.0,3.0,1.0,57.0,Good
682,81.0,232.0,23.0,163.0,13.0,1.0,1.0,93.0,45.0,6,2,14.0,0.0,36.0,23.0,0.0,0.0,0.0,-8.0,1.0,1.0,0.0,50.0,Good
8648,83.0,171.0,2.0,77.0,12.0,0.0,0.0,92.0,55.0,6,6,14.0,1.0,31.0,-8.0,0.0,0.0,12.0,78.0,2.0,2.0,0.0,80.0,Good
8533,71.0,-8.0,9.0,46.0,15.0,0.0,0.0,88.0,21.0,6,6,16.0,3.0,44.0,8.0,0.0,0.0,32.0,89.0,3.0,2.0,0.0,63.0,Good
522,75.0,312.0,5.0,78.0,26.0,1.0,1.0,100.0,-7.0,7,8,26.0,4.0,31.0,-7.0,4.0,4.0,10.0,36.0,3.0,2.0,0.0,56.0,Bad
7312,86.0,350.0,19.0,121.0,15.0,0.0,0.0,100.0,-7.0,7,8,16.0,0.0,44.0,0.0,1.0,1.0,12.0,-8.0,2.0,-8.0,0.0,33.0,Good
6195,84.0,151.0,7.0,85.0,14.0,0.0,0.0,100.0,-7.0,7,8,14.0,1.0,57.0,7.0,2.0,0.0,18.0,75.0,2.0,3.0,-8.0,100.0,Good
4613,73.0,152.0,12.0,46.0,20.0,0.0,0.0,100.0,-7.0,7,8,21.0,0.0,40.0,-7.0,0.0,0.0,36.0,91.0,5.0,3.0,0.0,82.0,Bad
7864,80.0,263.0,3.0,79.0,30.0,0.0,0.0,100.0,-7.0,7,8,30.0,2.0,43.0,1.0,3.0,3.0,9.0,90.0,3.0,2.0,1.0,38.0,Bad
10329,78.0,192.0,3.0,91.0,55.0,0.0,0.0,98.0,12.0,6,6,57.0,2.0,18.0,3.0,1.0,1.0,1.0,-8.0,9.0,1.0,0.0,28.0,Good
1504,80.0,192.0,7.0,72.0,22.0,0.0,0.0,100.0,-7.0,6,8,23.0,2.0,39.0,0.0,1.0,1.0,13.0,96.0,2.0,3.0,1.0,63.0,Good
6157,80.0,268.0,3.0,96.0,41.0,0.0,0.0,98.0,46.0,6,6,41.0,1.0,41.0,2.0,5.0,5.0,7.0,83.0,2.0,5.0,0.0,58.0,Good
581,71.0,96.0,32.0,60.0,9.0,1.0,1.0,100.0,-7.0,6,7,9.0,0.0,11.0,-7.0,0.0,0.0,48.0,-8.0,2.0,-8.0,0.0,100.0,Good
8118,78.0,156.0,4.0,41.0,13.0,0.0,0.0,100.0,-7.0,7,8,13.0,6.0,38.0,3.0,3.0,3.0,19.0,93.0,2.0,3.0,0.0,71.0,Good
3956,71.0,185.0,4.0,61.0,38.0,0.0,0.0,100.0,-7.0,7,8,23.0,3.0,34.0,5.0,1.0,1.0,32.0,71.0,7.0,4.0,0.0,65.0,Good
6941,74.0,145.0,4.0,76.0,16.0,0.0,0.0,88.0,41.0,6,6,17.0,1.0,47.0,-8.0,0.0,0.0,28.0,94.0,4.0,1.0,1.0,100.0,Good
3287,80.0,215.0,3.0,85.0,18.0,0.0,0.0,100.0,-7.0,7,8,11.0,2.0,50.0,2.0,1.0,1.0,28.0,96.0,3.0,2.0,0.0,63.0,Good
7969,67.0,180.0,6.0,73.0,21.0,1.0,0.0,82.0,2.0,4,5,22.0,2.0,45.0,1.0,1.0,1.0,5.0,70.0,6.0,7.0,0.0,81.0,Good
6294,90.0,152.0,28.0,107.0,3.0,0.0,0.0,100.0,-7.0,7,8,3.0,0.0,67.0,13.0,0.0,0.0,0.0,5.0,0.0,1.0,0.0,50.0,Good
4593,89.0,112.0,23.0,73.0,15.0,0.0,0.0,100.0,-7.0,7,8,15.0,0.0,40.0,-7.0,0.0,0.0,1.0,48.0,2.0,2.0,0.0,50.0,Good
1953,75.0,416.0,4.0,167.0,7.0,2.0,2.0,89.0,28.0,5,2,10.0,2.0,33.0,0.0,1.0,1.0,8.0,57.0,5.0,2.0,0.0,88.0,Good
2901,67.0,59.0,83.0,125.0,5.0,2.0,2.0,83.0,75.0,6,2,1.0,0.0,67.0,21.0,0.0,0.0,-8.0,23.0,-8.0,2.0,-8.0,100.0,Bad
1844,64.0,25.0,2.0,14.0,5.0,0.0,0.0,83.0,3.0,4,6,6.0,2.0,50.0,0.0,1.0,1.0,4.0,59.0,1.0,3.0,0.0,80.0,Good
5216,81.0,153.0,21.0,63.0,28.0,0.0,0.0,100.0,-7.0,7,8,29.0,0.0,34.0,0.0,1.0,1.0,17.0,-8.0,3.0,1.0,1.0,40.0,Good
141,78.0,41.0,3.0,16.0,3.0,0.0,0.0,100.0,-7.0,7,8,3.0,2.0,67.0,-7.0,16.0,16.0,0.0,-8.0,0.0,1.0,-8.0,50.0,Bad
3329,71.0,224.0,18.0,92.0,18.0,0.0,0.0,79.0,42.0,6,6,20.0,0.0,25.0,7.0,0.0,0.0,61.0,91.0,4.0,1.0,4.0,50.0,Good
9382,-9.0,-9.0,-9.0,-9.0,-9.0,-9.0,-9.0,-9.0,-9.0,-9,-9,-9.0,-9.0,-9.0,-9.0,-9.0,-9.0,-9.0,-9.0,-9.0,-9.0,-9.0,-9.0,Good
5951,87.0,241.0,2.0,93.0,17.0,0.0,0.0,100.0,-7.0,7,8,18.0,4.0,17.0,-7.0,1.0,1.0,7.0,-8.0,5.0,1.0,1.0,50.0,Good
7674,74.0,104.0,5.0,49.0,13.0,0.0,0.0,100.0,-7.0,7,8,13.0,1.0,31.0,-7.0,0.0,0.0,60.0,81.0,5.0,3.0,1.0,100.0,Bad
150,73.0,136.0,6.0,77.0,25.0,0.0,0.0,100.0,-7.0,7,8,25.0,4.0,36.0,0.0,3.0,3.0,54.0,100.0,11.0,1.0,1.0,100.0,Bad
3437,71.0,-8.0,7.0,74.0,33.0,0.0,0.0,94.0,47.0,6,6,0.0,2.0,30.0,7.0,0.0,0.0,21.0,60.0,5.0,3.0,1.0,50.0,Good
1039,58.0,14.0,1.0,6.0,3.0,0.0,0.0,100.0,-7.0,7,8,5.0,4.0,40.0,-7.0,15.0,15.0,98.0,-8.0,2.0,2.0,1.0,80.0,Good
8887,84.0,128.0,3.0,48.0,23.0,0.0,0.0,100.0,-7.0,7,8,23.0,3.0,30.0,0.0,1.0,1.0,14.0,99.0,4.0,3.0,0.0,64.0,Good
10265,-9.0,-9.0,-9.0,-9.0,-9.0,-9.0,-9.0,-9.0,-9.0,-9,-9,-9.0,-9.0,-9.0,-9.0,-9.0,-9.0,-9.0,-9.0,-9.0,-9.0,-9.0,-9.0,Good
1585,68.0,105.0,11.0,58.0,13.0,0.0,0.0,57.0,5.0,4,6,14.0,1.0,86.0,0.0,0.0,0.0,60.0,58.0,2.0,2.0,0.0,100.0,Bad
7015,63.0,131.0,11.0,61.0,8.0,2.0,1.0,60.0,17.0,6,3,10.0,1.0,30.0,3.0,2.0,1.0,78.0,45.0,3.0,1.0,2.0,80.0,Bad
2893,87.0,443.0,4.0,151.0,22.0,0.0,0.0,100.0,-7.0,7,8,25.0,3.0,27.0,0.0,2.0,2.0,1.0,48.0,3.0,2.0,0.0,55.0,Good
5813,78.0,168.0,21.0,92.0,23.0,0.0,0.0,83.0,51.0,6,6,23.0,0.0,52.0,0.0,0.0,0.0,27.0,77.0,2.0,4.0,0.0,70.0,Good
1127,-9.0,-9.0,-9.0,-9.0,-9.0,-9.0,-9.0,-9.0,-9.0,-9,-9,-9.0,-9.0,-9.0,-9.0,-9.0,-9.0,-9.0,-9.0,-9.0,-9.0,-9.0,-9.0,Bad
5993,71.0,60.0,4.0,25.0,16.0,0.0,0.0,100.0,-7.0,7,8,16.0,2.0,56.0,9.0,0.0,0.0,46.0,85.0,5.0,5.0,0.0,100.0,Bad
7276,60.0,77.0,20.0,45.0,8.0,1.0,0.0,80.0,4.0,4,5,10.0,0.0,90.0,0.0,2.0,2.0,41.0,75.0,1.0,3.0,0.0,100.0,Bad
2504,67.0,77.0,3.0,109.0,21.0,0.0,0.0,86.0,3.0,4,6,4.0,2.0,19.0,-7.0,3.0,3.0,22.0,83.0,5.0,1.0,0.0,60.0,Bad
6705,58.0,129.0,2.0,23.0,21.0,0.0,0.0,100.0,-7.0,7,8,23.0,7.0,36.0,-7.0,4.0,2.0,74.0,74.0,8.0,4.0,2.0,93.0,Bad
9335,82.0,253.0,21.0,93.0,38.0,0.0,0.0,100.0,-7.0,7,8,39.0,0.0,28.0,18.0,0.0,0.0,19.0,68.0,4.0,3.0,0.0,62.0,Good
9535,78.0,306.0,1.0,80.0,19.0,0.0,0.0,90.0,13.0,6,6,20.0,3.0,40.0,0.0,1.0,1.0,9.0,-8.0,6.0,1.0,0.0,64.0,Good
6096,65.0,101.0,2.0,25.0,7.0,1.0,1.0,100.0,-7.0,6,8,8.0,3.0,50.0,0.0,12.0,12.0,35.0,99.0,2.0,2.0,1.0,80.0,Bad
5660,36.0,377.0,1.0,113.0,10.0,7.0,2.0,63.0,0.0,0,5,17.0,2.0,19.0,0.0,0.0,0.0,59.0,78.0,8.0,3.0,2.0,85.0,Bad
5921,66.0,168.0,1.0,93.0,21.0,1.0,0.0,79.0,6.0,3,5,24.0,1.0,8.0,-7.0,2.0,2.0,26.0,-8.0,5.0,1.0,0.0,38.0,Bad
6619,89.0,167.0,8.0,79.0,25.0,0.0,0.0,100.0,-7.0,7,8,28.0,2.0,39.0,-7.0,0.0,0.0,3.0,92.0,1.0,3.0,0.0,44.0,Good
3965,71.0,196.0,8.0,76.0,10.0,2.0,1.0,91.0,54.0,6,5,11.0,1.0,36.0,3.0,2.0,2.0,57.0,-8.0,3.0,3.0,0.0,86.0,Good
944,88.0,327.0,4.0,87.0,36.0,0.0,0.0,100.0,-7.0,7,8,40.0,2.0,25.0,0.0,1.0,1.0,0.0,-8.0,0.0,1.0,0.0,8.0,Good
1891,75.0,28.0,2.0,16.0,3.0,0.0,0.0,100.0,-7.0,7,8,4.0,2.0,25.0,0.0,1.0,1.0,36.0,49.0,3.0,1.0,0.0,100.0,Good
480,57.0,71.0,4.0,32.0,24.0,0.0,0.0,92.0,9.0,4,6,24.0,4.0,46.0,0.0,2.0,2.0,53.0,83.0,5.0,6.0,2.0,87.0,Bad
220,81.0,99.0,1.0,54.0,35.0,0.0,0.0,100.0,-7.0,7,8,36.0,1.0,25.0,0.0,2.0,2.0,8.0,42.0,2.0,3.0,0.0,67.0,Good
7886,79.0,148.0,40.0,93.0,13.0,0.0,0.0,92.0,43.0,6,6,13.0,0.0,77.0,0.0,2.0,2.0,0.0,-8.0,0.0,1.0,0.0,50.0,Good
1370,-9.0,-9.0,-9.0,-9.0,-9.0,-9.0,-9.0,-9.0,-9.0,-9,-9,-9.0,-9.0,-9.0,-9.0,-9.0,-9.0,-9.0,-9.0,-9.0,-9.0,-9.0,-9.0,Bad
5907,75.0,223.0,2.0,94.0,25.0,0.0,0.0,96.0,9.0,4,6,26.0,2.0,50.0,-7.0,0.0,0.0,27.0,74.0,6.0,8.0,0.0,78.0,Bad
5084,89.0,162.0,8.0,82.0,19.0,0.0,0.0,100.0,-7.0,7,8,21.0,2.0,24.0,-7.0,1.0,1.0,3.0,-8.0,1.0,1.0,0.0,33.0,Good
1411,-9.0,-9.0,-9.0,-9.0,-9.0,-9.0,-9.0,-9.0,-9.0,-9,-9,-9.0,-9.0,-9.0,-9.0,-9.0,-9.0,-9.0,-9.0,-9.0,-9.0,-9.0,-9.0,Bad
8380,72.0,136.0,13.0,74.0,3.0,1.0,1.0,75.0,25.0,6,6,4.0,0.0,25.0,0.0,3.0,3.0,0.0,-8.0,0.0,-8.0,0.0,0.0,Bad
4281,67.0,170.0,1.0,83.0,14.0,0.0,0.0,87.0,20.0,6,6,15.0,2.0,27.0,0.0,0.0,0.0,86.0,89.0,4.0,3.0,2.0,58.0,Bad
8257,65.0,314.0,2.0,110.0,24.0,1.0,1.0,96.0,-8.0,6,6,27.0,5.0,65.0,0.0,2.0,2.0,19.0,99.0,5.0,4.0,1.0,90.0,Bad
2437,78.0,-8.0,1.0,102.0,12.0,0.0,0.0,86.0,17.0,6,6,0.0,2.0,57.0,-7.0,0.0,0.0,16.0,101.0,3.0,4.0,0.0,89.0,Bad
2807,88.0,133.0,14.0,63.0,5.0,0.0,0.0,100.0,-7.0,7,8,6.0,0.0,40.0,-7.0,0.0,0.0,4.0,44.0,1.0,2.0,0.0,75.0,Bad
8686,55.0,138.0,6.0,43.0,3.0,0.0,0.0,50.0,73.0,5,6,4.0,1.0,50.0,0.0,2.0,2.0,131.0,90.0,1.0,1.0,-8.0,100.0,Bad
6432,75.0,91.0,3.0,39.0,19.0,0.0,0.0,100.0,-7.0,7,8,19.0,2.0,37.0,0.0,4.0,4.0,27.0,62.0,3.0,5.0,0.0,80.0,Good
9127,81.0,201.0,18.0,92.0,30.0,0.0,0.0,100.0,-7.0,7,8,32.0,0.0,50.0,-7.0,0.0,0.0,21.0,84.0,3.0,3.0,0.0,86.0,Good
1851,86.0,263.0,39.0,109.0,11.0,0.0,0.0,100.0,-7.0,7,8,11.0,0.0,27.0,0.0,1.0,1.0,11.0,-8.0,2.0,1.0,0.0,50.0,Bad
1232,-9.0,-9.0,-9.0,-9.0,-9.0,-9.0,-9.0,-9.0,-9.0,-9,-9,-9.0,-9.0,-9.0,-9.0,-9.0,-9.0,-9.0,-9.0,-9.0,-9.0,-9.0,-9.0,Bad
9054,79.0,199.0,7.0,72.0,13.0,0.0,0.0,100.0,-7.0,7,8,14.0,1.0,14.0,0.0,0.0,0.0,15.0,-8.0,4.0,1.0,1.0,63.0,Bad
6040,71.0,166.0,7.0,55.0,17.0,0.0,0.0,89.0,50.0,6,6,38.0,4.0,68.0,7.0,0.0,0.0,23.0,85.0,3.0,3.0,1.0,100.0,Bad
8231,69.0,379.0,2.0,105.0,15.0,0.0,0.0,84.0,3.0,4,6,19.0,3.0,74.0,0.0,2.0,2.0,31.0,100.0,1.0,2.0,1.0,60.0,Bad
10027,67.0,210.0,2.0,47.0,5.0,1.0,1.0,86.0,57.0,6,2,7.0,2.0,43.0,-7.0,1.0,1.0,50.0,75.0,2.0,2.0,0.0,80.0,Good
5804,76.0,169.0,32.0,95.0,12.0,0.0,0.0,92.0,11.0,4,6,12.0,0.0,50.0,0.0,0.0,0.0,3.0,-8.0,1.0,2.0,1.0,38.0,Bad
10032,73.0,241.0,25.0,79.0,19.0,0.0,0.0,100.0,-7.0,7,8,20.0,0.0,35.0,-7.0,0.0,0.0,77.0,-8.0,3.0,2.0,3.0,83.0,Good
844,80.0,175.0,11.0,73.0,15.0,0.0,0.0,100.0,-7.0,7,8,17.0,1.0,53.0,11.0,0.0,0.0,32.0,84.0,3.0,4.0,0.0,88.0,Bad
8772,78.0,97.0,13.0,51.0,14.0,0.0,0.0,93.0,45.0,6,6,14.0,0.0,21.0,-7.0,0.0,0.0,20.0,65.0,2.0,3.0,0.0,71.0,Bad
3690,82.0,164.0,2.0,108.0,38.0,0.0,0.0,100.0,-7.0,7,8,30.0,2.0,15.0,2.0,2.0,2.0,2.0,41.0,2.0,1.0,0.0,17.0,Good
6589,67.0,342.0,3.0,64.0,19.0,0.0,0.0,89.0,2.0,4,6,19.0,3.0,37.0,0.0,2.0,2.0,14.0,95.0,2.0,3.0,0.0,55.0,Bad
6628,81.0,158.0,4.0,87.0,34.0,0.0,0.0,100.0,-7.0,6,7,36.0,6.0,31.0,-7.0,5.0,5.0,19.0,93.0,7.0,3.0,0.0,63.0,Good
5380,78.0,208.0,13.0,112.0,16.0,0.0,0.0,94.0,3.0,4,6,17.0,0.0,76.0,-7.0,0.0,0.0,0.0,-8.0,0.0,1.0,0.0,50.0,Good
6061,85.0,136.0,10.0,57.0,7.0,0.0,0.0,100.0,-7.0,7,8,8.0,1.0,14.0,3.0,1.0,1.0,1.0,72.0,2.0,1.0,0.0,50.0,Bad
545,77.0,170.0,10.0,84.0,25.0,0.0,0.0,100.0,-7.0,7,8,26.0,1.0,12.0,-7.0,2.0,2.0,58.0,46.0,3.0,1.0,2.0,50.0,Good
2323,63.0,84.0,2.0,65.0,25.0,0.0,0.0,96.0,0.0,4,6,7.0,2.0,50.0,-7.0,2.0,2.0,46.0,98.0,3.0,1.0,2.0,50.0,Bad
9189,65.0,137.0,1.0,56.0,26.0,0.0,0.0,96.0,-7.0,5,7,27.0,3.0,33.0,0.0,4.0,3.0,66.0,72.0,10.0,3.0,4.0,82.0,Bad
2930,62.0,254.0,20.0,69.0,11.0,5.0,4.0,69.0,24.0,6,2,21.0,0.0,44.0,-8.0,0.0,0.0,40.0,44.0,5.0,2.0,2.0,100.0,Bad
9662,85.0,133.0,2.0,68.0,43.0,0.0,0.0,100.0,-7.0,7,8,47.0,6.0,34.0,0.0,0.0,0.0,2.0,86.0,2.0,3.0,0.0,31.0,Good
2779,56.0,237.0,6.0,108.0,16.0,0.0,0.0,69.0,1.0,4,6,17.0,1.0,13.0,-7.0,1.0,1.0,93.0,-8.0,4.0,1.0,3.0,83.0,Bad
7644,71.0,151.0,3.0,76.0,44.0,1.0,1.0,98.0,11.0,2,4,45.0,2.0,16.0,-7.0,0.0,0.0,19.0,70.0,9.0,3.0,1.0,55.0,Good
8147,75.0,241.0,3.0,104.0,35.0,0.0,0.0,100.0,-7.0,7,8,36.0,1.0,31.0,-8.0,0.0,0.0,29.0,84.0,3.0,3.0,1.0,44.0,Good
3773,72.0,280.0,2.0,97.0,54.0,0.0,0.0,100.0,-7.0,7,8,11.0,8.0,20.0,5.0,2.0,1.0,22.0,37.0,9.0,4.0,1.0,44.0,Good
5334,73.0,257.0,3.0,83.0,7.0,0.0,0.0,100.0,-7.0,7,8,7.0,3.0,29.0,0.0,2.0,1.0,71.0,96.0,2.0,2.0,-8.0,100.0,Bad
2956,86.0,-8.0,7.0,145.0,12.0,0.0,0.0,100.0,-7.0,7,8,0.0,2.0,25.0,7.0,0.0,0.0,11.0,35.0,4.0,2.0,0.0,67.0,Good
754,71.0,206.0,2.0,85.0,34.0,0.0,0.0,100.0,-7.0,7,8,35.0,1.0,34.0,0.0,1.0,1.0,95.0,61.0,5.0,2.0,5.0,70.0,Bad
5374,72.0,149.0,2.0,63.0,46.0,0.0,0.0,100.0,-7.0,7,8,49.0,4.0,51.0,-7.0,4.0,4.0,34.0,83.0,4.0,5.0,2.0,75.0,Good
543,57.0,291.0,4.0,103.0,9.0,4.0,2.0,43.0,1.0,0,2,14.0,1.0,14.0,-7.0,6.0,6.0,43.0,-8.0,3.0,1.0,1.0,67.0,Bad
5035,61.0,232.0,6.0,77.0,9.0,1.0,0.0,64.0,15.0,6,5,11.0,4.0,36.0,4.0,1.0,1.0,76.0,-8.0,2.0,1.0,1.0,60.0,Bad
2277,83.0,255.0,3.0,72.0,29.0,0.0,0.0,100.0,-7.0,7,8,34.0,2.0,21.0,-7.0,2.0,2.0,2.0,-8.0,5.0,1.0,0.0,38.0,Bad
4905,79.0,201.0,7.0,83.0,18.0,0.0,0.0,89.0,37.0,6,6,18.0,3.0,44.0,8.0,0.0,0.0,0.0,-8.0,0.0,2.0,0.0,33.0,Good
4851,86.0,144.0,2.0,65.0,20.0,0.0,0.0,100.0,-7.0,7,8,21.0,1.0,24.0,2.0,5.0,5.0,4.0,84.0,1.0,2.0,0.0,30.0,Good
7325,86.0,442.0,2.0,106.0,20.0,0.0,0.0,100.0,-7.0,7,8,21.0,1.0,33.0,0.0,0.0,0.0,5.0,47.0,2.0,1.0,1.0,43.0,Good
3467,65.0,340.0,2.0,81.0,49.0,0.0,0.0,89.0,5.0,4,6,56.0,3.0,25.0,0.0,9.0,8.0,6.0,86.0,9.0,5.0,1.0,56.0,Bad
5730,63.0,309.0,36.0,112.0,17.0,2.0,1.0,68.0,7.0,2,4,19.0,0.0,16.0,0.0,1.0,1.0,54.0,-8.0,5.0,1.0,2.0,67.0,Good
9062,73.0,73.0,2.0,29.0,17.0,0.0,0.0,100.0,-7.0,7,8,20.0,6.0,55.0,0.0,7.0,7.0,21.0,81.0,1.0,5.0,0.0,55.0,Bad
2552,63.0,325.0,3.0,92.0,29.0,0.0,0.0,93.0,12.0,6,6,30.0,2.0,52.0,-7.0,2.0,2.0,63.0,65.0,8.0,4.0,3.0,75.0,Good
1874,75.0,209.0,1.0,59.0,27.0,0.0,0.0,100.0,-7.0,7,8,28.0,4.0,29.0,0.0,3.0,3.0,21.0,71.0,5.0,3.0,1.0,89.0,Bad
7228,80.0,225.0,19.0,111.0,18.0,0.0,0.0,100.0,-7.0,7,8,20.0,0.0,55.0,0.0,2.0,2.0,5.0,76.0,3.0,1.0,0.0,80.0,Bad
3126,66.0,60.0,25.0,115.0,34.0,1.0,0.0,97.0,0.0,3,5,2.0,0.0,29.0,-8.0,0.0,0.0,1.0,52.0,3.0,6.0,0.0,38.0,Good
9398,59.0,213.0,24.0,90.0,13.0,0.0,0.0,85.0,5.0,4,6,14.0,0.0,54.0,1.0,10.0,10.0,104.0,-8.0,2.0,1.0,2.0,100.0,Good
5438,56.0,370.0,5.0,124.0,28.0,0.0,0.0,84.0,4.0,4,6,31.0,3.0,16.0,4.0,1.0,1.0,39.0,88.0,11.0,2.0,3.0,54.0,Good
2001,74.0,111.0,2.0,37.0,8.0,0.0,0.0,100.0,-7.0,7,8,9.0,2.0,22.0,0.0,4.0,4.0,49.0,73.0,5.0,2.0,1.0,88.0,Bad
2645,73.0,210.0,9.0,138.0,49.0,0.0,0.0,94.0,5.0,4,6,41.0,3.0,57.0,-7.0,3.0,3.0,9.0,53.0,5.0,10.0,0.0,75.0,Bad
5511,72.0,141.0,6.0,73.0,22.0,0.0,0.0,100.0,-7.0,7,8,22.0,2.0,18.0,4.0,1.0,1.0,59.0,-8.0,7.0,1.0,1.0,67.0,Good
1295,-9.0,-9.0,-9.0,-9.0,-9.0,-9.0,-9.0,-9.0,-9.0,-9,-9,-9.0,-9.0,-9.0,-9.0,-9.0,-9.0,-9.0,-9.0,-9.0,-9.0,-9.0,-9.0,Bad
304,83.0,122.0,13.0,35.0,11.0,0.0,0.0,100.0,-7.0,7,8,11.0,0.0,36.0,0.0,0.0,0.0,2.0,-8.0,2.0,1.0,0.0,50.0,Bad
777,70.0,144.0,2.0,70.0,34.0,0.0,0.0,100.0,-7.0,7,8,35.0,3.0,51.0,2.0,6.0,6.0,61.0,51.0,5.0,5.0,1.0,83.0,Bad
5639,80.0,314.0,3.0,89.0,18.0,0.0,0.0,100.0,-7.0,7,8,18.0,1.0,17.0,0.0,0.0,0.0,10.0,-8.0,10.0,1.0,1.0,73.0,Bad
7390,55.0,58.0,3.0,24.0,18.0,0.0,0.0,95.0,5.0,4,6,19.0,3.0,53.0,0.0,1.0,1.0,65.0,91.0,4.0,4.0,2.0,89.0,Bad
3361,91.0,166.0,35.0,121.0,10.0,0.0,0.0,100.0,-7.0,7,8,10.0,0.0,40.0,-8.0,0.0,0.0,10.0,38.0,1.0,3.0,0.0,67.0,Good
7550,84.0,380.0,12.0,159.0,21.0,0.0,0.0,100.0,-7.0,7,8,21.0,0.0,10.0,-7.0,0.0,0.0,13.0,61.0,3.0,1.0,1.0,50.0,Good
4462,66.0,54.0,6.0,28.0,10.0,1.0,1.0,100.0,-7.0,7,8,10.0,1.0,50.0,-7.0,2.0,2.0,74.0,57.0,3.0,2.0,1.0,83.0,Bad
8423,75.0,293.0,9.0,143.0,9.0,0.0,0.0,89.0,11.0,4,6,9.0,2.0,22.0,0.0,0.0,0.0,59.0,78.0,3.0,1.0,1.0,57.0,Bad
5777,81.0,154.0,21.0,73.0,13.0,0.0,0.0,100.0,-7.0,7,8,13.0,0.0,23.0,0.0,0.0,0.0,46.0,-8.0,4.0,-8.0,0.0,67.0,Bad
5635,79.0,156.0,156.0,156.0,1.0,0.0,0.0,100.0,-7.0,7,8,1.0,0.0,100.0,0.0,0.0,0.0,-8.0,-8.0,-8.0,1.0,-8.0,100.0,Bad
10352,84.0,179.0,6.0,77.0,18.0,0.0,0.0,100.0,-7.0,7,8,18.0,3.0,17.0,9.0,0.0,0.0,3.0,-8.0,1.0,2.0,0.0,43.0,Good
6401,69.0,98.0,1.0,37.0,8.0,0.0,0.0,100.0,-7.0,7,8,12.0,5.0,42.0,0.0,2.0,2.0,51.0,91.0,3.0,2.0,1.0,71.0,Good
8027,88.0,132.0,32.0,82.0,7.0,0.0,0.0,100.0,-7.0,7,8,7.0,0.0,29.0,-8.0,0.0,0.0,1.0,59.0,1.0,2.0,0.0,60.0,Good
8952,61.0,66.0,5.0,39.0,16.0,1.0,1.0,90.0,23.0,5,6,21.0,1.0,75.0,0.0,1.0,1.0,101.0,79.0,3.0,4.0,1.0,100.0,Bad
4815,60.0,305.0,3.0,115.0,16.0,2.0,2.0,63.0,5.0,3,3,19.0,2.0,21.0,0.0,4.0,4.0,11.0,-8.0,4.0,1.0,0.0,73.0,Good
9449,55.0,313.0,21.0,119.0,18.0,2.0,1.0,64.0,3.0,3,4,22.0,0.0,36.0,0.0,1.0,1.0,55.0,56.0,6.0,2.0,5.0,75.0,Bad
9097,58.0,134.0,5.0,71.0,24.0,1.0,1.0,92.0,2.0,4,6,26.0,2.0,42.0,-7.0,2.0,2.0,28.0,54.0,6.0,1.0,0.0,78.0,Bad
5636,72.0,139.0,5.0,50.0,37.0,2.0,2.0,95.0,39.0,6,3,42.0,5.0,27.0,0.0,6.0,6.0,12.0,95.0,4.0,3.0,0.0,36.0,Bad
8134,78.0,294.0,3.0,71.0,28.0,0.0,0.0,100.0,-7.0,7,8,28.0,3.0,29.0,2.0,2.0,2.0,51.0,6.0,6.0,2.0,2.0,73.0,Good
6289,73.0,203.0,4.0,90.0,34.0,1.0,1.0,100.0,-7.0,6,8,34.0,3.0,12.0,5.0,0.0,0.0,1.0,-8.0,5.0,1.0,0.0,50.0,Bad
9879,81.0,163.0,22.0,55.0,24.0,0.0,0.0,92.0,16.0,6,6,24.0,0.0,25.0,0.0,0.0,0.0,0.0,-8.0,1.0,2.0,0.0,33.0,Bad
349,58.0,162.0,8.0,65.0,21.0,1.0,1.0,100.0,-7.0,0,8,22.0,1.0,33.0,0.0,1.0,1.0,44.0,54.0,4.0,3.0,1.0,78.0,Bad
7778,85.0,175.0,9.0,79.0,21.0,0.0,0.0,100.0,-7.0,7,8,21.0,1.0,10.0,1.0,2.0,2.0,8.0,-8.0,1.0,1.0,0.0,25.0,Good
8155,82.0,241.0,2.0,93.0,21.0,0.0,0.0,100.0,-7.0,7,8,22.0,1.0,32.0,1.0,1.0,1.0,12.0,98.0,3.0,2.0,1.0,56.0,Good
734,68.0,116.0,1.0,51.0,20.0,0.0,0.0,100.0,-7.0,7,8,21.0,2.0,24.0,0.0,2.0,2.0,50.0,-8.0,6.0,1.0,2.0,64.0,Bad
3985,76.0,155.0,10.0,133.0,36.0,2.0,2.0,97.0,79.0,6,2,19.0,1.0,43.0,3.0,1.0,1.0,6.0,69.0,4.0,3.0,0.0,41.0,Good
8677,73.0,317.0,1.0,92.0,34.0,0.0,0.0,100.0,-7.0,7,8,36.0,3.0,17.0,0.0,7.0,7.0,24.0,80.0,5.0,2.0,1.0,50.0,Bad
9596,75.0,136.0,33.0,74.0,17.0,0.0,0.0,100.0,-7.0,7,8,25.0,0.0,65.0,2.0,1.0,1.0,83.0,165.0,1.0,9.0,1.0,77.0,Bad
8591,66.0,96.0,6.0,32.0,13.0,0.0,0.0,93.0,20.0,6,6,14.0,4.0,14.0,5.0,0.0,0.0,33.0,-8.0,4.0,1.0,1.0,71.0,Good
2066,67.0,234.0,3.0,96.0,43.0,0.0,0.0,100.0,-7.0,7,8,43.0,3.0,12.0,0.0,1.0,1.0,79.0,24.0,23.0,4.0,11.0,87.0,Bad
5877,-9.0,-9.0,-9.0,-9.0,-9.0,-9.0,-9.0,-9.0,-9.0,-9,-9,-9.0,-9.0,-9.0,-9.0,-9.0,-9.0,-9.0,-9.0,-9.0,-9.0,-9.0,-9.0,Good
6325,77.0,318.0,2.0,172.0,16.0,0.0,0.0,100.0,-7.0,7,8,17.0,2.0,29.0,0.0,0.0,0.0,48.0,100.0,9.0,2.0,2.0,92.0,Good
10299,61.0,206.0,5.0,89.0,30.0,0.0,0.0,90.0,34.0,6,6,30.0,2.0,20.0,0.0,1.0,1.0,61.0,28.0,10.0,2.0,5.0,72.0,Bad
5123,91.0,296.0,49.0,163.0,14.0,0.0,0.0,100.0,-7.0,7,8,15.0,0.0,20.0,-8.0,0.0,0.0,2.0,-8.0,1.0,-8.0,0.0,17.0,Good
1925,82.0,177.0,5.0,54.0,25.0,0.0,0.0,96.0,-8.0,6,6,26.0,4.0,42.0,0.0,1.0,1.0,9.0,77.0,4.0,2.0,0.0,75.0,Bad
1215,-9.0,-9.0,-9.0,-9.0,-9.0,-9.0,-9.0,-9.0,-9.0,-9,-9,-9.0,-9.0,-9.0,-9.0,-9.0,-9.0,-9.0,-9.0,-9.0,-9.0,-9.0,-9.0,Bad
8245,64.0,363.0,8.0,101.0,33.0,1.0,0.0,74.0,8.0,4,5,35.0,1.0,31.0,0.0,1.0,1.0,31.0,92.0,3.0,2.0,1.0,42.0,Bad
7920,60.0,86.0,6.0,46.0,16.0,0.0,0.0,94.0,43.0,6,6,16.0,4.0,63.0,0.0,1.0,1.0,76.0,92.0,4.0,5.0,1.0,90.0,Bad
7647,64.0,212.0,2.0,61.0,33.0,1.0,0.0,87.0,11.0,4,5,39.0,7.0,49.0,-7.0,10.0,10.0,0.0,100.0,1.0,5.0,0.0,50.0,Bad
8194,61.0,247.0,4.0,95.0,36.0,0.0,0.0,92.0,1.0,4,6,39.0,1.0,59.0,0.0,1.0,1.0,87.0,99.0,8.0,4.0,3.0,93.0,Bad
10349,82.0,139.0,10.0,87.0,21.0,0.0,0.0,100.0,-7.0,7,8,22.0,2.0,27.0,1.0,2.0,2.0,12.0,42.0,1.0,2.0,0.0,44.0,Good
122,63.0,203.0,2.0,79.0,16.0,0.0,0.0,59.0,3.0,4,6,17.0,1.0,47.0,-7.0,3.0,3.0,55.0,77.0,7.0,3.0,1.0,91.0,Bad
4183,66.0,160.0,3.0,71.0,17.0,0.0,0.0,83.0,15.0,6,6,18.0,1.0,44.0,0.0,1.0,1.0,32.0,70.0,3.0,3.0,1.0,86.0,Bad
968,88.0,190.0,6.0,65.0,20.0,0.0,0.0,100.0,-7.0,7,8,21.0,1.0,14.0,5.0,1.0,1.0,0.0,50.0,4.0,2.0,0.0,46.0,Good
1670,65.0,29.0,9.0,18.0,10.0,0.0,0.0,100.0,-7.0,7,8,10.0,3.0,40.0,0.0,5.0,5.0,38.0,68.0,5.0,3.0,0.0,89.0,Good
8734,-9.0,-9.0,-9.0,-9.0,-9.0,-9.0,-9.0,-9.0,-9.0,-9,-9,-9.0,-9.0,-9.0,-9.0,-9.0,-9.0,-9.0,-9.0,-9.0,-9.0,-9.0,-9.0,Bad
6125,88.0,176.0,5.0,72.0,13.0,0.0,0.0,100.0,-7.0,7,8,13.0,1.0,31.0,0.0,0.0,0.0,4.0,80.0,1.0,1.0,0.0,40.0,Good
2928,78.0,117.0,1.0,57.0,29.0,0.0,0.0,100.0,-7.0,7,8,24.0,3.0,30.0,0.0,1.0,1.0,0.0,-8.0,0.0,2.0,0.0,20.0,Good
7653,82.0,258.0,8.0,118.0,22.0,1.0,0.0,91.0,78.0,6,5,23.0,2.0,43.0,-7.0,0.0,0.0,39.0,66.0,2.0,2.0,0.0,57.0,Good
7812,61.0,255.0,5.0,93.0,34.0,2.0,2.0,100.0,-7.0,6,8,34.0,2.0,53.0,1.0,7.0,7.0,68.0,73.0,7.0,4.0,4.0,79.0,Bad
665,86.0,255.0,3.0,90.0,25.0,0.0,0.0,96.0,59.0,6,6,26.0,2.0,46.0,8.0,0.0,0.0,1.0,85.0,3.0,2.0,0.0,42.0,Good
4013,68.0,-8.0,4.0,29.0,17.0,1.0,0.0,94.0,9.0,3,5,0.0,5.0,0.0,0.0,5.0,5.0,9.0,-8.0,4.0,-8.0,1.0,42.0,Good
4042,85.0,-8.0,1.0,97.0,32.0,0.0,0.0,100.0,-7.0,7,8,0.0,2.0,9.0,1.0,1.0,1.0,22.0,-8.0,4.0,-8.0,0.0,100.0,Good
4279,71.0,250.0,3.0,72.0,12.0,3.0,3.0,73.0,63.0,6,3,15.0,2.0,47.0,0.0,2.0,2.0,29.0,73.0,2.0,3.0,0.0,83.0,Bad
7467,69.0,172.0,2.0,67.0,26.0,0.0,0.0,96.0,2.0,4,6,27.0,1.0,33.0,0.0,6.0,5.0,18.0,-8.0,3.0,1.0,0.0,44.0,Bad
4656,85.0,189.0,16.0,89.0,17.0,0.0,0.0,100.0,-7.0,7,8,18.0,0.0,29.0,4.0,1.0,1.0,14.0,-8.0,3.0,2.0,0.0,56.0,Bad
6296,82.0,189.0,10.0,82.0,16.0,0.0,0.0,100.0,-7.0,7,8,16.0,1.0,44.0,3.0,1.0,1.0,12.0,-8.0,2.0,2.0,0.0,44.0,Good
6523,75.0,138.0,18.0,61.0,10.0,1.0,0.0,73.0,13.0,6,5,11.0,0.0,18.0,0.0,1.0,0.0,0.0,-8.0,1.0,1.0,1.0,50.0,Bad
5964,81.0,134.0,2.0,60.0,25.0,0.0,0.0,100.0,-7.0,7,8,27.0,2.0,15.0,-7.0,1.0,1.0,32.0,48.0,6.0,3.0,0.0,100.0,Good
1383,-9.0,-9.0,-9.0,-9.0,-9.0,-9.0,-9.0,-9.0,-9.0,-9,-9,-9.0,-9.0,-9.0,-9.0,-9.0,-9.0,-9.0,-9.0,-9.0,-9.0,-9.0,-9.0,Bad
2385,82.0,-8.0,24.0,91.0,15.0,1.0,0.0,94.0,57.0,6,5,0.0,0.0,31.0,-7.0,0.0,0.0,0.0,-8.0,2.0,1.0,0.0,50.0,Bad
5930,88.0,208.0,10.0,98.0,25.0,0.0,0.0,100.0,-7.0,7,8,25.0,2.0,52.0,-7.0,0.0,0.0,0.0,63.0,3.0,3.0,0.0,64.0,Good
8726,55.0,164.0,1.0,51.0,3.0,2.0,1.0,67.0,10.0,2,4,6.0,2.0,17.0,0.0,1.0,1.0,87.0,-8.0,3.0,1.0,2.0,100.0,Bad
5155,54.0,116.0,17.0,46.0,12.0,4.0,1.0,50.0,5.0,3,4,16.0,0.0,38.0,-7.0,2.0,1.0,81.0,-8.0,6.0,1.0,1.0,88.0,Bad
7645,66.0,172.0,10.0,90.0,44.0,0.0,0.0,100.0,-7.0,7,8,48.0,1.0,38.0,-7.0,2.0,1.0,65.0,85.0,12.0,2.0,8.0,82.0,Bad
7252,68.0,161.0,8.0,50.0,4.0,0.0,0.0,100.0,-7.0,7,8,4.0,1.0,0.0,0.0,0.0,0.0,87.0,-8.0,4.0,-8.0,3.0,100.0,Bad
9282,77.0,510.0,14.0,174.0,25.0,2.0,2.0,100.0,-7.0,6,8,26.0,0.0,15.0,14.0,0.0,0.0,4.0,64.0,4.0,1.0,1.0,46.0,Good
9707,86.0,178.0,7.0,75.0,19.0,0.0,0.0,100.0,-7.0,7,8,19.0,2.0,16.0,0.0,1.0,1.0,11.0,-8.0,6.0,-8.0,0.0,46.0,Good
4898,80.0,206.0,1.0,68.0,19.0,0.0,0.0,100.0,-7.0,7,8,21.0,4.0,52.0,1.0,2.0,2.0,25.0,89.0,4.0,3.0,0.0,70.0,Bad
2827,64.0,-8.0,10.0,43.0,14.0,0.0,0.0,93.0,38.0,6,6,0.0,2.0,53.0,0.0,2.0,2.0,81.0,92.0,4.0,2.0,1.0,86.0,Bad
1224,-9.0,-9.0,-9.0,-9.0,-9.0,-9.0,-9.0,-9.0,-9.0,-9,-9,-9.0,-9.0,-9.0,-9.0,-9.0,-9.0,-9.0,-9.0,-9.0,-9.0,-9.0,-9.0,Bad
7503,60.0,115.0,4.0,48.0,18.0,1.0,0.0,89.0,1.0,3,5,19.0,4.0,58.0,-7.0,4.0,4.0,44.0,81.0,4.0,3.0,1.0,88.0,Bad
5202,66.0,106.0,2.0,45.0,21.0,0.0,0.0,100.0,-7.0,7,8,23.0,3.0,87.0,1.0,1.0,1.0,79.0,94.0,1.0,5.0,1.0,100.0,Bad
9,61.0,79.0,4.0,36.0,19.0,0.0,0.0,95.0,5.0,4,6,19.0,3.0,26.0,0.0,6.0,6.0,31.0,86.0,5.0,3.0,1.0,62.0,Bad
5391,66.0,174.0,1.0,75.0,38.0,0.0,0.0,100.0,-7.0,7,8,40.0,5.0,40.0,-7.0,6.0,6.0,77.0,60.0,4.0,8.0,3.0,75.0,Good
8805,84.0,213.0,9.0,76.0,17.0,0.0,0.0,100.0,-7.0,7,8,17.0,1.0,18.0,16.0,0.0,0.0,35.0,53.0,2.0,2.0,0.0,57.0,Good
10393,81.0,208.0,4.0,79.0,16.0,0.0,0.0,100.0,-7.0,7,8,16.0,2.0,31.0,7.0,0.0,0.0,22.0,77.0,2.0,3.0,0.0,63.0,Good
8249,64.0,287.0,3.0,68.0,28.0,0.0,0.0,93.0,77.0,6,6,29.0,6.0,24.0,0.0,5.0,5.0,37.0,90.0,8.0,2.0,1.0,67.0,Bad
2274,71.0,55.0,3.0,30.0,20.0,0.0,0.0,100.0,-7.0,7,8,14.0,4.0,45.0,-7.0,1.0,1.0,40.0,94.0,6.0,4.0,0.0,91.0,Good
9827,55.0,115.0,12.0,60.0,8.0,2.0,2.0,62.0,1.0,0,2,13.0,0.0,31.0,0.0,0.0,0.0,13.0,0.0,1.0,2.0,0.0,60.0,Good
5688,62.0,33.0,2.0,14.0,9.0,0.0,0.0,100.0,-7.0,7,8,10.0,6.0,20.0,0.0,3.0,3.0,73.0,85.0,2.0,2.0,1.0,63.0,Bad
16,61.0,256.0,19.0,68.0,14.0,0.0,0.0,87.0,0.0,4,6,15.0,0.0,33.0,0.0,2.0,1.0,62.0,68.0,3.0,3.0,1.0,86.0,Bad
5518,87.0,138.0,6.0,89.0,13.0,0.0,0.0,100.0,-7.0,7,8,17.0,1.0,41.0,6.0,0.0,0.0,8.0,-8.0,2.0,1.0,0.0,75.0,Good
1316,-9.0,-9.0,-9.0,-9.0,-9.0,-9.0,-9.0,-9.0,-9.0,-9,-9,-9.0,-9.0,-9.0,-9.0,-9.0,-9.0,-9.0,-9.0,-9.0,-9.0,-9.0,-9.0,Bad
4600,75.0,109.0,3.0,50.0,21.0,0.0,0.0,95.0,28.0,6,6,21.0,6.0,71.0,-7.0,2.0,2.0,43.0,73.0,3.0,5.0,0.0,89.0,Bad
3046,73.0,321.0,23.0,59.0,21.0,0.0,0.0,100.0,-7.0,7,8,41.0,0.0,29.0,1.0,4.0,4.0,63.0,64.0,5.0,4.0,2.0,77.0,Bad
3826,84.0,188.0,12.0,78.0,30.0,0.0,0.0,100.0,-7.0,7,8,30.0,0.0,21.0,2.0,1.0,1.0,0.0,-8.0,1.0,2.0,1.0,75.0,Good
10202,62.0,80.0,3.0,31.0,7.0,2.0,1.0,78.0,59.0,6,2,9.0,3.0,22.0,0.0,3.0,3.0,25.0,80.0,4.0,2.0,0.0,86.0,Good
1457,-9.0,-9.0,-9.0,-9.0,-9.0,-9.0,-9.0,-9.0,-9.0,-9,-9,-9.0,-9.0,-9.0,-9.0,-9.0,-9.0,-9.0,-9.0,-9.0,-9.0,-9.0,-9.0,Good
5516,87.0,128.0,3.0,61.0,5.0,0.0,0.0,100.0,-7.0,7,8,5.0,1.0,40.0,0.0,2.0,2.0,0.0,-8.0,0.0,1.0,0.0,33.0,Good
6825,68.0,125.0,29.0,91.0,13.0,1.0,1.0,88.0,23.0,6,2,17.0,0.0,47.0,-8.0,0.0,0.0,-8.0,-8.0,1.0,1.0,0.0,100.0,Good
5150,55.0,224.0,0.0,123.0,38.0,2.0,0.0,93.0,1.0,3,5,45.0,1.0,28.0,-7.0,3.0,3.0,33.0,22.0,4.0,3.0,0.0,54.0,Bad
4268,83.0,165.0,3.0,74.0,26.0,0.0,0.0,100.0,-7.0,7,8,28.0,1.0,29.0,0.0,0.0,0.0,9.0,87.0,4.0,3.0,0.0,54.0,Good
9469,56.0,57.0,16.0,30.0,6.0,4.0,4.0,67.0,4.0,0,2,9.0,0.0,89.0,0.0,1.0,1.0,0.0,70.0,1.0,2.0,0.0,100.0,Bad
6487,77.0,216.0,4.0,91.0,39.0,0.0,0.0,100.0,-7.0,7,8,41.0,3.0,29.0,0.0,3.0,3.0,46.0,83.0,8.0,5.0,0.0,68.0,Good
8015,75.0,176.0,2.0,77.0,23.0,0.0,0.0,100.0,-7.0,7,8,28.0,3.0,43.0,1.0,1.0,1.0,46.0,86.0,5.0,2.0,2.0,78.0,Good
8271,72.0,79.0,4.0,43.0,13.0,0.0,0.0,100.0,-7.0,7,8,13.0,2.0,54.0,-7.0,3.0,3.0,84.0,-8.0,3.0,1.0,1.0,80.0,Bad
4782,82.0,274.0,15.0,112.0,15.0,0.0,0.0,100.0,-7.0,7,8,15.0,0.0,27.0,-8.0,0.0,0.0,38.0,-8.0,3.0,1.0,1.0,50.0,Good
5765,57.0,149.0,6.0,66.0,23.0,0.0,0.0,91.0,1.0,4,6,23.0,1.0,22.0,0.0,3.0,3.0,50.0,95.0,7.0,2.0,3.0,69.0,Bad
6373,72.0,152.0,2.0,62.0,9.0,1.0,1.0,100.0,-7.0,7,8,11.0,2.0,40.0,0.0,0.0,0.0,28.0,-8.0,1.0,1.0,0.0,40.0,Bad
6435,73.0,141.0,8.0,75.0,19.0,0.0,0.0,100.0,-7.0,7,8,19.0,1.0,42.0,0.0,0.0,0.0,99.0,91.0,1.0,2.0,1.0,100.0,Bad
3302,66.0,273.0,2.0,149.0,8.0,2.0,0.0,83.0,19.0,6,5,17.0,3.0,33.0,1.0,1.0,1.0,44.0,84.0,4.0,2.0,2.0,70.0,Good
3586,87.0,133.0,11.0,88.0,14.0,0.0,0.0,100.0,-7.0,7,8,22.0,1.0,14.0,22.0,0.0,0.0,3.0,14.0,1.0,1.0,0.0,67.0,Good
8547,67.0,-8.0,3.0,43.0,19.0,0.0,0.0,100.0,-7.0,7,8,22.0,2.0,27.0,14.0,0.0,0.0,53.0,41.0,6.0,4.0,3.0,71.0,Bad
2635,76.0,78.0,8.0,44.0,19.0,0.0,0.0,100.0,-7.0,7,8,11.0,3.0,42.0,-7.0,1.0,1.0,17.0,94.0,5.0,2.0,0.0,78.0,Good
9521,55.0,132.0,8.0,47.0,24.0,0.0,0.0,75.0,0.0,4,6,24.0,1.0,58.0,0.0,0.0,0.0,76.0,89.0,2.0,4.0,1.0,100.0,Bad
8168,78.0,139.0,9.0,74.0,13.0,0.0,0.0,100.0,-7.0,7,8,15.0,1.0,67.0,0.0,1.0,1.0,-8.0,-8.0,-8.0,1.0,-8.0,100.0,Bad
958,66.0,214.0,3.0,125.0,10.0,1.0,1.0,54.0,11.0,4,2,13.0,2.0,23.0,4.0,2.0,2.0,14.0,-8.0,3.0,1.0,0.0,67.0,Bad
2072,77.0,239.0,7.0,116.0,20.0,0.0,0.0,95.0,-8.0,6,6,21.0,1.0,19.0,0.0,1.0,1.0,34.0,-8.0,1.0,1.0,1.0,22.0,Bad
925,67.0,125.0,6.0,57.0,19.0,2.0,0.0,81.0,12.0,6,5,22.0,4.0,19.0,23.0,1.0,0.0,16.0,48.0,3.0,3.0,0.0,55.0,Good
5489,86.0,142.0,2.0,75.0,18.0,0.0,0.0,100.0,-7.0,7,8,19.0,1.0,37.0,10.0,0.0,0.0,2.0,-8.0,3.0,1.0,0.0,57.0,Good
8958,74.0,319.0,3.0,54.0,32.0,0.0,0.0,100.0,-7.0,7,8,32.0,4.0,31.0,0.0,4.0,4.0,69.0,33.0,6.0,3.0,2.0,90.0,Bad
6233,-9.0,-9.0,-9.0,-9.0,-9.0,-9.0,-9.0,-9.0,-9.0,-9,-9,-9.0,-9.0,-9.0,-9.0,-9.0,-9.0,-9.0,-9.0,-9.0,-9.0,-9.0,-9.0,Good
2983,73.0,201.0,2.0,93.0,54.0,2.0,2.0,97.0,52.0,6,6,57.0,8.0,19.0,3.0,4.0,4.0,7.0,93.0,8.0,2.0,2.0,56.0,Good
4963,84.0,219.0,18.0,61.0,10.0,0.0,0.0,100.0,-7.0,7,8,10.0,0.0,10.0,-8.0,0.0,0.0,13.0,-8.0,6.0,1.0,0.0,78.0,Good
6048,70.0,102.0,7.0,37.0,12.0,0.0,0.0,100.0,-7.0,7,8,12.0,1.0,33.0,16.0,0.0,0.0,74.0,87.0,6.0,3.0,1.0,100.0,Bad
9531,69.0,244.0,3.0,73.0,25.0,1.0,0.0,74.0,25.0,6,5,27.0,1.0,37.0,0.0,2.0,2.0,48.0,40.0,2.0,1.0,1.0,27.0,Bad
7660,77.0,175.0,39.0,90.0,9.0,0.0,0.0,100.0,-7.0,7,8,9.0,0.0,22.0,-7.0,2.0,2.0,65.0,-8.0,4.0,1.0,1.0,83.0,Good
6916,87.0,185.0,3.0,80.0,22.0,0.0,0.0,100.0,-7.0,7,8,25.0,2.0,40.0,3.0,1.0,1.0,17.0,27.0,2.0,2.0,0.0,50.0,Good
8314,84.0,273.0,16.0,92.0,23.0,0.0,0.0,100.0,-7.0,7,8,23.0,0.0,17.0,0.0,1.0,1.0,19.0,-8.0,2.0,2.0,0.0,40.0,Good
2598,89.0,346.0,46.0,130.0,11.0,0.0,0.0,100.0,-7.0,7,8,26.0,0.0,9.0,-7.0,1.0,1.0,2.0,-8.0,3.0,-8.0,0.0,50.0,Good
7487,76.0,131.0,21.0,67.0,15.0,1.0,0.0,81.0,11.0,3,5,16.0,0.0,19.0,-7.0,1.0,1.0,5.0,-8.0,1.0,1.0,1.0,50.0,Bad
2888,73.0,110.0,16.0,28.0,2.0,1.0,0.0,67.0,9.0,4,5,12.0,0.0,67.0,17.0,0.0,0.0,2.0,-8.0,1.0,1.0,0.0,100.0,Bad
489,56.0,308.0,7.0,98.0,23.0,8.0,7.0,75.0,12.0,0,2,28.0,1.0,46.0,-7.0,5.0,5.0,5.0,37.0,1.0,2.0,-8.0,43.0,Good
7737,-9.0,-9.0,-9.0,-9.0,-9.0,-9.0,-9.0,-9.0,-9.0,-9,-9,-9.0,-9.0,-9.0,-9.0,-9.0,-9.0,-9.0,-9.0,-9.0,-9.0,-9.0,-9.0,Good
5713,59.0,204.0,9.0,70.0,5.0,2.0,1.0,43.0,10.0,0,2,7.0,1.0,29.0,0.0,0.0,0.0,85.0,48.0,3.0,2.0,1.0,100.0,Bad
7134,59.0,321.0,9.0,140.0,26.0,1.0,1.0,83.0,11.0,4,6,29.0,1.0,34.0,0.0,4.0,4.0,78.0,83.0,10.0,2.0,5.0,100.0,Bad
2334,71.0,154.0,1.0,62.0,7.0,0.0,0.0,90.0,1.0,4,6,27.0,2.0,40.0,-7.0,3.0,2.0,14.0,-8.0,3.0,1.0,0.0,80.0,Bad
4407,83.0,158.0,27.0,93.0,15.0,0.0,0.0,100.0,-7.0,7,8,15.0,0.0,33.0,0.0,0.0,0.0,1.0,-8.0,1.0,1.0,0.0,50.0,Good
4074,83.0,242.0,1.0,92.0,35.0,0.0,0.0,100.0,-7.0,7,8,36.0,3.0,11.0,1.0,2.0,2.0,8.0,52.0,6.0,3.0,0.0,36.0,Bad
7975,87.0,263.0,3.0,73.0,21.0,0.0,0.0,100.0,-7.0,7,8,21.0,3.0,24.0,9.0,0.0,0.0,13.0,62.0,3.0,2.0,0.0,42.0,Good
4409,86.0,298.0,13.0,138.0,18.0,0.0,0.0,100.0,-7.0,7,8,18.0,0.0,22.0,0.0,0.0,0.0,8.0,54.0,7.0,2.0,0.0,64.0,Good
5343,65.0,249.0,2.0,70.0,32.0,1.0,1.0,94.0,14.0,6,6,33.0,2.0,18.0,-7.0,2.0,2.0,48.0,-8.0,8.0,1.0,1.0,45.0,Bad
6254,83.0,221.0,3.0,76.0,33.0,0.0,0.0,100.0,-7.0,7,8,35.0,3.0,21.0,4.0,1.0,1.0,7.0,61.0,3.0,3.0,0.0,29.0,Good
8211,70.0,347.0,20.0,104.0,22.0,0.0,0.0,82.0,3.0,4,6,22.0,0.0,41.0,0.0,1.0,1.0,14.0,35.0,2.0,4.0,0.0,75.0,Good
8692,50.0,23.0,7.0,15.0,5.0,0.0,0.0,80.0,5.0,4,6,5.0,2.0,40.0,0.0,2.0,2.0,76.0,-8.0,3.0,1.0,1.0,100.0,Bad
6868,76.0,109.0,10.0,50.0,14.0,0.0,0.0,100.0,-7.0,7,8,14.0,3.0,71.0,0.0,2.0,2.0,0.0,93.0,0.0,2.0,-8.0,40.0,Good
6159,76.0,102.0,24.0,46.0,7.0,0.0,0.0,100.0,-7.0,7,8,7.0,0.0,100.0,23.0,0.0,0.0,-8.0,24.0,-8.0,3.0,-8.0,100.0,Good
2991,65.0,159.0,28.0,49.0,11.0,0.0,0.0,91.0,14.0,6,6,22.0,0.0,27.0,9.0,0.0,0.0,52.0,-8.0,4.0,1.0,1.0,83.0,Bad
7508,56.0,246.0,7.0,83.0,18.0,1.0,1.0,77.0,3.0,1,3,23.0,1.0,36.0,-7.0,0.0,0.0,49.0,94.0,3.0,1.0,1.0,80.0,Bad
6018,77.0,216.0,8.0,137.0,10.0,0.0,0.0,100.0,-7.0,7,8,10.0,1.0,0.0,0.0,3.0,3.0,49.0,-8.0,4.0,-8.0,2.0,50.0,Bad
9845,57.0,171.0,2.0,50.0,16.0,1.0,1.0,89.0,9.0,4,2,19.0,3.0,21.0,0.0,4.0,4.0,49.0,79.0,9.0,3.0,2.0,71.0,Bad
6278,92.0,399.0,43.0,150.0,30.0,0.0,0.0,100.0,-7.0,7,8,30.0,0.0,3.0,-8.0,0.0,0.0,1.0,-8.0,4.0,1.0,0.0,33.0,Good
6071,77.0,324.0,7.0,76.0,31.0,0.0,0.0,100.0,-7.0,7,8,31.0,5.0,35.0,1.0,3.0,3.0,0.0,65.0,0.0,2.0,0.0,33.0,Bad
7724,80.0,344.0,4.0,92.0,35.0,0.0,0.0,94.0,59.0,6,6,38.0,3.0,26.0,10.0,0.0,0.0,17.0,86.0,5.0,2.0,0.0,39.0,Good
8307,74.0,236.0,30.0,93.0,17.0,0.0,0.0,94.0,74.0,6,6,18.0,0.0,29.0,0.0,1.0,1.0,47.0,18.0,2.0,2.0,1.0,50.0,Bad
7179,79.0,125.0,20.0,64.0,11.0,0.0,0.0,100.0,-7.0,7,8,12.0,0.0,33.0,0.0,1.0,1.0,22.0,-8.0,3.0,1.0,0.0,80.0,Good
817,70.0,207.0,0.0,74.0,22.0,0.0,0.0,100.0,-7.0,7,8,23.0,1.0,13.0,0.0,1.0,1.0,62.0,25.0,5.0,3.0,2.0,67.0,Good
2448,59.0,200.0,9.0,79.0,25.0,1.0,1.0,92.0,4.0,2,4,31.0,1.0,38.0,-7.0,1.0,1.0,78.0,74.0,3.0,3.0,2.0,86.0,Good
1783,64.0,25.0,1.0,9.0,5.0,1.0,1.0,100.0,-7.0,7,8,7.0,4.0,17.0,0.0,1.0,1.0,8.0,-8.0,2.0,1.0,0.0,75.0,Bad
2247,59.0,162.0,33.0,74.0,11.0,2.0,2.0,71.0,9.0,4,3,14.0,0.0,43.0,-7.0,0.0,0.0,83.0,17.0,4.0,3.0,1.0,100.0,Bad
1991,70.0,67.0,10.0,25.0,4.0,0.0,0.0,100.0,-7.0,7,8,4.0,3.0,75.0,0.0,0.0,0.0,98.0,101.0,1.0,2.0,1.0,100.0,Bad
463,64.0,150.0,8.0,48.0,23.0,0.0,0.0,96.0,23.0,6,6,23.0,2.0,61.0,0.0,2.0,2.0,65.0,96.0,2.0,6.0,1.0,73.0,Good
3612,77.0,195.0,22.0,87.0,24.0,0.0,0.0,100.0,-7.0,7,8,46.0,0.0,13.0,4.0,1.0,1.0,49.0,-8.0,6.0,1.0,1.0,58.0,Good
3202,66.0,310.0,3.0,67.0,55.0,0.0,0.0,100.0,-7.0,7,8,65.0,16.0,23.0,1.0,19.0,19.0,42.0,84.0,21.0,11.0,5.0,73.0,Bad
8495,70.0,-8.0,11.0,23.0,6.0,1.0,1.0,100.0,-7.0,6,8,6.0,1.0,33.0,-7.0,0.0,0.0,3.0,47.0,2.0,2.0,0.0,67.0,Bad
8521,74.0,-8.0,3.0,92.0,26.0,0.0,0.0,100.0,-7.0,7,8,28.0,3.0,32.0,-7.0,2.0,2.0,52.0,60.0,8.0,4.0,4.0,75.0,Good
1877,62.0,323.0,1.0,104.0,14.0,7.0,7.0,100.0,-7.0,0,8,24.0,2.0,18.0,0.0,1.0,1.0,4.0,100.0,3.0,1.0,0.0,36.0,Good
4897,82.0,175.0,5.0,74.0,29.0,0.0,0.0,100.0,-7.0,7,8,30.0,2.0,21.0,6.0,0.0,0.0,52.0,-8.0,1.0,1.0,0.0,67.0,Bad
7275,56.0,252.0,7.0,50.0,13.0,1.0,1.0,86.0,3.0,0,2,14.0,3.0,50.0,0.0,4.0,4.0,67.0,68.0,3.0,3.0,2.0,60.0,Bad
8102,74.0,435.0,4.0,192.0,12.0,0.0,0.0,77.0,18.0,6,6,13.0,1.0,8.0,-8.0,0.0,0.0,56.0,-8.0,2.0,-8.0,0.0,75.0,Good
2803,78.0,72.0,1.0,52.0,6.0,0.0,0.0,100.0,-7.0,7,8,1.0,1.0,43.0,-7.0,1.0,1.0,42.0,-8.0,2.0,2.0,1.0,80.0,Bad
6574,59.0,117.0,18.0,73.0,7.0,1.0,1.0,50.0,17.0,5,2,8.0,0.0,50.0,0.0,0.0,0.0,76.0,58.0,1.0,3.0,1.0,80.0,Bad
3754,59.0,141.0,1.0,65.0,23.0,0.0,0.0,96.0,1.0,4,6,25.0,4.0,16.0,0.0,4.0,4.0,0.0,95.0,3.0,2.0,0.0,43.0,Good
8009,64.0,157.0,3.0,66.0,38.0,0.0,0.0,95.0,24.0,6,6,42.0,4.0,45.0,1.0,2.0,2.0,32.0,80.0,3.0,3.0,1.0,75.0,Bad
3433,70.0,90.0,6.0,65.0,51.0,0.0,0.0,100.0,-7.0,7,8,17.0,4.0,16.0,4.0,2.0,1.0,14.0,43.0,10.0,3.0,3.0,42.0,Good
2308,76.0,185.0,4.0,69.0,32.0,0.0,0.0,97.0,25.0,6,6,34.0,3.0,13.0,-7.0,1.0,1.0,16.0,54.0,4.0,3.0,0.0,41.0,Good
9001,74.0,295.0,8.0,91.0,23.0,0.0,0.0,79.0,22.0,6,6,24.0,4.0,29.0,0.0,0.0,0.0,17.0,73.0,4.0,2.0,0.0,75.0,Good
7437,88.0,206.0,2.0,79.0,25.0,0.0,0.0,100.0,-7.0,7,8,27.0,3.0,56.0,0.0,3.0,3.0,0.0,74.0,0.0,3.0,-8.0,43.0,Good
10073,61.0,67.0,5.0,29.0,14.0,0.0,0.0,93.0,6.0,4,6,14.0,1.0,29.0,-7.0,1.0,1.0,73.0,86.0,1.0,2.0,1.0,75.0,Good
595,76.0,152.0,2.0,65.0,26.0,0.0,0.0,97.0,-7.0,5,7,29.0,4.0,34.0,-7.0,4.0,4.0,25.0,56.0,6.0,5.0,0.0,81.0,Bad
2365,59.0,94.0,4.0,33.0,31.0,0.0,0.0,94.0,11.0,4,6,31.0,3.0,29.0,-7.0,0.0,0.0,48.0,96.0,10.0,3.0,0.0,76.0,Bad
3381,79.0,210.0,7.0,96.0,24.0,0.0,0.0,92.0,6.0,4,6,24.0,1.0,21.0,0.0,2.0,2.0,18.0,45.0,4.0,3.0,0.0,58.0,Bad
3815,78.0,188.0,3.0,72.0,20.0,1.0,1.0,96.0,45.0,6,3,24.0,7.0,43.0,0.0,2.0,2.0,1.0,91.0,1.0,5.0,0.0,43.0,Good
61,63.0,174.0,1.0,62.0,11.0,1.0,0.0,79.0,5.0,3,5,14.0,1.0,29.0,0.0,5.0,5.0,37.0,101.0,5.0,2.0,2.0,70.0,Bad
235,82.0,154.0,1.0,82.0,35.0,0.0,0.0,100.0,-7.0,7,8,36.0,5.0,42.0,0.0,1.0,1.0,12.0,100.0,2.0,2.0,0.0,44.0,Good
5095,75.0,176.0,35.0,107.0,24.0,0.0,0.0,96.0,29.0,6,6,24.0,0.0,25.0,0.0,2.0,2.0,15.0,-8.0,4.0,2.0,0.0,60.0,Good
5495,72.0,501.0,1.0,140.0,45.0,0.0,0.0,98.0,4.0,4,6,49.0,5.0,11.0,0.0,1.0,1.0,4.0,-8.0,10.0,-8.0,0.0,37.0,Good
2227,62.0,132.0,7.0,69.0,31.0,0.0,0.0,100.0,-7.0,7,8,33.0,2.0,24.0,0.0,1.0,1.0,87.0,96.0,7.0,4.0,4.0,69.0,Bad
4830,59.0,115.0,4.0,56.0,25.0,0.0,0.0,96.0,2.0,4,6,25.0,4.0,44.0,3.0,1.0,1.0,64.0,53.0,2.0,3.0,1.0,50.0,Good
10334,70.0,155.0,5.0,86.0,13.0,1.0,0.0,63.0,14.0,6,5,16.0,1.0,31.0,4.0,1.0,1.0,44.0,-8.0,2.0,1.0,2.0,38.0,Good
9703,81.0,187.0,1.0,63.0,29.0,0.0,0.0,100.0,-7.0,7,8,31.0,6.0,45.0,1.0,2.0,2.0,15.0,22.0,5.0,5.0,0.0,53.0,Good
4959,72.0,244.0,0.0,109.0,25.0,0.0,0.0,100.0,-7.0,7,8,27.0,4.0,15.0,0.0,6.0,6.0,46.0,-8.0,5.0,2.0,1.0,50.0,Bad
1491,79.0,457.0,7.0,106.0,14.0,0.0,0.0,100.0,-7.0,7,8,14.0,1.0,7.0,0.0,0.0,0.0,30.0,86.0,12.0,1.0,1.0,100.0,Good
1067,67.0,106.0,7.0,63.0,24.0,0.0,0.0,100.0,-7.0,7,8,24.0,1.0,63.0,7.0,0.0,0.0,51.0,22.0,6.0,7.0,0.0,87.0,Good
7307,79.0,16.0,3.0,7.0,4.0,0.0,0.0,100.0,-7.0,7,8,5.0,4.0,40.0,0.0,2.0,2.0,8.0,-8.0,1.0,1.0,0.0,50.0,Good
8074,89.0,348.0,11.0,103.0,11.0,0.0,0.0,100.0,-7.0,7,8,11.0,1.0,27.0,10.0,0.0,0.0,10.0,83.0,3.0,1.0,0.0,57.0,Good
5231,57.0,172.0,56.0,116.0,10.0,12.0,12.0,58.0,20.0,0,2,21.0,0.0,17.0,0.0,0.0,0.0,12.0,-8.0,2.0,-8.0,-8.0,67.0,Bad
1169,-9.0,-9.0,-9.0,-9.0,-9.0,-9.0,-9.0,-9.0,-9.0,-9,-9,-9.0,-9.0,-9.0,-9.0,-9.0,-9.0,-9.0,-9.0,-9.0,-9.0,-9.0,-9.0,Bad
2034,68.0,261.0,15.0,104.0,25.0,0.0,0.0,96.0,65.0,6,6,25.0,0.0,24.0,0.0,1.0,1.0,78.0,20.0,7.0,3.0,4.0,83.0,Good
8674,72.0,113.0,10.0,77.0,21.0,5.0,5.0,73.0,36.0,6,2,26.0,1.0,15.0,0.0,2.0,2.0,4.0,-8.0,2.0,1.0,0.0,60.0,Bad
6533,75.0,394.0,2.0,75.0,47.0,0.0,0.0,98.0,29.0,6,6,55.0,5.0,24.0,0.0,5.0,5.0,13.0,49.0,8.0,3.0,2.0,42.0,Good
2174,54.0,137.0,7.0,77.0,3.0,13.0,12.0,43.0,8.0,4,2,16.0,1.0,43.0,0.0,0.0,0.0,13.0,93.0,1.0,1.0,0.0,67.0,Bad
1168,-9.0,-9.0,-9.0,-9.0,-9.0,-9.0,-9.0,-9.0,-9.0,-9,-9,-9.0,-9.0,-9.0,-9.0,-9.0,-9.0,-9.0,-9.0,-9.0,-9.0,-9.0,-9.0,Good
7250,81.0,287.0,4.0,105.0,23.0,0.0,0.0,100.0,-7.0,7,8,25.0,2.0,40.0,0.0,2.0,2.0,52.0,88.0,3.0,4.0,1.0,70.0,Bad
951,81.0,198.0,8.0,74.0,32.0,0.0,0.0,100.0,-7.0,6,7,33.0,1.0,64.0,15.0,0.0,0.0,17.0,38.0,3.0,2.0,0.0,63.0,Good
2739,92.0,252.0,60.0,186.0,13.0,0.0,0.0,100.0,-7.0,7,8,13.0,0.0,15.0,-7.0,0.0,0.0,0.0,-8.0,0.0,1.0,-8.0,20.0,Bad
5008,73.0,174.0,3.0,63.0,13.0,1.0,0.0,86.0,18.0,6,5,14.0,2.0,36.0,3.0,2.0,2.0,24.0,-8.0,2.0,1.0,0.0,75.0,Bad
3099,69.0,375.0,20.0,107.0,17.0,2.0,1.0,79.0,49.0,6,5,8.0,0.0,37.0,16.0,0.0,0.0,0.0,-8.0,0.0,2.0,0.0,50.0,Good
1540,61.0,79.0,2.0,39.0,29.0,0.0,0.0,84.0,10.0,4,6,32.0,4.0,47.0,0.0,4.0,4.0,24.0,102.0,7.0,4.0,1.0,85.0,Bad
1567,77.0,242.0,15.0,97.0,23.0,0.0,0.0,100.0,-7.0,7,8,23.0,0.0,4.0,0.0,0.0,0.0,44.0,-8.0,5.0,1.0,2.0,50.0,Good
6257,-9.0,-9.0,-9.0,-9.0,-9.0,-9.0,-9.0,-9.0,-9.0,-9,-9,-9.0,-9.0,-9.0,-9.0,-9.0,-9.0,-9.0,-9.0,-9.0,-9.0,-9.0,-9.0,Good
9096,65.0,12.0,12.0,12.0,1.0,0.0,0.0,100.0,-7.0,7,8,1.0,0.0,100.0,-7.0,1.0,1.0,-8.0,92.0,-8.0,1.0,-8.0,100.0,Bad
3614,68.0,327.0,2.0,94.0,32.0,0.0,0.0,97.0,59.0,6,6,12.0,1.0,19.0,5.0,1.0,1.0,62.0,59.0,9.0,2.0,2.0,63.0,Bad
9403,80.0,263.0,6.0,106.0,26.0,0.0,0.0,92.0,14.0,6,6,26.0,2.0,23.0,-8.0,0.0,0.0,14.0,17.0,4.0,2.0,1.0,54.0,Good
2083,72.0,119.0,1.0,33.0,19.0,0.0,0.0,100.0,-7.0,7,8,20.0,3.0,40.0,0.0,0.0,0.0,37.0,-8.0,9.0,2.0,0.0,85.0,Bad
10228,75.0,193.0,3.0,73.0,53.0,0.0,0.0,100.0,-7.0,7,8,58.0,5.0,17.0,0.0,3.0,3.0,5.0,-8.0,9.0,2.0,0.0,42.0,Good
7976,84.0,169.0,11.0,87.0,14.0,0.0,0.0,100.0,-7.0,7,8,14.0,1.0,57.0,-8.0,0.0,0.0,17.0,69.0,1.0,4.0,0.0,83.0,Good
599,74.0,193.0,1.0,91.0,19.0,0.0,0.0,100.0,-7.0,7,8,22.0,2.0,18.0,-7.0,1.0,1.0,90.0,79.0,6.0,2.0,4.0,73.0,Bad
3359,84.0,170.0,1.0,66.0,19.0,0.0,0.0,100.0,-7.0,7,8,22.0,2.0,15.0,0.0,10.0,10.0,0.0,96.0,1.0,2.0,-8.0,30.0,Good
8238,68.0,514.0,14.0,104.0,14.0,0.0,0.0,94.0,10.0,4,6,16.0,0.0,50.0,0.0,0.0,0.0,42.0,-8.0,4.0,-8.0,0.0,80.0,Bad
8007,87.0,213.0,2.0,71.0,40.0,0.0,0.0,100.0,-7.0,6,7,43.0,5.0,40.0,4.0,1.0,1.0,2.0,95.0,5.0,2.0,0.0,47.0,Good
6163,-9.0,-9.0,-9.0,-9.0,-9.0,-9.0,-9.0,-9.0,-9.0,-9,-9,-9.0,-9.0,-9.0,-9.0,-9.0,-9.0,-9.0,-9.0,-9.0,-9.0,-9.0,-9.0,Bad
532,70.0,62.0,1.0,31.0,24.0,0.0,0.0,100.0,-7.0,7,8,28.0,6.0,29.0,-7.0,12.0,12.0,34.0,88.0,3.0,8.0,1.0,85.0,Bad
7444,54.0,111.0,19.0,57.0,10.0,1.0,0.0,55.0,10.0,4,5,11.0,0.0,45.0,0.0,0.0,0.0,84.0,66.0,4.0,3.0,3.0,100.0,Bad
2924,68.0,77.0,13.0,109.0,17.0,1.0,1.0,78.0,10.0,0,2,3.0,0.0,33.0,13.0,0.0,0.0,20.0,-8.0,6.0,1.0,1.0,78.0,Bad
2879,86.0,166.0,12.0,81.0,12.0,0.0,0.0,100.0,-7.0,7,8,18.0,0.0,17.0,-8.0,0.0,0.0,2.0,98.0,4.0,1.0,0.0,83.0,Good
7152,76.0,165.0,9.0,81.0,18.0,0.0,0.0,100.0,-7.0,7,8,23.0,2.0,61.0,0.0,1.0,1.0,52.0,48.0,2.0,4.0,0.0,78.0,Good
8250,67.0,323.0,3.0,111.0,16.0,5.0,3.0,73.0,54.0,6,2,22.0,2.0,59.0,0.0,2.0,2.0,0.0,74.0,0.0,4.0,0.0,71.0,Bad
3249,73.0,46.0,1.0,123.0,30.0,0.0,0.0,94.0,12.0,6,6,7.0,3.0,12.0,7.0,0.0,0.0,26.0,66.0,9.0,2.0,0.0,55.0,Good
9769,77.0,186.0,35.0,73.0,9.0,1.0,1.0,90.0,-8.0,6,4,10.0,0.0,30.0,0.0,0.0,0.0,0.0,11.0,2.0,1.0,0.0,43.0,Bad
7718,67.0,164.0,10.0,77.0,46.0,1.0,1.0,98.0,5.0,4,6,50.0,1.0,18.0,8.0,0.0,0.0,24.0,68.0,12.0,2.0,1.0,54.0,Bad
900,88.0,513.0,5.0,133.0,25.0,0.0,0.0,100.0,-7.0,7,8,25.0,1.0,16.0,14.0,0.0,0.0,2.0,-8.0,3.0,-8.0,1.0,25.0,Good
6754,67.0,151.0,3.0,67.0,22.0,1.0,0.0,96.0,33.0,6,5,28.0,3.0,61.0,1.0,6.0,6.0,52.0,69.0,4.0,5.0,2.0,82.0,Good
931,69.0,155.0,20.0,55.0,11.0,1.0,1.0,93.0,29.0,5,2,14.0,0.0,36.0,-8.0,0.0,0.0,24.0,49.0,3.0,3.0,0.0,86.0,Good
2054,68.0,238.0,20.0,72.0,31.0,2.0,2.0,91.0,3.0,0,2,33.0,0.0,21.0,0.0,0.0,0.0,20.0,62.0,5.0,2.0,1.0,44.0,Bad
1729,84.0,332.0,1.0,152.0,33.0,0.0,0.0,100.0,-7.0,7,8,35.0,2.0,29.0,0.0,2.0,2.0,3.0,73.0,2.0,3.0,0.0,39.0,Good
7981,84.0,217.0,19.0,94.0,25.0,0.0,0.0,100.0,-7.0,7,8,25.0,0.0,12.0,20.0,0.0,0.0,13.0,-8.0,1.0,-8.0,0.0,17.0,Good
3563,66.0,92.0,3.0,63.0,30.0,1.0,0.0,94.0,4.0,3,5,10.0,4.0,32.0,2.0,4.0,4.0,4.0,73.0,4.0,2.0,0.0,43.0,Good
5262,81.0,79.0,9.0,45.0,12.0,0.0,0.0,100.0,-7.0,7,8,16.0,2.0,44.0,0.0,0.0,0.0,7.0,82.0,3.0,2.0,0.0,56.0,Bad
6320,68.0,169.0,3.0,74.0,9.0,2.0,1.0,73.0,33.0,6,2,11.0,1.0,45.0,0.0,1.0,1.0,10.0,101.0,1.0,2.0,-8.0,75.0,Bad
5273,61.0,176.0,6.0,83.0,29.0,0.0,0.0,94.0,1.0,4,6,31.0,2.0,35.0,0.0,0.0,0.0,67.0,22.0,9.0,3.0,3.0,86.0,Bad
6921,69.0,154.0,5.0,55.0,26.0,2.0,0.0,86.0,3.0,4,5,28.0,2.0,14.0,12.0,0.0,0.0,17.0,-8.0,4.0,1.0,0.0,36.0,Good
890,-9.0,-9.0,-9.0,-9.0,-9.0,-9.0,-9.0,-9.0,-9.0,-9,-9,-9.0,-9.0,-9.0,-9.0,-9.0,-9.0,-9.0,-9.0,-9.0,-9.0,-9.0,-9.0,Bad
1193,-9.0,-9.0,-9.0,-9.0,-9.0,-9.0,-9.0,-9.0,-9.0,-9,-9,-9.0,-9.0,-9.0,-9.0,-9.0,-9.0,-9.0,-9.0,-9.0,-9.0,-9.0,-9.0,Good
10436,82.0,115.0,4.0,58.0,24.0,1.0,0.0,96.0,50.0,6,5,25.0,4.0,52.0,4.0,1.0,1.0,2.0,52.0,1.0,4.0,0.0,71.0,Good
317,75.0,78.0,3.0,41.0,6.0,0.0,0.0,100.0,-7.0,7,8,6.0,1.0,67.0,0.0,4.0,4.0,56.0,101.0,2.0,1.0,0.0,100.0,Bad
2865,68.0,146.0,2.0,75.0,36.0,3.0,3.0,92.0,12.0,0,6,50.0,3.0,41.0,16.0,0.0,0.0,3.0,92.0,4.0,3.0,0.0,58.0,Good
6082,79.0,170.0,31.0,86.0,4.0,0.0,0.0,100.0,-7.0,7,8,4.0,0.0,25.0,-8.0,0.0,0.0,71.0,-8.0,3.0,1.0,1.0,100.0,Good
2216,65.0,195.0,3.0,94.0,29.0,0.0,0.0,97.0,2.0,4,6,29.0,2.0,17.0,0.0,1.0,1.0,31.0,-8.0,6.0,1.0,2.0,47.0,Good
9109,72.0,189.0,8.0,125.0,33.0,0.0,0.0,95.0,41.0,6,6,42.0,1.0,55.0,-7.0,1.0,0.0,66.0,20.0,4.0,5.0,2.0,67.0,Bad
1412,-9.0,-9.0,-9.0,-9.0,-9.0,-9.0,-9.0,-9.0,-9.0,-9,-9,-9.0,-9.0,-9.0,-9.0,-9.0,-9.0,-9.0,-9.0,-9.0,-9.0,-9.0,-9.0,Good
8565,77.0,51.0,4.0,29.0,19.0,0.0,0.0,100.0,-7.0,7,8,22.0,1.0,32.0,1.0,2.0,2.0,0.0,95.0,2.0,3.0,0.0,64.0,Bad
3234,65.0,181.0,5.0,12.0,3.0,0.0,0.0,100.0,-7.0,7,8,5.0,2.0,100.0,1.0,1.0,1.0,-8.0,98.0,-8.0,3.0,-8.0,100.0,Good
3153,69.0,231.0,8.0,77.0,22.0,0.0,0.0,100.0,-7.0,7,8,70.0,3.0,14.0,1.0,5.0,5.0,97.0,-8.0,8.0,-8.0,7.0,100.0,Bad
8578,74.0,265.0,6.0,79.0,28.0,0.0,0.0,100.0,-7.0,7,8,30.0,2.0,53.0,8.0,0.0,0.0,96.0,92.0,2.0,4.0,2.0,88.0,Good
9867,85.0,140.0,11.0,75.0,16.0,0.0,0.0,100.0,-7.0,7,8,16.0,1.0,31.0,0.0,0.0,0.0,13.0,20.0,2.0,2.0,0.0,67.0,Good
9897,59.0,237.0,6.0,89.0,23.0,0.0,0.0,71.0,10.0,4,6,24.0,1.0,25.0,0.0,0.0,0.0,68.0,58.0,10.0,2.0,4.0,81.0,Bad
6304,62.0,170.0,8.0,78.0,53.0,1.0,1.0,100.0,-7.0,6,8,58.0,5.0,24.0,0.0,2.0,2.0,39.0,90.0,3.0,4.0,3.0,50.0,Bad
6597,74.0,173.0,4.0,96.0,37.0,0.0,0.0,100.0,-7.0,6,7,38.0,4.0,45.0,-7.0,3.0,3.0,41.0,97.0,3.0,2.0,0.0,36.0,Good
7689,59.0,126.0,12.0,58.0,18.0,2.0,1.0,85.0,5.0,2,4,24.0,0.0,30.0,0.0,10.0,10.0,95.0,42.0,5.0,3.0,2.0,80.0,Good
5464,80.0,51.0,30.0,41.0,9.0,0.0,0.0,100.0,-7.0,7,8,9.0,0.0,33.0,8.0,0.0,0.0,18.0,-8.0,2.0,1.0,1.0,60.0,Good
2517,91.0,-8.0,7.0,97.0,19.0,0.0,0.0,100.0,-7.0,7,8,0.0,1.0,47.0,-7.0,1.0,1.0,0.0,-8.0,2.0,1.0,0.0,75.0,Good
2231,59.0,42.0,1.0,18.0,11.0,2.0,2.0,100.0,-7.0,7,8,14.0,4.0,58.0,0.0,1.0,1.0,59.0,89.0,4.0,4.0,1.0,89.0,Bad
5350,-9.0,-9.0,-9.0,-9.0,-9.0,-9.0,-9.0,-9.0,-9.0,-9,-9,-9.0,-9.0,-9.0,-9.0,-9.0,-9.0,-9.0,-9.0,-9.0,-9.0,-9.0,-9.0,Good
4918,85.0,308.0,11.0,91.0,28.0,0.0,0.0,100.0,-7.0,7,8,29.0,1.0,34.0,18.0,0.0,0.0,13.0,51.0,2.0,4.0,0.0,60.0,Good
6020,64.0,156.0,2.0,60.0,22.0,0.0,0.0,91.0,16.0,6,6,23.0,3.0,13.0,2.0,3.0,3.0,74.0,91.0,7.0,3.0,1.0,91.0,Good
5023,84.0,269.0,13.0,146.0,29.0,0.0,0.0,97.0,56.0,6,6,31.0,0.0,39.0,0.0,2.0,2.0,0.0,64.0,3.0,1.0,0.0,36.0,Good
1975,87.0,302.0,14.0,151.0,20.0,0.0,0.0,100.0,-7.0,7,8,20.0,0.0,30.0,0.0,0.0,0.0,18.0,-8.0,3.0,2.0,0.0,50.0,Good
5032,77.0,265.0,4.0,84.0,23.0,1.0,0.0,80.0,8.0,4,5,25.0,4.0,20.0,4.0,1.0,1.0,2.0,-8.0,3.0,1.0,0.0,36.0,Bad
3459,62.0,438.0,5.0,74.0,27.0,1.0,1.0,93.0,2.0,1,3,57.0,3.0,31.0,0.0,2.0,2.0,10.0,119.0,3.0,2.0,0.0,50.0,Good
4952,66.0,417.0,17.0,165.0,7.0,1.0,0.0,89.0,3.0,4,5,9.0,0.0,56.0,16.0,0.0,0.0,93.0,80.0,2.0,1.0,1.0,100.0,Bad
1307,-9.0,-9.0,-9.0,-9.0,-9.0,-9.0,-9.0,-9.0,-9.0,-9,-9,-9.0,-9.0,-9.0,-9.0,-9.0,-9.0,-9.0,-9.0,-9.0,-9.0,-9.0,-9.0,Good
4901,91.0,450.0,29.0,196.0,12.0,0.0,0.0,100.0,-7.0,7,8,12.0,0.0,8.0,-8.0,0.0,0.0,6.0,-8.0,2.0,-8.0,0.0,67.0,Good
10433,72.0,202.0,2.0,62.0,28.0,0.0,0.0,83.0,7.0,4,6,30.0,3.0,24.0,2.0,2.0,2.0,6.0,63.0,2.0,2.0,0.0,33.0,Good
10420,-9.0,-9.0,-9.0,-9.0,-9.0,-9.0,-9.0,-9.0,-9.0,-9,-9,-9.0,-9.0,-9.0,-9.0,-9.0,-9.0,-9.0,-9.0,-9.0,-9.0,-9.0,-9.0,Bad
4140,54.0,209.0,55.0,97.0,19.0,8.0,6.0,56.0,23.0,6,2,27.0,0.0,7.0,0.0,0.0,0.0,14.0,-8.0,4.0,1.0,0.0,33.0,Bad
481,66.0,205.0,2.0,43.0,10.0,0.0,0.0,100.0,-7.0,7,8,11.0,3.0,64.0,0.0,3.0,3.0,100.0,53.0,2.0,4.0,2.0,100.0,Bad
6494,65.0,77.0,13.0,52.0,11.0,3.0,3.0,83.0,44.0,6,4,14.0,0.0,58.0,0.0,0.0,0.0,71.0,-8.0,2.0,1.0,2.0,60.0,Bad
7305,75.0,80.0,12.0,42.0,15.0,0.0,0.0,100.0,-7.0,7,8,15.0,0.0,53.0,0.0,2.0,1.0,39.0,77.0,2.0,1.0,0.0,50.0,Good
10242,84.0,292.0,9.0,75.0,22.0,0.0,0.0,100.0,-7.0,7,8,24.0,2.0,13.0,22.0,0.0,0.0,16.0,71.0,5.0,2.0,0.0,58.0,Good
3020,56.0,136.0,3.0,8.0,11.0,0.0,0.0,100.0,-7.0,7,8,29.0,9.0,18.0,0.0,13.0,13.0,27.0,90.0,5.0,2.0,0.0,64.0,Bad
6753,70.0,192.0,3.0,59.0,13.0,1.0,0.0,86.0,2.0,4,5,14.0,1.0,36.0,3.0,1.0,1.0,36.0,51.0,1.0,3.0,0.0,50.0,Bad
7233,68.0,308.0,4.0,64.0,41.0,0.0,0.0,95.0,55.0,6,6,42.0,3.0,48.0,0.0,2.0,2.0,56.0,82.0,8.0,5.0,2.0,87.0,Good
7156,73.0,413.0,4.0,111.0,41.0,0.0,0.0,100.0,-7.0,7,8,43.0,4.0,30.0,0.0,4.0,4.0,4.0,-8.0,3.0,1.0,1.0,25.0,Good
8369,58.0,227.0,16.0,124.0,27.0,0.0,0.0,93.0,28.0,6,6,29.0,0.0,14.0,0.0,0.0,0.0,81.0,-8.0,12.0,1.0,10.0,82.0,Bad
5687,55.0,306.0,4.0,100.0,28.0,4.0,4.0,93.0,38.0,0,6,29.0,2.0,25.0,0.0,1.0,1.0,60.0,77.0,11.0,3.0,8.0,70.0,Bad
6137,76.0,393.0,1.0,112.0,40.0,0.0,0.0,100.0,-7.0,7,8,43.0,5.0,12.0,2.0,1.0,1.0,20.0,86.0,10.0,2.0,2.0,57.0,Good
4020,69.0,180.0,23.0,92.0,25.0,0.0,0.0,92.0,8.0,6,6,29.0,0.0,16.0,6.0,0.0,0.0,12.0,59.0,4.0,2.0,1.0,70.0,Bad
2079,61.0,163.0,1.0,46.0,22.0,0.0,0.0,96.0,33.0,6,6,23.0,4.0,35.0,0.0,4.0,4.0,87.0,76.0,7.0,3.0,4.0,67.0,Bad
1432,-9.0,-9.0,-9.0,-9.0,-9.0,-9.0,-9.0,-9.0,-9.0,-9,-9,-9.0,-9.0,-9.0,-9.0,-9.0,-9.0,-9.0,-9.0,-9.0,-9.0,-9.0,-9.0,Good
3054,73.0,153.0,3.0,15.0,7.0,0.0,0.0,100.0,-7.0,7,8,14.0,3.0,29.0,2.0,2.0,2.0,11.0,98.0,3.0,1.0,0.0,80.0,Good
5253,84.0,204.0,3.0,91.0,22.0,0.0,0.0,100.0,-7.0,7,8,22.0,1.0,32.0,0.0,2.0,2.0,70.0,85.0,3.0,3.0,2.0,55.0,Bad
2673,80.0,201.0,4.0,93.0,28.0,1.0,0.0,97.0,37.0,6,5,9.0,2.0,7.0,-7.0,0.0,0.0,11.0,99.0,4.0,1.0,0.0,33.0,Good
2259,63.0,202.0,6.0,31.0,9.0,2.0,2.0,90.0,34.0,6,2,25.0,4.0,20.0,-7.0,1.0,1.0,49.0,81.0,6.0,2.0,1.0,89.0,Good
356,81.0,155.0,9.0,63.0,18.0,0.0,0.0,100.0,-7.0,7,8,19.0,2.0,28.0,0.0,2.0,2.0,3.0,-8.0,3.0,2.0,0.0,50.0,Bad
10031,73.0,159.0,7.0,60.0,16.0,0.0,0.0,94.0,15.0,6,6,16.0,3.0,44.0,-7.0,0.0,0.0,72.0,94.0,5.0,2.0,0.0,100.0,Bad
4576,78.0,108.0,2.0,43.0,17.0,0.0,0.0,100.0,-7.0,7,8,18.0,4.0,39.0,-7.0,2.0,2.0,15.0,50.0,4.0,3.0,1.0,78.0,Good
3776,74.0,198.0,4.0,53.0,11.0,1.0,1.0,92.0,62.0,6,2,12.0,1.0,33.0,4.0,2.0,2.0,3.0,-8.0,2.0,1.0,0.0,43.0,Good
3661,86.0,265.0,3.0,137.0,21.0,0.0,0.0,100.0,-7.0,7,8,37.0,2.0,19.0,2.0,1.0,1.0,5.0,19.0,3.0,2.0,0.0,42.0,Good
10269,72.0,210.0,7.0,76.0,25.0,0.0,0.0,92.0,23.0,6,6,25.0,3.0,40.0,0.0,3.0,3.0,25.0,79.0,3.0,3.0,1.0,50.0,Good
6991,59.0,90.0,11.0,50.0,27.0,0.0,0.0,96.0,76.0,6,6,27.0,1.0,15.0,1.0,2.0,2.0,68.0,83.0,11.0,1.0,2.0,86.0,Bad
9908,55.0,159.0,5.0,76.0,14.0,3.0,1.0,63.0,0.0,0,2,19.0,2.0,47.0,0.0,0.0,0.0,45.0,46.0,2.0,4.0,0.0,100.0,Bad
478,62.0,265.0,14.0,104.0,28.0,6.0,1.0,67.0,16.0,5,5,40.0,0.0,44.0,0.0,4.0,4.0,78.0,77.0,5.0,2.0,1.0,78.0,Bad
4801,89.0,327.0,23.0,94.0,18.0,0.0,0.0,100.0,-7.0,7,8,19.0,0.0,28.0,7.0,0.0,0.0,3.0,-8.0,3.0,1.0,0.0,50.0,Bad
3127,60.0,97.0,14.0,76.0,18.0,0.0,0.0,78.0,2.0,4,6,7.0,0.0,33.0,-8.0,0.0,0.0,97.0,10.0,2.0,2.0,2.0,100.0,Bad
3410,68.0,178.0,5.0,73.0,31.0,0.0,0.0,97.0,25.0,6,6,31.0,2.0,35.0,0.0,4.0,4.0,26.0,82.0,5.0,3.0,1.0,67.0,Bad
7419,68.0,149.0,9.0,71.0,22.0,1.0,0.0,91.0,9.0,4,5,23.0,2.0,26.0,0.0,1.0,1.0,26.0,69.0,5.0,3.0,1.0,57.0,Good
183,-9.0,-9.0,-9.0,-9.0,-9.0,-9.0,-9.0,-9.0,-9.0,-9,-9,-9.0,-9.0,-9.0,-9.0,-9.0,-9.0,-9.0,-9.0,-9.0,-9.0,-9.0,-9.0,Good
6076,65.0,140.0,8.0,65.0,8.0,0.0,0.0,88.0,52.0,6,6,8.0,1.0,13.0,0.0,2.0,2.0,91.0,-8.0,2.0,1.0,2.0,75.0,Good
9460,82.0,223.0,22.0,87.0,21.0,1.0,0.0,68.0,12.0,6,5,25.0,0.0,16.0,0.0,0.0,0.0,0.0,-8.0,0.0,1.0,0.0,20.0,Bad
872,88.0,279.0,3.0,75.0,28.0,0.0,0.0,100.0,-7.0,7,8,29.0,2.0,24.0,2.0,2.0,2.0,6.0,41.0,3.0,3.0,0.0,40.0,Bad
9424,57.0,131.0,10.0,52.0,15.0,1.0,0.0,81.0,8.0,4,5,16.0,1.0,63.0,0.0,0.0,0.0,98.0,64.0,3.0,5.0,2.0,89.0,Bad
10183,79.0,193.0,17.0,69.0,18.0,0.0,0.0,100.0,-7.0,7,8,18.0,0.0,33.0,1.0,2.0,2.0,49.0,57.0,4.0,3.0,0.0,88.0,Good
4247,75.0,171.0,25.0,80.0,17.0,0.0,0.0,94.0,-8.0,6,6,17.0,0.0,53.0,0.0,0.0,0.0,24.0,-8.0,2.0,2.0,1.0,56.0,Good
4702,71.0,164.0,13.0,81.0,28.0,0.0,0.0,81.0,6.0,4,6,32.0,0.0,63.0,1.0,1.0,1.0,4.0,87.0,5.0,2.0,0.0,78.0,Good
2722,73.0,73.0,8.0,56.0,15.0,0.0,0.0,100.0,-7.0,7,8,4.0,1.0,47.0,-7.0,1.0,1.0,96.0,68.0,2.0,3.0,1.0,100.0,Bad
7244,66.0,166.0,5.0,65.0,19.0,0.0,0.0,100.0,-7.0,7,8,19.0,3.0,16.0,0.0,7.0,7.0,55.0,-8.0,6.0,3.0,4.0,69.0,Good
7730,70.0,418.0,6.0,102.0,19.0,0.0,0.0,100.0,-7.0,7,8,19.0,5.0,21.0,0.0,1.0,1.0,44.0,-8.0,7.0,2.0,3.0,77.0,Good
3772,79.0,439.0,15.0,142.0,17.0,2.0,2.0,89.0,68.0,6,3,38.0,0.0,11.0,15.0,0.0,0.0,3.0,-8.0,5.0,-8.0,0.0,50.0,Bad
10370,68.0,126.0,3.0,63.0,29.0,0.0,0.0,97.0,36.0,6,6,29.0,3.0,17.0,3.0,2.0,2.0,79.0,-8.0,4.0,1.0,3.0,83.0,Bad
6387,84.0,138.0,5.0,74.0,24.0,0.0,0.0,96.0,30.0,6,6,28.0,1.0,57.0,0.0,1.0,1.0,5.0,-8.0,3.0,1.0,0.0,57.0,Bad
10259,75.0,206.0,8.0,92.0,37.0,0.0,0.0,100.0,-7.0,7,8,38.0,2.0,29.0,7.0,2.0,0.0,32.0,89.0,3.0,4.0,1.0,53.0,Bad
170,50.0,222.0,20.0,99.0,24.0,2.0,1.0,81.0,1.0,4,5,26.0,0.0,38.0,3.0,1.0,1.0,42.0,67.0,6.0,3.0,2.0,69.0,Bad
509,72.0,212.0,2.0,57.0,16.0,0.0,0.0,100.0,-7.0,7,8,17.0,2.0,35.0,-7.0,0.0,0.0,69.0,52.0,5.0,3.0,4.0,67.0,Good
9880,79.0,83.0,2.0,39.0,28.0,0.0,0.0,100.0,-7.0,7,8,31.0,4.0,17.0,0.0,3.0,3.0,6.0,89.0,3.0,3.0,0.0,46.0,Good
10140,87.0,216.0,15.0,79.0,21.0,0.0,0.0,100.0,-7.0,7,8,22.0,0.0,14.0,-8.0,0.0,0.0,10.0,-8.0,3.0,1.0,0.0,36.0,Good
5607,54.0,257.0,48.0,113.0,9.0,1.0,1.0,50.0,1.0,4,6,11.0,0.0,10.0,0.0,1.0,1.0,79.0,-8.0,6.0,-8.0,1.0,88.0,Bad
3212,60.0,263.0,1.0,108.0,26.0,2.0,1.0,83.0,3.0,4,2,23.0,2.0,23.0,0.0,2.0,1.0,49.0,95.0,11.0,1.0,2.0,71.0,Bad
5415,70.0,137.0,32.0,87.0,18.0,0.0,0.0,95.0,4.0,4,6,21.0,0.0,15.0,-8.0,0.0,0.0,10.0,-8.0,2.0,1.0,0.0,50.0,Good
7798,63.0,135.0,2.0,78.0,6.0,4.0,2.0,54.0,23.0,6,2,13.0,2.0,31.0,1.0,2.0,1.0,31.0,-8.0,1.0,1.0,0.0,67.0,Bad
429,69.0,57.0,19.0,34.0,4.0,2.0,2.0,67.0,35.0,6,3,6.0,0.0,33.0,0.0,4.0,4.0,-8.0,-8.0,1.0,-8.0,-8.0,100.0,Bad
7732,84.0,312.0,27.0,111.0,19.0,0.0,0.0,100.0,-7.0,7,8,20.0,0.0,32.0,12.0,1.0,0.0,49.0,10.0,3.0,2.0,0.0,60.0,Good
4009,86.0,336.0,88.0,241.0,24.0,2.0,1.0,88.0,73.0,6,5,21.0,0.0,15.0,-8.0,0.0,0.0,0.0,-8.0,0.0,-8.0,0.0,0.0,Good
4143,78.0,188.0,25.0,69.0,17.0,0.0,0.0,83.0,22.0,6,6,18.0,0.0,44.0,0.0,0.0,0.0,6.0,43.0,1.0,4.0,0.0,71.0,Good
2090,69.0,237.0,5.0,76.0,47.0,1.0,1.0,100.0,-7.0,6,8,52.0,2.0,27.0,0.0,0.0,0.0,8.0,-8.0,5.0,1.0,1.0,60.0,Bad
6496,93.0,366.0,19.0,193.0,7.0,0.0,0.0,100.0,-7.0,7,8,8.0,0.0,13.0,0.0,0.0,0.0,1.0,-8.0,2.0,-8.0,0.0,33.0,Good
6275,73.0,59.0,6.0,23.0,13.0,0.0,0.0,100.0,-7.0,7,8,13.0,4.0,8.0,9.0,0.0,0.0,46.0,-8.0,3.0,1.0,1.0,63.0,Good
8982,72.0,132.0,4.0,78.0,15.0,1.0,1.0,88.0,46.0,6,3,16.0,1.0,44.0,0.0,2.0,2.0,80.0,-8.0,2.0,1.0,1.0,60.0,Good
2822,66.0,68.0,5.0,58.0,27.0,1.0,1.0,93.0,28.0,6,6,5.0,3.0,30.0,-7.0,2.0,2.0,24.0,18.0,5.0,3.0,0.0,60.0,Bad
8290,71.0,117.0,4.0,37.0,13.0,0.0,0.0,100.0,-7.0,7,8,13.0,3.0,100.0,2.0,1.0,1.0,-8.0,72.0,-8.0,5.0,-8.0,100.0,Bad
8425,70.0,185.0,32.0,130.0,6.0,3.0,2.0,67.0,17.0,6,2,9.0,0.0,11.0,0.0,0.0,0.0,5.0,-8.0,1.0,1.0,0.0,50.0,Good
4035,85.0,173.0,2.0,67.0,18.0,0.0,0.0,100.0,-7.0,7,8,10.0,2.0,21.0,1.0,2.0,2.0,0.0,-8.0,1.0,-8.0,0.0,10.0,Good
8718,89.0,148.0,15.0,79.0,11.0,0.0,0.0,100.0,-7.0,7,8,12.0,0.0,33.0,0.0,0.0,0.0,2.0,-8.0,3.0,1.0,0.0,80.0,Good
3753,78.0,249.0,7.0,86.0,37.0,0.0,0.0,100.0,-7.0,7,8,54.0,5.0,42.0,2.0,4.0,4.0,41.0,84.0,4.0,6.0,0.0,79.0,Good
134,83.0,106.0,3.0,62.0,28.0,0.0,0.0,100.0,-7.0,7,8,28.0,5.0,11.0,-7.0,4.0,4.0,17.0,-8.0,2.0,1.0,0.0,60.0,Good
7364,58.0,184.0,3.0,89.0,9.0,4.0,2.0,69.0,12.0,6,2,14.0,1.0,38.0,0.0,4.0,4.0,82.0,-8.0,2.0,2.0,2.0,100.0,Bad
2623,60.0,164.0,10.0,87.0,27.0,5.0,3.0,80.0,38.0,6,3,32.0,1.0,40.0,-7.0,1.0,1.0,67.0,64.0,2.0,2.0,1.0,57.0,Good
9873,72.0,106.0,2.0,34.0,15.0,0.0,0.0,100.0,-7.0,7,8,16.0,4.0,25.0,0.0,1.0,1.0,21.0,73.0,4.0,3.0,0.0,58.0,Good
7328,67.0,212.0,16.0,87.0,24.0,2.0,0.0,86.0,13.0,6,5,29.0,0.0,55.0,0.0,1.0,1.0,41.0,92.0,6.0,2.0,0.0,100.0,Good
6762,88.0,162.0,14.0,116.0,6.0,0.0,0.0,100.0,-7.0,7,8,6.0,0.0,17.0,13.0,0.0,0.0,2.0,-8.0,4.0,1.0,0.0,100.0,Good
6351,60.0,132.0,15.0,69.0,21.0,5.0,5.0,81.0,10.0,2,4,27.0,0.0,44.0,0.0,0.0,0.0,54.0,89.0,1.0,7.0,0.0,100.0,Good
5857,55.0,148.0,7.0,63.0,6.0,2.0,1.0,22.0,7.0,0,2,9.0,1.0,44.0,0.0,0.0,0.0,100.0,0.0,2.0,2.0,-8.0,100.0,Bad
4280,89.0,154.0,8.0,78.0,6.0,0.0,0.0,100.0,-7.0,7,8,6.0,1.0,17.0,0.0,0.0,0.0,9.0,-8.0,1.0,1.0,0.0,50.0,Good
7696,89.0,150.0,19.0,69.0,12.0,0.0,0.0,100.0,-7.0,7,8,12.0,0.0,33.0,-8.0,0.0,0.0,2.0,55.0,1.0,2.0,0.0,43.0,Good
1986,74.0,331.0,10.0,121.0,52.0,0.0,0.0,100.0,-7.0,7,8,54.0,1.0,28.0,0.0,2.0,2.0,47.0,90.0,7.0,2.0,1.0,53.0,Good
1479,85.0,245.0,4.0,120.0,20.0,0.0,0.0,100.0,-7.0,7,8,21.0,1.0,24.0,0.0,1.0,1.0,14.0,-8.0,2.0,1.0,1.0,30.0,Good
627,65.0,193.0,1.0,59.0,6.0,2.0,2.0,100.0,-7.0,6,8,7.0,1.0,0.0,1.0,4.0,3.0,75.0,-8.0,2.0,-8.0,1.0,50.0,Bad
9232,70.0,143.0,5.0,55.0,20.0,0.0,0.0,100.0,-7.0,7,8,20.0,2.0,45.0,0.0,1.0,1.0,43.0,88.0,6.0,3.0,2.0,100.0,Bad
4683,63.0,73.0,33.0,53.0,1.0,1.0,0.0,50.0,5.0,4,5,2.0,0.0,100.0,13.0,0.0,0.0,-8.0,-8.0,-8.0,-8.0,-8.0,-8.0,Bad
1049,57.0,188.0,16.0,83.0,13.0,1.0,0.0,79.0,3.0,3,5,14.0,0.0,29.0,16.0,0.0,0.0,98.0,95.0,3.0,3.0,3.0,86.0,Bad
500,89.0,257.0,10.0,153.0,27.0,0.0,0.0,100.0,-7.0,7,8,28.0,1.0,29.0,-7.0,2.0,2.0,1.0,57.0,4.0,1.0,0.0,38.0,Good
2523,71.0,288.0,8.0,93.0,30.0,0.0,0.0,100.0,-7.0,7,8,51.0,2.0,30.0,-7.0,0.0,0.0,73.0,-8.0,9.0,-8.0,5.0,69.0,Bad
10172,85.0,280.0,3.0,106.0,22.0,0.0,0.0,95.0,70.0,6,6,22.0,2.0,32.0,3.0,3.0,3.0,1.0,17.0,1.0,2.0,0.0,50.0,Good
9081,87.0,134.0,4.0,65.0,8.0,0.0,0.0,100.0,-7.0,7,8,8.0,2.0,50.0,-7.0,0.0,0.0,19.0,85.0,1.0,2.0,0.0,50.0,Bad
5297,56.0,165.0,1.0,71.0,1.0,6.0,5.0,75.0,34.0,6,5,9.0,2.0,50.0,0.0,3.0,3.0,0.0,-8.0,0.0,1.0,0.0,67.0,Bad
3240,72.0,184.0,5.0,100.0,22.0,0.0,0.0,82.0,1.0,4,6,5.0,3.0,18.0,17.0,0.0,0.0,2.0,52.0,6.0,3.0,1.0,60.0,Bad
2849,60.0,-8.0,0.0,62.0,30.0,1.0,1.0,94.0,21.0,6,3,0.0,4.0,22.0,4.0,2.0,2.0,67.0,98.0,12.0,2.0,4.0,76.0,Bad
1911,66.0,19.0,5.0,11.0,5.0,0.0,0.0,100.0,-7.0,7,8,5.0,3.0,40.0,0.0,2.0,2.0,66.0,80.0,3.0,2.0,0.0,100.0,Bad
7779,75.0,144.0,7.0,56.0,26.0,0.0,0.0,100.0,-7.0,7,8,27.0,2.0,42.0,1.0,1.0,1.0,32.0,62.0,3.0,4.0,1.0,67.0,Good
967,85.0,306.0,8.0,99.0,24.0,0.0,0.0,100.0,-7.0,7,8,24.0,2.0,25.0,7.0,1.0,0.0,0.0,94.0,0.0,2.0,0.0,20.0,Good
1089,-9.0,-9.0,-9.0,-9.0,-9.0,-9.0,-9.0,-9.0,-9.0,-9,-9,-9.0,-9.0,-9.0,-9.0,-9.0,-9.0,-9.0,-9.0,-9.0,-9.0,-9.0,-9.0,Good
3337,75.0,41.0,41.0,41.0,1.0,0.0,0.0,100.0,-7.0,7,8,1.0,0.0,100.0,5.0,1.0,1.0,-8.0,-8.0,-8.0,1.0,-8.0,100.0,Bad
3747,85.0,-8.0,16.0,99.0,18.0,0.0,0.0,100.0,-7.0,7,8,0.0,0.0,0.0,1.0,1.0,1.0,18.0,-8.0,4.0,-8.0,0.0,67.0,Good
2017,72.0,225.0,9.0,56.0,17.0,0.0,0.0,100.0,-7.0,7,8,17.0,5.0,12.0,0.0,2.0,2.0,50.0,-8.0,7.0,1.0,1.0,69.0,Good
6598,80.0,191.0,4.0,146.0,59.0,0.0,0.0,100.0,-7.0,7,8,64.0,1.0,27.0,-7.0,3.0,3.0,17.0,74.0,6.0,6.0,2.0,50.0,Good
9643,71.0,367.0,7.0,145.0,38.0,0.0,0.0,95.0,59.0,6,6,41.0,1.0,29.0,1.0,4.0,4.0,21.0,97.0,13.0,2.0,1.0,73.0,Bad
6427,63.0,97.0,9.0,44.0,9.0,7.0,6.0,71.0,58.0,6,2,17.0,4.0,29.0,0.0,4.0,4.0,69.0,-8.0,1.0,1.0,1.0,50.0,Bad
305,72.0,72.0,8.0,39.0,18.0,0.0,0.0,100.0,-7.0,7,8,18.0,2.0,28.0,0.0,2.0,2.0,73.0,-8.0,3.0,1.0,0.0,100.0,Bad
3408,78.0,436.0,3.0,91.0,19.0,1.0,1.0,95.0,60.0,6,4,20.0,3.0,25.0,0.0,0.0,0.0,28.0,93.0,2.0,2.0,1.0,67.0,Good
2914,88.0,168.0,3.0,89.0,20.0,0.0,0.0,100.0,-7.0,6,7,11.0,1.0,20.0,20.0,1.0,1.0,5.0,-8.0,3.0,-8.0,0.0,43.0,Good
7787,72.0,230.0,21.0,113.0,17.0,0.0,0.0,100.0,-7.0,7,8,17.0,0.0,41.0,10.0,0.0,0.0,75.0,-8.0,7.0,1.0,2.0,89.0,Good
1240,-9.0,-9.0,-9.0,-9.0,-9.0,-9.0,-9.0,-9.0,-9.0,-9,-9,-9.0,-9.0,-9.0,-9.0,-9.0,-9.0,-9.0,-9.0,-9.0,-9.0,-9.0,-9.0,Good
3349,59.0,209.0,13.0,85.0,38.0,1.0,0.0,78.0,3.0,4,5,37.0,0.0,53.0,0.0,7.0,7.0,88.0,28.0,4.0,5.0,2.0,100.0,Bad
4887,85.0,143.0,1.0,71.0,12.0,0.0,0.0,100.0,-7.0,7,8,13.0,3.0,23.0,1.0,1.0,1.0,12.0,100.0,2.0,2.0,0.0,50.0,Bad
7386,75.0,429.0,4.0,101.0,46.0,0.0,0.0,100.0,-7.0,7,8,46.0,3.0,30.0,0.0,1.0,1.0,38.0,34.0,16.0,2.0,2.0,78.0,Bad
3405,77.0,178.0,9.0,52.0,20.0,0.0,0.0,100.0,-7.0,7,8,20.0,1.0,20.0,0.0,5.0,5.0,17.0,53.0,6.0,3.0,0.0,56.0,Bad
9063,71.0,157.0,7.0,78.0,13.0,1.0,1.0,100.0,-7.0,6,8,14.0,1.0,43.0,0.0,0.0,0.0,52.0,68.0,2.0,3.0,0.0,83.0,Good
8261,64.0,280.0,2.0,141.0,1.0,1.0,1.0,100.0,-7.0,7,8,3.0,1.0,100.0,-7.0,10.0,9.0,-8.0,99.0,-8.0,2.0,-8.0,100.0,Bad
8345,56.0,111.0,3.0,40.0,25.0,0.0,0.0,96.0,1.0,4,6,27.0,6.0,56.0,0.0,1.0,1.0,37.0,63.0,5.0,7.0,0.0,75.0,Bad
8941,81.0,257.0,4.0,78.0,25.0,0.0,0.0,92.0,-8.0,6,6,25.0,3.0,40.0,0.0,0.0,0.0,12.0,96.0,3.0,2.0,0.0,56.0,Good
8221,65.0,27.0,2.0,15.0,9.0,0.0,0.0,100.0,-7.0,7,8,10.0,3.0,90.0,0.0,0.0,0.0,0.0,95.0,0.0,4.0,-8.0,80.0,Bad
1899,58.0,92.0,7.0,34.0,11.0,0.0,0.0,92.0,50.0,6,6,12.0,1.0,58.0,0.0,1.0,1.0,70.0,78.0,2.0,3.0,1.0,83.0,Bad
156,64.0,178.0,8.0,108.0,33.0,0.0,0.0,85.0,1.0,4,6,33.0,2.0,36.0,0.0,4.0,4.0,48.0,78.0,5.0,3.0,3.0,62.0,Bad
5770,71.0,162.0,11.0,51.0,13.0,0.0,0.0,92.0,13.0,6,6,13.0,1.0,15.0,0.0,0.0,0.0,51.0,-8.0,3.0,1.0,1.0,50.0,Bad
3981,89.0,-8.0,24.0,99.0,18.0,0.0,0.0,100.0,-7.0,7,8,0.0,0.0,22.0,3.0,1.0,1.0,3.0,-8.0,1.0,1.0,0.0,20.0,Good
6700,84.0,133.0,1.0,77.0,28.0,0.0,0.0,100.0,-7.0,6,7,32.0,3.0,38.0,-7.0,2.0,2.0,32.0,76.0,1.0,2.0,0.0,60.0,Good
2242,47.0,204.0,16.0,100.0,25.0,2.0,2.0,89.0,1.0,0,6,28.0,0.0,21.0,-7.0,1.0,0.0,76.0,-8.0,9.0,1.0,3.0,85.0,Bad
9542,85.0,293.0,6.0,94.0,40.0,0.0,0.0,100.0,-7.0,7,8,42.0,3.0,14.0,0.0,0.0,0.0,4.0,-8.0,4.0,-8.0,0.0,25.0,Good
9503,62.0,152.0,10.0,79.0,18.0,5.0,1.0,72.0,20.0,6,4,25.0,1.0,28.0,0.0,1.0,1.0,81.0,80.0,5.0,2.0,3.0,78.0,Good
7054,72.0,253.0,2.0,70.0,30.0,1.0,0.0,94.0,55.0,6,5,34.0,5.0,38.0,3.0,2.0,2.0,15.0,99.0,8.0,3.0,0.0,67.0,Good
5840,57.0,47.0,3.0,31.0,9.0,1.0,1.0,80.0,13.0,6,6,11.0,1.0,40.0,0.0,0.0,0.0,72.0,100.0,3.0,2.0,1.0,83.0,Bad
5657,72.0,137.0,3.0,78.0,14.0,1.0,1.0,63.0,14.0,6,3,16.0,2.0,25.0,0.0,3.0,3.0,1.0,-8.0,1.0,1.0,0.0,38.0,Bad
3274,69.0,428.0,3.0,94.0,49.0,0.0,0.0,100.0,-7.0,7,8,23.0,3.0,8.0,0.0,4.0,4.0,50.0,-8.0,11.0,2.0,10.0,46.0,Bad
2192,77.0,137.0,20.0,68.0,17.0,0.0,0.0,100.0,-7.0,7,8,18.0,0.0,17.0,0.0,5.0,4.0,48.0,-8.0,2.0,1.0,1.0,60.0,Bad
4005,83.0,196.0,29.0,82.0,21.0,0.0,0.0,100.0,-7.0,7,8,35.0,0.0,57.0,17.0,0.0,0.0,2.0,51.0,1.0,4.0,0.0,63.0,Good
441,63.0,132.0,6.0,74.0,12.0,1.0,0.0,86.0,5.0,4,5,14.0,1.0,43.0,0.0,0.0,0.0,74.0,48.0,3.0,2.0,2.0,75.0,Good
4629,74.0,175.0,5.0,64.0,34.0,0.0,0.0,100.0,-7.0,7,8,34.0,2.0,29.0,4.0,1.0,1.0,53.0,99.0,5.0,2.0,0.0,50.0,Good
3786,84.0,226.0,2.0,109.0,27.0,0.0,0.0,96.0,46.0,6,6,37.0,1.0,61.0,1.0,1.0,1.0,18.0,63.0,2.0,4.0,0.0,67.0,Good
3677,68.0,375.0,8.0,65.0,25.0,0.0,0.0,100.0,-7.0,7,8,35.0,2.0,48.0,1.0,1.0,1.0,71.0,63.0,3.0,4.0,2.0,78.0,Good
9235,66.0,208.0,9.0,68.0,18.0,1.0,1.0,94.0,33.0,6,6,18.0,2.0,39.0,0.0,2.0,2.0,0.0,5.0,1.0,3.0,-8.0,83.0,Bad
9333,81.0,88.0,17.0,43.0,9.0,0.0,0.0,100.0,-7.0,7,8,9.0,0.0,67.0,-8.0,0.0,0.0,20.0,74.0,1.0,3.0,0.0,67.0,Good
75,78.0,134.0,2.0,63.0,35.0,0.0,0.0,93.0,32.0,6,6,40.0,3.0,40.0,0.0,0.0,0.0,22.0,55.0,5.0,4.0,0.0,60.0,Good
3298,84.0,-8.0,16.0,66.0,11.0,0.0,0.0,100.0,-7.0,7,8,0.0,0.0,50.0,10.0,0.0,0.0,4.0,-8.0,2.0,1.0,0.0,67.0,Good
6675,59.0,117.0,3.0,98.0,14.0,1.0,1.0,87.0,3.0,4,6,15.0,2.0,53.0,-7.0,1.0,1.0,4.0,97.0,2.0,2.0,0.0,100.0,Bad
9488,58.0,470.0,7.0,146.0,5.0,1.0,1.0,83.0,1.0,0,2,6.0,1.0,0.0,0.0,0.0,0.0,36.0,-8.0,3.0,-8.0,-8.0,75.0,Bad
8850,68.0,237.0,24.0,117.0,21.0,0.0,0.0,90.0,5.0,4,6,23.0,0.0,14.0,1.0,1.0,1.0,13.0,100.0,10.0,2.0,0.0,75.0,Good
4366,73.0,282.0,2.0,92.0,14.0,1.0,0.0,94.0,32.0,6,5,17.0,3.0,47.0,0.0,5.0,5.0,46.0,46.0,2.0,4.0,0.0,86.0,Bad
9318,65.0,183.0,16.0,77.0,24.0,0.0,0.0,96.0,7.0,4,6,24.0,0.0,33.0,19.0,0.0,0.0,45.0,77.0,3.0,4.0,3.0,70.0,Good
4332,68.0,129.0,8.0,48.0,21.0,0.0,0.0,90.0,-8.0,6,6,21.0,2.0,24.0,0.0,0.0,0.0,57.0,82.0,4.0,2.0,2.0,86.0,Bad
3518,87.0,244.0,22.0,94.0,20.0,0.0,0.0,100.0,-7.0,7,8,24.0,0.0,25.0,6.0,0.0,0.0,0.0,-8.0,0.0,1.0,0.0,11.0,Good
8120,75.0,160.0,3.0,70.0,21.0,0.0,0.0,100.0,-7.0,7,8,21.0,3.0,33.0,3.0,5.0,5.0,0.0,-8.0,0.0,1.0,0.0,43.0,Good
5958,61.0,183.0,5.0,68.0,2.0,1.0,0.0,67.0,10.0,3,5,3.0,1.0,33.0,-7.0,2.0,2.0,108.0,-8.0,1.0,1.0,1.0,67.0,Bad
6065,62.0,269.0,4.0,100.0,23.0,3.0,2.0,75.0,9.0,6,4,28.0,3.0,29.0,0.0,1.0,1.0,63.0,-8.0,8.0,-8.0,3.0,73.0,Bad
1796,90.0,205.0,45.0,104.0,11.0,0.0,0.0,100.0,-7.0,7,8,11.0,0.0,18.0,0.0,0.0,0.0,0.0,-8.0,1.0,-8.0,0.0,25.0,Good
8135,80.0,237.0,3.0,124.0,11.0,0.0,0.0,91.0,68.0,6,6,11.0,2.0,18.0,4.0,1.0,1.0,20.0,-8.0,3.0,2.0,0.0,63.0,Good
9621,84.0,143.0,3.0,72.0,22.0,0.0,0.0,100.0,-7.0,7,8,22.0,1.0,50.0,4.0,1.0,1.0,0.0,70.0,0.0,3.0,-8.0,50.0,Good
6315,88.0,166.0,3.0,92.0,10.0,0.0,0.0,100.0,-7.0,7,8,10.0,1.0,40.0,0.0,2.0,2.0,0.0,96.0,0.0,1.0,0.0,25.0,Good
6421,69.0,127.0,7.0,64.0,31.0,0.0,0.0,97.0,12.0,5,6,32.0,3.0,28.0,0.0,8.0,8.0,74.0,69.0,7.0,2.0,3.0,75.0,Bad
597,72.0,164.0,2.0,67.0,38.0,0.0,0.0,100.0,-7.0,7,8,42.0,8.0,19.0,-7.0,1.0,1.0,55.0,-8.0,7.0,-8.0,3.0,67.0,Bad
4494,60.0,78.0,8.0,29.0,14.0,1.0,1.0,67.0,3.0,0,2,15.0,3.0,53.0,-7.0,1.0,1.0,1.0,76.0,2.0,3.0,-8.0,63.0,Bad
8398,66.0,464.0,2.0,73.0,23.0,0.0,0.0,96.0,15.0,6,6,26.0,2.0,31.0,0.0,2.0,2.0,79.0,36.0,6.0,2.0,3.0,80.0,Bad
914,68.0,189.0,2.0,54.0,19.0,0.0,0.0,100.0,-7.0,7,8,20.0,3.0,20.0,1.0,5.0,5.0,31.0,33.0,8.0,2.0,1.0,77.0,Good
9793,91.0,449.0,4.0,149.0,11.0,0.0,0.0,100.0,-7.0,7,8,11.0,2.0,9.0,0.0,0.0,0.0,0.0,-8.0,1.0,1.0,0.0,25.0,Bad
7959,72.0,191.0,29.0,89.0,29.0,0.0,0.0,100.0,-7.0,7,8,29.0,0.0,24.0,7.0,0.0,0.0,56.0,-8.0,9.0,1.0,6.0,83.0,Good
772,85.0,207.0,8.0,102.0,21.0,0.0,0.0,100.0,-7.0,7,8,21.0,1.0,29.0,8.0,0.0,0.0,0.0,-8.0,2.0,1.0,0.0,67.0,Good
447,67.0,126.0,1.0,40.0,9.0,1.0,1.0,100.0,-7.0,7,8,11.0,4.0,30.0,0.0,1.0,1.0,36.0,50.0,2.0,2.0,0.0,50.0,Bad
3647,61.0,185.0,5.0,85.0,34.0,0.0,0.0,94.0,7.0,4,6,15.0,2.0,26.0,15.0,0.0,0.0,57.0,83.0,16.0,2.0,3.0,95.0,Good
5889,76.0,164.0,11.0,77.0,16.0,1.0,0.0,88.0,26.0,6,5,17.0,1.0,12.0,-7.0,0.0,0.0,5.0,-8.0,1.0,1.0,0.0,25.0,Good
2396,61.0,16.0,3.0,17.0,20.0,0.0,0.0,100.0,-7.0,5,7,1.0,8.0,20.0,-7.0,1.0,1.0,67.0,36.0,14.0,2.0,0.0,94.0,Bad
5175,77.0,266.0,2.0,69.0,12.0,0.0,0.0,100.0,-7.0,6,7,14.0,4.0,46.0,0.0,5.0,5.0,73.0,59.0,4.0,3.0,1.0,78.0,Good
6915,74.0,184.0,3.0,76.0,31.0,0.0,0.0,97.0,38.0,6,6,35.0,1.0,9.0,1.0,2.0,2.0,44.0,11.0,5.0,2.0,1.0,78.0,Good
4286,73.0,253.0,3.0,53.0,25.0,0.0,0.0,100.0,-7.0,7,8,26.0,4.0,54.0,0.0,6.0,5.0,25.0,60.0,4.0,6.0,0.0,71.0,Bad
9735,80.0,173.0,2.0,67.0,35.0,0.0,0.0,100.0,-7.0,7,8,36.0,1.0,22.0,10.0,0.0,0.0,4.0,100.0,3.0,2.0,0.0,26.0,Good
3635,75.0,154.0,5.0,76.0,16.0,0.0,0.0,94.0,42.0,6,6,18.0,2.0,12.0,4.0,2.0,2.0,42.0,-8.0,4.0,-8.0,1.0,50.0,Good
5264,84.0,172.0,8.0,83.0,20.0,0.0,0.0,100.0,-7.0,7,8,22.0,1.0,14.0,0.0,1.0,1.0,6.0,-8.0,3.0,1.0,0.0,67.0,Good
9823,87.0,203.0,3.0,93.0,22.0,0.0,0.0,100.0,-7.0,7,8,23.0,2.0,22.0,0.0,0.0,0.0,4.0,67.0,5.0,2.0,0.0,47.0,Good
9778,70.0,137.0,7.0,51.0,27.0,0.0,0.0,93.0,12.0,6,6,27.0,3.0,30.0,0.0,1.0,1.0,43.0,-8.0,6.0,2.0,3.0,53.0,Bad
5181,70.0,122.0,2.0,59.0,23.0,0.0,0.0,96.0,1.0,4,6,25.0,4.0,52.0,1.0,1.0,1.0,11.0,65.0,2.0,4.0,1.0,67.0,Bad
8914,66.0,125.0,5.0,51.0,27.0,1.0,1.0,97.0,14.0,6,6,30.0,4.0,63.0,0.0,0.0,0.0,33.0,98.0,4.0,2.0,0.0,75.0,Bad
2003,75.0,130.0,1.0,61.0,20.0,0.0,0.0,100.0,-7.0,7,8,21.0,3.0,19.0,0.0,0.0,0.0,57.0,98.0,3.0,3.0,2.0,43.0,Good
8366,87.0,254.0,31.0,106.0,14.0,0.0,0.0,100.0,-7.0,7,8,14.0,0.0,43.0,0.0,2.0,2.0,5.0,-8.0,2.0,2.0,0.0,44.0,Good
5530,75.0,125.0,10.0,64.0,7.0,0.0,0.0,86.0,6.0,4,6,7.0,1.0,43.0,10.0,0.0,0.0,5.0,79.0,1.0,2.0,0.0,60.0,Bad
3280,81.0,180.0,8.0,78.0,27.0,0.0,0.0,100.0,-7.0,7,8,8.0,1.0,41.0,0.0,2.0,1.0,12.0,35.0,2.0,2.0,0.0,44.0,Bad
1321,-9.0,-9.0,-9.0,-9.0,-9.0,-9.0,-9.0,-9.0,-9.0,-9,-9,-9.0,-9.0,-9.0,-9.0,-9.0,-9.0,-9.0,-9.0,-9.0,-9.0,-9.0,-9.0,Bad
8321,86.0,347.0,6.0,109.0,26.0,0.0,0.0,100.0,-7.0,7,8,26.0,1.0,38.0,6.0,0.0,0.0,0.0,13.0,1.0,2.0,0.0,43.0,Good
1984,58.0,231.0,26.0,113.0,16.0,0.0,0.0,76.0,4.0,4,6,17.0,0.0,18.0,0.0,0.0,0.0,71.0,-8.0,6.0,1.0,3.0,78.0,Bad
8487,60.0,180.0,2.0,61.0,12.0,8.0,6.0,67.0,30.0,6,2,18.0,3.0,44.0,-7.0,0.0,0.0,46.0,97.0,4.0,1.0,2.0,86.0,Bad
4484,83.0,227.0,11.0,75.0,23.0,0.0,0.0,96.0,50.0,6,6,24.0,1.0,48.0,-7.0,0.0,0.0,0.0,-8.0,0.0,1.0,0.0,33.0,Good
7288,60.0,288.0,2.0,105.0,19.0,1.0,0.0,77.0,3.0,4,5,22.0,1.0,36.0,0.0,1.0,1.0,27.0,100.0,6.0,2.0,2.0,73.0,Bad
3668,72.0,352.0,4.0,114.0,26.0,0.0,0.0,88.0,2.0,4,6,22.0,2.0,15.0,20.0,0.0,0.0,2.0,73.0,6.0,2.0,0.0,44.0,Good
7056,63.0,445.0,3.0,123.0,35.0,4.0,3.0,90.0,1.0,0,2,43.0,3.0,20.0,1.0,5.0,5.0,11.0,79.0,9.0,3.0,0.0,65.0,Bad
609,71.0,276.0,5.0,60.0,13.0,1.0,1.0,100.0,-7.0,6,8,13.0,1.0,46.0,-7.0,1.0,1.0,24.0,-8.0,3.0,1.0,0.0,57.0,Bad
842,80.0,172.0,2.0,32.0,38.0,0.0,0.0,100.0,-7.0,6,7,39.0,14.0,33.0,0.0,29.0,29.0,6.0,88.0,5.0,4.0,0.0,38.0,Bad
1590,63.0,110.0,4.0,38.0,4.0,0.0,0.0,80.0,15.0,6,6,5.0,2.0,60.0,0.0,3.0,3.0,63.0,87.0,1.0,2.0,0.0,100.0,Bad
5950,90.0,243.0,4.0,103.0,19.0,0.0,0.0,100.0,-7.0,7,8,20.0,3.0,30.0,-7.0,1.0,0.0,4.0,85.0,2.0,2.0,0.0,29.0,Good
3770,60.0,343.0,5.0,58.0,5.0,2.0,1.0,67.0,1.0,4,5,10.0,2.0,17.0,6.0,0.0,0.0,5.0,93.0,4.0,1.0,0.0,83.0,Bad
9935,60.0,9.0,3.0,5.0,5.0,0.0,0.0,100.0,-7.0,7,8,5.0,5.0,20.0,0.0,7.0,7.0,36.0,-8.0,2.0,1.0,1.0,80.0,Bad
3792,39.0,80.0,11.0,11.0,0.0,2.0,2.0,0.0,1.0,0,2,11.0,1.0,0.0,0.0,4.0,4.0,-8.0,-8.0,-8.0,-8.0,-8.0,-8.0,Bad
9307,-9.0,-9.0,-9.0,-9.0,-9.0,-9.0,-9.0,-9.0,-9.0,-9,-9,-9.0,-9.0,-9.0,-9.0,-9.0,-9.0,-9.0,-9.0,-9.0,-9.0,-9.0,-9.0,Good
10166,83.0,-8.0,12.0,82.0,10.0,0.0,0.0,85.0,75.0,6,6,13.0,0.0,46.0,5.0,0.0,0.0,2.0,87.0,1.0,1.0,0.0,67.0,Good
8840,70.0,210.0,9.0,65.0,10.0,2.0,2.0,90.0,17.0,6,6,10.0,1.0,40.0,-8.0,0.0,0.0,40.0,48.0,3.0,3.0,1.0,86.0,Good
3293,74.0,226.0,3.0,66.0,27.0,0.0,0.0,93.0,12.0,6,6,43.0,4.0,37.0,9.0,0.0,0.0,32.0,81.0,5.0,4.0,0.0,75.0,Good
1598,59.0,183.0,2.0,73.0,28.0,1.0,1.0,90.0,2.0,0,2,31.0,2.0,32.0,0.0,10.0,10.0,66.0,62.0,5.0,3.0,1.0,57.0,Bad
8353,79.0,137.0,9.0,60.0,19.0,0.0,0.0,100.0,-7.0,7,8,20.0,1.0,40.0,0.0,0.0,0.0,24.0,-8.0,3.0,1.0,0.0,44.0,Good
9741,75.0,98.0,20.0,52.0,7.0,0.0,0.0,100.0,-7.0,7,8,7.0,0.0,100.0,-8.0,0.0,0.0,-8.0,42.0,-8.0,3.0,-8.0,100.0,Good
1192,-9.0,-9.0,-9.0,-9.0,-9.0,-9.0,-9.0,-9.0,-9.0,-9,-9,-9.0,-9.0,-9.0,-9.0,-9.0,-9.0,-9.0,-9.0,-9.0,-9.0,-9.0,-9.0,Bad
873,65.0,120.0,3.0,51.0,9.0,1.0,1.0,70.0,51.0,6,6,10.0,3.0,50.0,2.0,2.0,1.0,47.0,89.0,4.0,2.0,0.0,86.0,Good
2148,60.0,43.0,1.0,21.0,16.0,0.0,0.0,94.0,36.0,6,6,17.0,7.0,29.0,0.0,9.0,9.0,32.0,99.0,4.0,1.0,1.0,50.0,Bad
5745,59.0,139.0,3.0,67.0,27.0,1.0,1.0,100.0,-7.0,0,8,28.0,2.0,7.0,0.0,0.0,0.0,39.0,-8.0,5.0,-8.0,1.0,50.0,Bad
6345,80.0,304.0,18.0,117.0,30.0,0.0,0.0,100.0,-7.0,6,8,32.0,0.0,25.0,0.0,0.0,0.0,49.0,55.0,8.0,2.0,0.0,67.0,Bad
5781,80.0,169.0,23.0,76.0,12.0,0.0,0.0,92.0,19.0,6,6,12.0,0.0,0.0,0.0,1.0,1.0,5.0,-8.0,3.0,-8.0,0.0,30.0,Good
8037,88.0,250.0,13.0,102.0,14.0,0.0,0.0,93.0,-7.0,6,7,15.0,0.0,47.0,11.0,0.0,0.0,11.0,-8.0,1.0,2.0,0.0,75.0,Good
4956,52.0,30.0,4.0,16.0,23.0,1.0,0.0,96.0,4.0,3,5,24.0,7.0,8.0,1.0,2.0,2.0,35.0,-8.0,17.0,1.0,1.0,78.0,Good
7694,78.0,213.0,32.0,119.0,20.0,0.0,0.0,100.0,-7.0,7,8,20.0,0.0,30.0,10.0,0.0,0.0,45.0,58.0,3.0,2.0,1.0,55.0,Bad
4255,77.0,218.0,17.0,116.0,28.0,0.0,0.0,97.0,25.0,6,6,29.0,0.0,31.0,0.0,0.0,0.0,6.0,86.0,6.0,2.0,1.0,69.0,Good
3097,86.0,187.0,14.0,99.0,23.0,0.0,0.0,100.0,-7.0,7,8,46.0,0.0,13.0,8.0,0.0,0.0,2.0,17.0,2.0,2.0,0.0,80.0,Good
8784,70.0,222.0,5.0,85.0,20.0,0.0,0.0,100.0,-7.0,7,8,21.0,1.0,25.0,4.0,1.0,1.0,55.0,-8.0,7.0,2.0,4.0,71.0,Good
6023,77.0,135.0,1.0,55.0,13.0,0.0,0.0,93.0,38.0,6,6,15.0,4.0,47.0,1.0,4.0,4.0,0.0,-8.0,2.0,3.0,0.0,71.0,Good
2436,81.0,190.0,17.0,84.0,10.0,0.0,0.0,75.0,25.0,6,6,35.0,0.0,50.0,-7.0,1.0,1.0,4.0,76.0,2.0,2.0,0.0,67.0,Bad
10437,-9.0,-9.0,-9.0,-9.0,-9.0,-9.0,-9.0,-9.0,-9.0,-9,-9,-9.0,-9.0,-9.0,-9.0,-9.0,-9.0,-9.0,-9.0,-9.0,-9.0,-9.0,-9.0,Good
1956,60.0,169.0,3.0,83.0,18.0,3.0,2.0,81.0,5.0,4,2,21.0,1.0,29.0,0.0,0.0,0.0,83.0,53.0,3.0,4.0,1.0,89.0,Bad
8655,70.0,206.0,3.0,63.0,19.0,0.0,0.0,100.0,-7.0,7,8,21.0,4.0,38.0,8.0,0.0,0.0,69.0,77.0,9.0,2.0,5.0,100.0,Good
2728,62.0,188.0,7.0,96.0,23.0,5.0,3.0,74.0,12.0,6,2,12.0,1.0,35.0,-7.0,2.0,2.0,23.0,40.0,4.0,4.0,0.0,67.0,Good
10098,68.0,93.0,16.0,59.0,10.0,0.0,0.0,80.0,8.0,4,6,10.0,0.0,30.0,-7.0,1.0,1.0,51.0,33.0,1.0,2.0,1.0,50.0,Bad
4496,63.0,169.0,6.0,72.0,46.0,1.0,1.0,93.0,73.0,0,6,46.0,6.0,30.0,-7.0,0.0,0.0,24.0,72.0,5.0,5.0,1.0,50.0,Bad
2513,70.0,122.0,4.0,58.0,23.0,0.0,0.0,100.0,-7.0,7,8,53.0,2.0,48.0,-7.0,0.0,0.0,74.0,63.0,3.0,2.0,3.0,50.0,Bad
2330,67.0,57.0,1.0,41.0,14.0,0.0,0.0,94.0,24.0,6,6,4.0,2.0,25.0,-7.0,3.0,3.0,32.0,55.0,7.0,3.0,2.0,77.0,Bad
6362,72.0,139.0,6.0,51.0,11.0,0.0,0.0,91.0,-8.0,6,6,11.0,2.0,91.0,0.0,0.0,0.0,-8.0,80.0,-8.0,3.0,-8.0,100.0,Bad
3913,87.0,266.0,15.0,137.0,24.0,0.0,0.0,100.0,-7.0,7,8,3.0,0.0,40.0,21.0,0.0,0.0,4.0,-8.0,4.0,2.0,0.0,46.0,Good
5820,69.0,117.0,7.0,34.0,8.0,0.0,0.0,89.0,44.0,6,6,9.0,1.0,78.0,0.0,3.0,2.0,0.0,94.0,0.0,3.0,-8.0,75.0,Good
8300,75.0,232.0,5.0,69.0,34.0,0.0,0.0,97.0,65.0,6,6,36.0,5.0,42.0,2.0,1.0,1.0,42.0,91.0,6.0,2.0,1.0,80.0,Good
8192,50.0,130.0,7.0,63.0,10.0,7.0,7.0,59.0,1.0,0,2,17.0,1.0,12.0,0.0,0.0,0.0,13.0,-8.0,4.0,1.0,1.0,88.0,Good
2294,75.0,235.0,13.0,139.0,26.0,1.0,1.0,100.0,-7.0,6,8,44.0,0.0,35.0,-7.0,0.0,0.0,13.0,-8.0,2.0,1.0,0.0,57.0,Bad
9089,71.0,241.0,13.0,114.0,10.0,0.0,0.0,100.0,-7.0,7,8,10.0,0.0,30.0,-7.0,1.0,1.0,70.0,58.0,5.0,2.0,4.0,88.0,Good
5674,82.0,123.0,3.0,38.0,10.0,0.0,0.0,100.0,-7.0,7,8,10.0,2.0,40.0,0.0,3.0,3.0,6.0,-8.0,2.0,1.0,0.0,60.0,Good
9011,79.0,256.0,17.0,117.0,5.0,0.0,0.0,50.0,17.0,6,6,6.0,0.0,0.0,0.0,2.0,1.0,0.0,-8.0,1.0,-8.0,0.0,33.0,Bad
110,73.0,183.0,6.0,90.0,19.0,1.0,1.0,100.0,-7.0,7,8,19.0,1.0,32.0,-7.0,0.0,0.0,6.0,52.0,1.0,2.0,0.0,50.0,Good
719,64.0,109.0,13.0,65.0,9.0,1.0,1.0,90.0,60.0,6,6,10.0,0.0,50.0,12.0,0.0,0.0,86.0,39.0,3.0,3.0,1.0,100.0,Bad
3610,80.0,324.0,18.0,110.0,27.0,0.0,0.0,100.0,-7.0,7,8,52.0,0.0,26.0,14.0,0.0,0.0,38.0,73.0,4.0,2.0,2.0,86.0,Good
7700,56.0,151.0,19.0,78.0,38.0,2.0,2.0,90.0,7.0,4,3,42.0,0.0,67.0,1.0,3.0,3.0,86.0,59.0,5.0,3.0,1.0,100.0,Bad
7944,71.0,142.0,1.0,60.0,37.0,0.0,0.0,100.0,-7.0,7,8,40.0,7.0,50.0,3.0,3.0,3.0,64.0,78.0,4.0,6.0,2.0,71.0,Good
1807,57.0,191.0,13.0,99.0,20.0,1.0,1.0,65.0,0.0,0,2,23.0,0.0,26.0,0.0,0.0,0.0,27.0,66.0,4.0,2.0,0.0,50.0,Bad
367,61.0,8.0,2.0,5.0,1.0,0.0,0.0,100.0,-7.0,7,8,2.0,2.0,50.0,0.0,2.0,2.0,92.0,-8.0,1.0,1.0,1.0,100.0,Bad
7101,55.0,228.0,3.0,101.0,27.0,2.0,0.0,72.0,1.0,4,5,32.0,1.0,34.0,0.0,5.0,5.0,14.0,62.0,7.0,4.0,1.0,65.0,Bad
9172,83.0,238.0,3.0,128.0,54.0,0.0,0.0,100.0,-7.0,7,8,56.0,2.0,27.0,3.0,1.0,1.0,8.0,27.0,4.0,3.0,1.0,47.0,Good
4153,72.0,84.0,7.0,45.0,21.0,0.0,0.0,95.0,25.0,6,6,22.0,3.0,50.0,0.0,0.0,0.0,6.0,72.0,6.0,3.0,0.0,69.0,Bad
986,83.0,348.0,2.0,100.0,61.0,0.0,0.0,98.0,24.0,6,6,67.0,4.0,35.0,1.0,1.0,1.0,6.0,62.0,7.0,4.0,0.0,52.0,Good
6843,81.0,245.0,6.0,82.0,40.0,0.0,0.0,100.0,-7.0,7,8,40.0,2.0,40.0,5.0,0.0,0.0,11.0,89.0,5.0,3.0,0.0,73.0,Good
3596,67.0,262.0,6.0,33.0,14.0,3.0,3.0,88.0,38.0,6,3,25.0,2.0,56.0,0.0,1.0,1.0,28.0,-8.0,1.0,1.0,0.0,50.0,Bad
3888,87.0,153.0,38.0,83.0,5.0,0.0,0.0,100.0,-7.0,7,8,12.0,0.0,20.0,2.0,1.0,1.0,0.0,-8.0,1.0,1.0,0.0,67.0,Good
1200,-9.0,-9.0,-9.0,-9.0,-9.0,-9.0,-9.0,-9.0,-9.0,-9,-9,-9.0,-9.0,-9.0,-9.0,-9.0,-9.0,-9.0,-9.0,-9.0,-9.0,-9.0,-9.0,Bad
2358,76.0,212.0,14.0,87.0,21.0,0.0,0.0,100.0,-7.0,5,7,21.0,0.0,33.0,-7.0,0.0,0.0,40.0,85.0,7.0,2.0,0.0,90.0,Bad
5291,78.0,111.0,1.0,58.0,19.0,0.0,0.0,100.0,-7.0,7,8,22.0,3.0,32.0,0.0,3.0,3.0,11.0,29.0,4.0,2.0,1.0,75.0,Good
5911,79.0,305.0,9.0,121.0,12.0,1.0,0.0,69.0,9.0,4,5,16.0,1.0,19.0,-7.0,0.0,0.0,6.0,-8.0,6.0,1.0,0.0,64.0,Bad
4303,64.0,257.0,7.0,62.0,16.0,0.0,0.0,94.0,44.0,6,6,16.0,4.0,38.0,0.0,3.0,3.0,90.0,95.0,4.0,2.0,3.0,100.0,Bad
3964,67.0,208.0,1.0,74.0,43.0,0.0,0.0,98.0,12.0,6,6,33.0,3.0,27.0,3.0,3.0,3.0,36.0,88.0,8.0,4.0,2.0,57.0,Good
6205,88.0,330.0,9.0,127.0,22.0,0.0,0.0,100.0,-7.0,7,8,23.0,1.0,14.0,-8.0,0.0,0.0,4.0,-8.0,2.0,1.0,0.0,27.0,Good
1006,55.0,139.0,0.0,46.0,23.0,2.0,1.0,77.0,2.0,0,2,26.0,4.0,31.0,7.0,0.0,0.0,33.0,65.0,4.0,3.0,0.0,67.0,Bad
1209,-9.0,-9.0,-9.0,-9.0,-9.0,-9.0,-9.0,-9.0,-9.0,-9,-9,-9.0,-9.0,-9.0,-9.0,-9.0,-9.0,-9.0,-9.0,-9.0,-9.0,-9.0,-9.0,Bad
4069,87.0,57.0,18.0,215.0,12.0,0.0,0.0,100.0,-7.0,7,8,2.0,0.0,25.0,-8.0,0.0,0.0,0.0,73.0,1.0,1.0,0.0,29.0,Good
5002,79.0,348.0,5.0,89.0,27.0,0.0,0.0,100.0,-7.0,7,8,27.0,2.0,11.0,4.0,1.0,1.0,29.0,-8.0,5.0,1.0,0.0,50.0,Bad
7031,68.0,179.0,4.0,52.0,27.0,1.0,0.0,93.0,35.0,6,5,29.0,2.0,57.0,5.0,1.0,1.0,58.0,80.0,2.0,3.0,1.0,63.0,Good
4854,59.0,180.0,4.0,60.0,49.0,0.0,0.0,98.0,20.0,6,6,49.0,6.0,37.0,2.0,3.0,3.0,45.0,70.0,10.0,4.0,2.0,82.0,Bad
5257,55.0,174.0,7.0,84.0,35.0,2.0,0.0,73.0,8.0,4,5,37.0,2.0,38.0,0.0,1.0,1.0,17.0,65.0,3.0,5.0,0.0,62.0,Bad
7906,82.0,215.0,7.0,112.0,11.0,1.0,0.0,92.0,53.0,6,5,13.0,1.0,54.0,6.0,0.0,0.0,29.0,35.0,1.0,2.0,0.0,60.0,Good
5200,55.0,590.0,2.0,185.0,29.0,1.0,0.0,90.0,7.0,4,5,31.0,4.0,19.0,0.0,1.0,1.0,55.0,-8.0,10.0,-8.0,3.0,69.0,Bad
7241,70.0,164.0,3.0,55.0,14.0,4.0,4.0,100.0,-7.0,6,8,15.0,4.0,20.0,0.0,3.0,3.0,60.0,29.0,5.0,2.0,0.0,88.0,Bad
228,59.0,191.0,4.0,74.0,38.0,0.0,0.0,93.0,5.0,4,6,40.0,2.0,33.0,1.0,2.0,2.0,48.0,45.0,12.0,3.0,3.0,83.0,Bad
6701,63.0,150.0,3.0,50.0,29.0,3.0,3.0,91.0,75.0,6,3,32.0,4.0,75.0,-7.0,6.0,6.0,33.0,90.0,1.0,7.0,1.0,73.0,Bad
9593,56.0,118.0,4.0,55.0,29.0,2.0,1.0,81.0,16.0,6,4,37.0,6.0,86.0,5.0,1.0,1.0,39.0,68.0,2.0,8.0,-8.0,77.0,Bad
7866,82.0,224.0,5.0,70.0,37.0,0.0,0.0,97.0,48.0,6,6,38.0,1.0,50.0,17.0,0.0,0.0,23.0,83.0,1.0,5.0,0.0,50.0,Good
8704,70.0,386.0,2.0,122.0,18.0,1.0,0.0,90.0,80.0,6,5,20.0,1.0,15.0,0.0,0.0,0.0,77.0,99.0,6.0,2.0,3.0,57.0,Bad
1325,-9.0,-9.0,-9.0,-9.0,-9.0,-9.0,-9.0,-9.0,-9.0,-9,-9,-9.0,-9.0,-9.0,-9.0,-9.0,-9.0,-9.0,-9.0,-9.0,-9.0,-9.0,-9.0,Bad
68,66.0,176.0,11.0,81.0,43.0,0.0,0.0,98.0,3.0,4,6,44.0,1.0,39.0,0.0,2.0,2.0,36.0,64.0,3.0,4.0,1.0,47.0,Bad
8606,69.0,447.0,1.0,167.0,21.0,3.0,0.0,80.0,29.0,6,5,25.0,1.0,32.0,8.0,0.0,0.0,72.0,-8.0,5.0,1.0,5.0,46.0,Bad
8500,81.0,-8.0,4.0,106.0,17.0,0.0,0.0,94.0,79.0,6,6,18.0,1.0,28.0,-7.0,4.0,4.0,2.0,-8.0,3.0,2.0,0.0,50.0,Good
8927,61.0,194.0,3.0,84.0,36.0,0.0,0.0,97.0,68.0,6,6,39.0,2.0,31.0,0.0,1.0,1.0,77.0,100.0,7.0,2.0,4.0,75.0,Bad
9156,62.0,121.0,8.0,50.0,14.0,0.0,0.0,86.0,10.0,4,6,14.0,1.0,29.0,-7.0,0.0,0.0,54.0,-8.0,4.0,1.0,3.0,83.0,Bad
2795,65.0,77.0,17.0,52.0,18.0,1.0,0.0,95.0,4.0,3,5,14.0,0.0,42.0,-7.0,1.0,1.0,30.0,68.0,6.0,4.0,1.0,77.0,Bad
7339,77.0,186.0,13.0,70.0,9.0,1.0,0.0,90.0,53.0,6,5,10.0,0.0,60.0,0.0,1.0,1.0,32.0,50.0,1.0,3.0,1.0,67.0,Good
7570,58.0,39.0,1.0,27.0,12.0,0.0,0.0,100.0,-7.0,7,8,13.0,1.0,54.0,-7.0,4.0,4.0,94.0,62.0,3.0,1.0,2.0,80.0,Good
1666,67.0,89.0,1.0,36.0,16.0,0.0,0.0,100.0,-7.0,7,8,19.0,5.0,26.0,0.0,4.0,4.0,63.0,29.0,6.0,2.0,3.0,73.0,Bad
5496,67.0,147.0,2.0,62.0,32.0,1.0,1.0,94.0,7.0,1,3,34.0,4.0,47.0,7.0,0.0,0.0,34.0,94.0,5.0,4.0,0.0,64.0,Good
10245,83.0,282.0,1.0,92.0,37.0,0.0,0.0,100.0,-7.0,7,8,38.0,2.0,11.0,1.0,1.0,1.0,1.0,67.0,10.0,1.0,0.0,44.0,Good
9877,87.0,306.0,17.0,128.0,9.0,0.0,0.0,100.0,-7.0,7,8,9.0,0.0,33.0,0.0,0.0,0.0,11.0,-8.0,2.0,1.0,1.0,100.0,Good
2899,73.0,105.0,12.0,14.0,3.0,0.0,0.0,100.0,-7.0,7,8,8.0,0.0,0.0,3.0,1.0,1.0,54.0,-8.0,2.0,-8.0,0.0,67.0,Bad
10120,66.0,178.0,17.0,110.0,4.0,3.0,3.0,67.0,6.0,4,3,6.0,0.0,17.0,-7.0,0.0,0.0,41.0,46.0,1.0,1.0,1.0,75.0,Bad
9579,77.0,177.0,12.0,75.0,7.0,1.0,1.0,89.0,19.0,6,6,9.0,0.0,22.0,-7.0,2.0,2.0,1.0,-8.0,1.0,-8.0,0.0,25.0,Good
9627,66.0,165.0,13.0,55.0,15.0,3.0,3.0,94.0,69.0,6,2,17.0,0.0,76.0,0.0,4.0,3.0,86.0,76.0,1.0,3.0,1.0,80.0,Bad
6652,88.0,206.0,2.0,108.0,36.0,0.0,0.0,100.0,-7.0,7,8,38.0,1.0,19.0,-7.0,1.0,1.0,1.0,46.0,4.0,3.0,0.0,44.0,Good
2661,69.0,140.0,15.0,54.0,8.0,1.0,0.0,78.0,25.0,6,5,16.0,0.0,44.0,-7.0,1.0,1.0,48.0,76.0,4.0,2.0,1.0,86.0,Good
5614,-9.0,-9.0,-9.0,-9.0,-9.0,-9.0,-9.0,-9.0,-9.0,-9,-9,-9.0,-9.0,-9.0,-9.0,-9.0,-9.0,-9.0,-9.0,-9.0,-9.0,-9.0,-9.0,Good
5384,61.0,252.0,24.0,127.0,32.0,1.0,1.0,86.0,1.0,4,3,43.0,0.0,47.0,-7.0,0.0,0.0,38.0,-8.0,7.0,1.0,1.0,53.0,Bad
7577,69.0,194.0,2.0,79.0,15.0,0.0,0.0,71.0,25.0,6,6,17.0,2.0,29.0,-7.0,6.0,6.0,1.0,22.0,3.0,3.0,1.0,60.0,Good
206,85.0,182.0,13.0,74.0,10.0,0.0,0.0,100.0,-7.0,7,8,10.0,0.0,50.0,18.0,0.0,0.0,12.0,34.0,4.0,2.0,0.0,86.0,Good
5111,91.0,303.0,4.0,101.0,11.0,0.0,0.0,100.0,-7.0,7,8,12.0,1.0,36.0,-8.0,0.0,0.0,1.0,97.0,2.0,2.0,0.0,57.0,Good
3769,83.0,187.0,3.0,59.0,19.0,0.0,0.0,100.0,-7.0,7,8,32.0,2.0,37.0,0.0,3.0,3.0,6.0,93.0,5.0,1.0,0.0,75.0,Good
3137,40.0,166.0,3.0,100.0,12.0,11.0,7.0,48.0,1.0,0,2,23.0,1.0,17.0,3.0,5.0,5.0,72.0,-8.0,11.0,1.0,3.0,87.0,Bad
4439,66.0,194.0,21.0,73.0,23.0,1.0,1.0,81.0,6.0,0,2,26.0,0.0,35.0,0.0,0.0,0.0,74.0,42.0,5.0,2.0,2.0,64.0,Bad
8834,75.0,40.0,3.0,12.0,6.0,0.0,0.0,100.0,-7.0,7,8,6.0,4.0,67.0,6.0,0.0,0.0,24.0,89.0,1.0,2.0,-8.0,100.0,Bad
9678,79.0,284.0,4.0,96.0,51.0,0.0,0.0,98.0,24.0,6,6,53.0,3.0,42.0,0.0,2.0,2.0,10.0,-8.0,3.0,1.0,0.0,40.0,Good
7999,70.0,212.0,1.0,39.0,13.0,0.0,0.0,100.0,-7.0,7,8,15.0,7.0,27.0,1.0,3.0,3.0,39.0,68.0,4.0,4.0,1.0,73.0,Good
9563,89.0,241.0,2.0,119.0,30.0,0.0,0.0,100.0,-7.0,7,8,33.0,2.0,24.0,-7.0,2.0,2.0,7.0,50.0,6.0,1.0,0.0,58.0,Good
6307,83.0,200.0,2.0,98.0,21.0,0.0,0.0,100.0,-7.0,7,8,22.0,2.0,36.0,4.0,2.0,2.0,20.0,-8.0,1.0,1.0,1.0,29.0,Good
9016,75.0,244.0,3.0,91.0,24.0,0.0,0.0,100.0,-7.0,7,8,24.0,2.0,38.0,0.0,2.0,2.0,57.0,-8.0,6.0,1.0,2.0,78.0,Bad
10280,67.0,103.0,1.0,39.0,23.0,1.0,0.0,96.0,1.0,3,5,26.0,5.0,32.0,4.0,2.0,2.0,7.0,64.0,3.0,3.0,0.0,43.0,Good
6770,62.0,264.0,2.0,74.0,56.0,0.0,0.0,93.0,4.0,4,6,58.0,4.0,50.0,2.0,2.0,2.0,52.0,51.0,5.0,4.0,2.0,47.0,Good
8534,60.0,-8.0,10.0,110.0,35.0,2.0,2.0,95.0,2.0,4,6,37.0,1.0,27.0,6.0,0.0,0.0,79.0,74.0,9.0,2.0,7.0,73.0,Bad
5411,63.0,186.0,3.0,69.0,24.0,2.0,2.0,73.0,13.0,5,2,30.0,2.0,50.0,0.0,3.0,3.0,8.0,76.0,2.0,3.0,1.0,63.0,Bad
4864,71.0,174.0,5.0,42.0,25.0,0.0,0.0,96.0,12.0,6,6,25.0,8.0,20.0,4.0,2.0,2.0,12.0,68.0,3.0,2.0,0.0,29.0,Bad
7747,54.0,203.0,4.0,78.0,47.0,5.0,5.0,90.0,6.0,0,2,49.0,2.0,76.0,0.0,3.0,3.0,56.0,90.0,5.0,14.0,0.0,86.0,Bad
1593,82.0,306.0,5.0,67.0,18.0,0.0,0.0,100.0,-7.0,7,8,19.0,2.0,32.0,0.0,1.0,1.0,0.0,58.0,2.0,4.0,0.0,46.0,Good
2265,60.0,192.0,17.0,100.0,28.0,2.0,1.0,74.0,5.0,4,5,34.0,0.0,26.0,-7.0,3.0,3.0,85.0,82.0,10.0,2.0,3.0,93.0,Good
8098,70.0,235.0,37.0,95.0,14.0,2.0,2.0,93.0,13.0,6,2,15.0,0.0,33.0,7.0,0.0,0.0,0.0,-8.0,0.0,2.0,0.0,40.0,Bad
8095,81.0,204.0,8.0,85.0,40.0,0.0,0.0,100.0,-7.0,7,8,43.0,1.0,35.0,0.0,3.0,3.0,9.0,85.0,5.0,2.0,0.0,54.0,Bad
822,72.0,135.0,12.0,60.0,29.0,0.0,0.0,100.0,-7.0,7,8,29.0,0.0,7.0,11.0,0.0,0.0,47.0,-8.0,13.0,1.0,2.0,74.0,Bad
393,60.0,429.0,29.0,155.0,13.0,1.0,0.0,94.0,2.0,3,2,16.0,0.0,25.0,0.0,0.0,0.0,4.0,-8.0,3.0,1.0,0.0,71.0,Good
4443,59.0,78.0,4.0,30.0,23.0,0.0,0.0,100.0,-7.0,7,8,25.0,6.0,25.0,0.0,3.0,3.0,44.0,86.0,8.0,5.0,5.0,76.0,Bad
5577,61.0,76.0,8.0,27.0,8.0,1.0,1.0,100.0,-7.0,0,8,9.0,3.0,25.0,0.0,2.0,2.0,74.0,32.0,2.0,2.0,1.0,67.0,Bad
9258,72.0,160.0,1.0,69.0,40.0,0.0,0.0,96.0,8.0,4,6,48.0,4.0,58.0,9.0,0.0,0.0,21.0,76.0,4.0,11.0,0.0,88.0,Good
3211,79.0,335.0,11.0,106.0,44.0,0.0,0.0,96.0,35.0,6,6,45.0,1.0,40.0,11.0,0.0,0.0,3.0,74.0,1.0,4.0,0.0,46.0,Good
7564,91.0,328.0,45.0,169.0,14.0,0.0,0.0,100.0,-7.0,7,8,14.0,0.0,29.0,-7.0,0.0,0.0,6.0,-8.0,3.0,3.0,0.0,60.0,Good
1170,-9.0,-9.0,-9.0,-9.0,-9.0,-9.0,-9.0,-9.0,-9.0,-9,-9,-9.0,-9.0,-9.0,-9.0,-9.0,-9.0,-9.0,-9.0,-9.0,-9.0,-9.0,-9.0,Bad
8089,68.0,209.0,2.0,89.0,44.0,0.0,0.0,98.0,43.0,6,6,48.0,1.0,38.0,6.0,0.0,0.0,87.0,100.0,7.0,2.0,6.0,100.0,Good
6006,63.0,134.0,5.0,81.0,17.0,1.0,0.0,70.0,29.0,6,5,20.0,1.0,45.0,7.0,0.0,0.0,80.0,34.0,4.0,2.0,3.0,100.0,Bad
2476,73.0,133.0,0.0,58.0,2.0,1.0,1.0,100.0,-7.0,6,7,3.0,4.0,20.0,-7.0,9.0,9.0,18.0,-8.0,3.0,-8.0,0.0,75.0,Bad
98,88.0,211.0,20.0,103.0,13.0,0.0,0.0,100.0,-7.0,7,8,14.0,0.0,57.0,-7.0,0.0,0.0,0.0,19.0,2.0,3.0,0.0,71.0,Good
4529,77.0,123.0,2.0,46.0,16.0,0.0,0.0,100.0,-7.0,7,8,17.0,5.0,47.0,-7.0,2.0,2.0,18.0,87.0,3.0,4.0,-8.0,64.0,Bad
10366,71.0,59.0,4.0,33.0,17.0,0.0,0.0,100.0,-7.0,7,8,18.0,2.0,41.0,4.0,2.0,2.0,63.0,31.0,3.0,2.0,2.0,56.0,Good
6308,70.0,126.0,5.0,49.0,49.0,0.0,0.0,100.0,-7.0,7,8,49.0,10.0,29.0,1.0,2.0,2.0,46.0,78.0,6.0,3.0,2.0,56.0,Good
2637,69.0,211.0,2.0,69.0,11.0,0.0,0.0,93.0,-8.0,6,6,12.0,3.0,36.0,-7.0,2.0,2.0,95.0,77.0,4.0,3.0,3.0,100.0,Bad
10050,69.0,176.0,8.0,71.0,18.0,0.0,0.0,84.0,11.0,4,6,19.0,1.0,47.0,-7.0,1.0,1.0,28.0,81.0,4.0,4.0,0.0,73.0,Good
4971,81.0,177.0,4.0,52.0,25.0,0.0,0.0,96.0,27.0,6,6,26.0,1.0,23.0,3.0,3.0,3.0,14.0,77.0,4.0,3.0,0.0,62.0,Good
1402,-9.0,-9.0,-9.0,-9.0,-9.0,-9.0,-9.0,-9.0,-9.0,-9,-9,-9.0,-9.0,-9.0,-9.0,-9.0,-9.0,-9.0,-9.0,-9.0,-9.0,-9.0,-9.0,Bad
9492,66.0,153.0,17.0,73.0,24.0,0.0,0.0,88.0,10.0,4,6,26.0,0.0,50.0,0.0,0.0,0.0,37.0,77.0,6.0,3.0,0.0,83.0,Good
6368,69.0,402.0,26.0,139.0,15.0,0.0,0.0,93.0,4.0,4,6,15.0,0.0,53.0,0.0,2.0,2.0,46.0,68.0,5.0,2.0,0.0,100.0,Good
7846,81.0,181.0,5.0,62.0,24.0,0.0,0.0,100.0,-7.0,7,8,25.0,3.0,25.0,22.0,0.0,0.0,17.0,2.0,3.0,2.0,0.0,56.0,Good
3972,72.0,242.0,13.0,87.0,43.0,0.0,0.0,98.0,18.0,6,6,59.0,0.0,26.0,0.0,2.0,1.0,13.0,81.0,4.0,2.0,2.0,33.0,Bad
7327,64.0,90.0,0.0,26.0,10.0,0.0,0.0,92.0,-8.0,6,6,13.0,4.0,31.0,0.0,2.0,2.0,41.0,-8.0,6.0,-8.0,0.0,100.0,Bad
300,58.0,118.0,21.0,66.0,14.0,3.0,0.0,75.0,3.0,4,5,20.0,0.0,30.0,0.0,0.0,0.0,62.0,66.0,5.0,4.0,0.0,90.0,Bad
2900,80.0,115.0,2.0,36.0,6.0,0.0,0.0,100.0,-7.0,7,8,13.0,4.0,14.0,0.0,5.0,5.0,4.0,95.0,3.0,1.0,0.0,67.0,Bad
2754,70.0,210.0,20.0,27.0,4.0,0.0,0.0,100.0,-7.0,7,8,51.0,0.0,50.0,-7.0,1.0,1.0,102.0,97.0,2.0,2.0,1.0,100.0,Bad
7648,73.0,243.0,18.0,122.0,20.0,0.0,0.0,95.0,3.0,4,6,21.0,0.0,5.0,-7.0,3.0,3.0,1.0,-8.0,4.0,-8.0,0.0,44.0,Good
4514,64.0,73.0,8.0,32.0,38.0,0.0,0.0,97.0,8.0,4,6,38.0,3.0,58.0,-7.0,0.0,0.0,61.0,77.0,11.0,5.0,1.0,89.0,Bad
5621,67.0,267.0,15.0,70.0,36.0,0.0,0.0,100.0,-7.0,7,8,36.0,0.0,36.0,0.0,5.0,5.0,50.0,-8.0,6.0,1.0,3.0,44.0,Good
6238,86.0,199.0,6.0,67.0,10.0,0.0,0.0,100.0,-7.0,7,8,10.0,1.0,30.0,4.0,1.0,1.0,12.0,32.0,3.0,1.0,0.0,50.0,Good
5241,83.0,192.0,63.0,148.0,7.0,0.0,0.0,100.0,-7.0,7,8,7.0,0.0,71.0,0.0,1.0,1.0,-8.0,-8.0,-8.0,1.0,-8.0,100.0,Bad
3488,63.0,31.0,8.0,110.0,12.0,0.0,0.0,92.0,8.0,4,6,1.0,2.0,42.0,7.0,0.0,0.0,84.0,74.0,2.0,2.0,2.0,67.0,Bad
4682,66.0,248.0,9.0,93.0,47.0,0.0,0.0,96.0,30.0,6,6,47.0,1.0,32.0,5.0,2.0,2.0,54.0,79.0,6.0,3.0,2.0,63.0,Good
8415,76.0,325.0,6.0,79.0,20.0,0.0,0.0,95.0,11.0,4,6,20.0,1.0,45.0,0.0,3.0,2.0,3.0,64.0,2.0,4.0,0.0,80.0,Bad
7475,70.0,284.0,1.0,64.0,12.0,1.0,0.0,71.0,9.0,4,5,14.0,1.0,14.0,0.0,1.0,1.0,15.0,60.0,3.0,2.0,0.0,63.0,Good
479,75.0,351.0,13.0,155.0,25.0,0.0,0.0,100.0,-7.0,6,7,25.0,0.0,16.0,0.0,0.0,0.0,56.0,-8.0,7.0,1.0,2.0,60.0,Good
6869,83.0,135.0,9.0,72.0,27.0,0.0,0.0,100.0,-7.0,6,7,27.0,1.0,48.0,3.0,1.0,1.0,16.0,75.0,1.0,3.0,0.0,44.0,Good
10300,75.0,407.0,11.0,109.0,30.0,0.0,0.0,97.0,18.0,6,6,31.0,1.0,23.0,0.0,4.0,4.0,22.0,-8.0,4.0,1.0,1.0,42.0,Good
9582,56.0,206.0,13.0,61.0,21.0,2.0,2.0,90.0,3.0,4,6,21.0,0.0,29.0,-7.0,1.0,0.0,64.0,50.0,7.0,2.0,4.0,69.0,Bad
7664,75.0,290.0,15.0,107.0,10.0,1.0,1.0,82.0,31.0,6,3,11.0,0.0,36.0,-7.0,2.0,2.0,32.0,57.0,2.0,3.0,-8.0,83.0,Good
8433,70.0,219.0,9.0,93.0,23.0,0.0,0.0,91.0,11.0,4,6,23.0,2.0,22.0,0.0,0.0,0.0,39.0,-8.0,6.0,2.0,1.0,53.0,Bad
7979,88.0,137.0,25.0,101.0,10.0,0.0,0.0,100.0,-7.0,7,8,11.0,0.0,64.0,-8.0,0.0,0.0,0.0,-8.0,1.0,-8.0,1.0,33.0,Good
3201,84.0,172.0,3.0,33.0,17.0,0.0,0.0,100.0,-7.0,7,8,13.0,3.0,35.0,16.0,0.0,0.0,6.0,100.0,1.0,2.0,0.0,38.0,Good
8861,72.0,77.0,5.0,51.0,8.0,0.0,0.0,100.0,-7.0,7,8,9.0,1.0,63.0,7.0,0.0,0.0,89.0,-8.0,1.0,1.0,-8.0,100.0,Bad
3840,89.0,290.0,12.0,71.0,9.0,0.0,0.0,100.0,-7.0,7,8,29.0,0.0,0.0,9.0,0.0,0.0,15.0,-8.0,1.0,-8.0,0.0,33.0,Good
3346,69.0,83.0,14.0,162.0,18.0,0.0,0.0,94.0,46.0,6,6,17.0,0.0,6.0,5.0,1.0,1.0,60.0,-8.0,9.0,-8.0,2.0,69.0,Bad
8700,57.0,86.0,20.0,48.0,8.0,3.0,1.0,31.0,13.0,6,5,14.0,0.0,92.0,0.0,3.0,3.0,0.0,59.0,0.0,4.0,-8.0,80.0,Bad
8201,68.0,373.0,12.0,88.0,21.0,0.0,0.0,90.0,-8.0,5,6,21.0,0.0,19.0,0.0,4.0,4.0,50.0,-8.0,6.0,1.0,4.0,58.0,Bad
7561,76.0,183.0,1.0,65.0,30.0,0.0,0.0,100.0,-7.0,7,8,32.0,3.0,19.0,-7.0,2.0,2.0,21.0,100.0,3.0,2.0,0.0,50.0,Good
3821,68.0,331.0,11.0,134.0,39.0,0.0,0.0,92.0,2.0,4,6,23.0,1.0,31.0,0.0,3.0,3.0,37.0,64.0,6.0,6.0,0.0,68.0,Bad
8402,61.0,207.0,3.0,67.0,27.0,0.0,0.0,97.0,3.0,4,6,30.0,2.0,40.0,0.0,3.0,3.0,24.0,71.0,5.0,3.0,0.0,57.0,Good
9639,58.0,167.0,7.0,88.0,24.0,4.0,1.0,67.0,15.0,6,4,30.0,1.0,57.0,1.0,1.0,1.0,76.0,66.0,6.0,2.0,3.0,100.0,Bad
6318,84.0,138.0,5.0,52.0,18.0,0.0,0.0,100.0,-7.0,7,8,18.0,1.0,44.0,0.0,1.0,1.0,9.0,67.0,5.0,4.0,0.0,69.0,Bad
4913,63.0,45.0,5.0,28.0,16.0,0.0,0.0,100.0,-7.0,7,8,16.0,2.0,19.0,0.0,10.0,10.0,47.0,-8.0,6.0,-8.0,2.0,75.0,Bad
960,57.0,161.0,3.0,98.0,42.0,0.0,0.0,96.0,7.0,4,6,45.0,1.0,58.0,1.0,5.0,5.0,54.0,-8.0,4.0,-8.0,1.0,67.0,Bad
10331,63.0,227.0,1.0,72.0,39.0,0.0,0.0,86.0,4.0,4,6,42.0,2.0,38.0,10.0,0.0,0.0,35.0,93.0,3.0,3.0,0.0,40.0,Good
9468,72.0,106.0,14.0,75.0,9.0,0.0,0.0,50.0,44.0,6,6,10.0,0.0,30.0,0.0,0.0,0.0,0.0,-8.0,0.0,-8.0,-8.0,0.0,Good
4882,86.0,329.0,3.0,135.0,15.0,0.0,0.0,100.0,-7.0,7,8,15.0,1.0,20.0,10.0,0.0,0.0,0.0,77.0,2.0,2.0,0.0,67.0,Good
1739,67.0,256.0,4.0,67.0,23.0,0.0,0.0,96.0,5.0,4,6,23.0,4.0,39.0,0.0,0.0,0.0,9.0,79.0,7.0,4.0,3.0,92.0,Good
3432,67.0,210.0,36.0,91.0,24.0,1.0,0.0,80.0,21.0,6,5,25.0,0.0,32.0,0.0,2.0,2.0,75.0,7.0,3.0,4.0,2.0,70.0,Good
5619,63.0,98.0,5.0,37.0,14.0,1.0,0.0,93.0,77.0,6,5,15.0,4.0,33.0,0.0,0.0,0.0,74.0,-8.0,4.0,1.0,2.0,83.0,Bad
2641,61.0,148.0,3.0,44.0,13.0,2.0,1.0,86.0,9.0,0,5,10.0,4.0,43.0,-7.0,2.0,1.0,18.0,60.0,2.0,3.0,0.0,71.0,Good
10358,75.0,176.0,5.0,69.0,44.0,0.0,0.0,100.0,-7.0,7,8,44.0,3.0,18.0,5.0,0.0,0.0,34.0,91.0,2.0,3.0,0.0,56.0,Good
7028,87.0,306.0,49.0,122.0,14.0,0.0,0.0,100.0,-7.0,7,8,14.0,0.0,36.0,13.0,0.0,0.0,3.0,-8.0,2.0,-8.0,0.0,67.0,Good
1125,-9.0,-9.0,-9.0,-9.0,-9.0,-9.0,-9.0,-9.0,-9.0,-9,-9,-9.0,-9.0,-9.0,-9.0,-9.0,-9.0,-9.0,-9.0,-9.0,-9.0,-9.0,-9.0,Bad
6145,68.0,171.0,6.0,76.0,16.0,0.0,0.0,63.0,2.0,4,6,16.0,2.0,25.0,1.0,1.0,1.0,2.0,-8.0,2.0,2.0,0.0,40.0,Good
1955,58.0,353.0,10.0,151.0,42.0,1.0,1.0,95.0,1.0,2,4,44.0,1.0,30.0,0.0,1.0,1.0,19.0,56.0,9.0,4.0,1.0,56.0,Bad
399,75.0,422.0,1.0,91.0,55.0,0.0,0.0,100.0,-7.0,7,8,57.0,4.0,33.0,0.0,4.0,4.0,2.0,11.0,12.0,2.0,1.0,57.0,Good
2915,89.0,125.0,48.0,69.0,7.0,0.0,0.0,100.0,-7.0,7,8,4.0,0.0,14.0,-8.0,0.0,0.0,4.0,-8.0,2.0,1.0,0.0,100.0,Good
4055,78.0,214.0,6.0,112.0,20.0,0.0,0.0,95.0,15.0,6,6,16.0,3.0,30.0,9.0,0.0,0.0,24.0,23.0,5.0,3.0,0.0,80.0,Good
6227,66.0,220.0,28.0,119.0,6.0,0.0,0.0,57.0,1.0,4,6,7.0,0.0,0.0,7.0,0.0,0.0,17.0,-8.0,3.0,-8.0,1.0,75.0,Bad
6393,64.0,153.0,8.0,55.0,8.0,2.0,2.0,78.0,7.0,4,4,9.0,2.0,22.0,0.0,0.0,0.0,28.0,-8.0,4.0,1.0,0.0,71.0,Bad
6406,59.0,85.0,2.0,43.0,16.0,0.0,0.0,94.0,56.0,6,6,17.0,2.0,24.0,0.0,6.0,6.0,70.0,89.0,7.0,3.0,4.0,83.0,Bad
4380,60.0,342.0,2.0,77.0,29.0,4.0,0.0,72.0,25.0,5,5,36.0,4.0,58.0,0.0,1.0,1.0,47.0,88.0,3.0,4.0,1.0,88.0,Bad
8567,65.0,157.0,6.0,44.0,13.0,1.0,0.0,93.0,30.0,6,5,14.0,4.0,36.0,4.0,1.0,1.0,23.0,80.0,3.0,2.0,-8.0,67.0,Bad
2262,66.0,-8.0,8.0,77.0,16.0,1.0,1.0,88.0,72.0,6,6,0.0,2.0,13.0,-7.0,1.0,1.0,43.0,-8.0,3.0,1.0,1.0,63.0,Bad
8490,61.0,-8.0,3.0,50.0,4.0,1.0,1.0,80.0,14.0,6,2,5.0,2.0,0.0,-7.0,0.0,0.0,74.0,-8.0,4.0,-8.0,3.0,100.0,Bad
602,76.0,186.0,1.0,83.0,21.0,0.0,0.0,96.0,11.0,4,6,25.0,4.0,28.0,-7.0,2.0,2.0,12.0,-8.0,3.0,-8.0,0.0,44.0,Good
8323,68.0,267.0,7.0,70.0,31.0,0.0,0.0,90.0,17.0,6,6,31.0,1.0,45.0,4.0,1.0,1.0,31.0,65.0,8.0,4.0,0.0,80.0,Good
9038,68.0,122.0,13.0,63.0,20.0,0.0,0.0,91.0,2.0,4,6,23.0,0.0,65.0,0.0,1.0,1.0,0.0,49.0,0.0,6.0,-8.0,86.0,Bad
2012,65.0,336.0,1.0,78.0,33.0,1.0,1.0,94.0,21.0,6,2,35.0,2.0,40.0,0.0,4.0,4.0,59.0,30.0,11.0,5.0,3.0,80.0,Bad
3579,63.0,309.0,9.0,51.0,34.0,0.0,0.0,100.0,-7.0,7,8,25.0,1.0,32.0,0.0,7.0,6.0,54.0,59.0,8.0,3.0,2.0,52.0,Bad
3309,86.0,544.0,21.0,153.0,26.0,0.0,0.0,96.0,50.0,6,6,17.0,0.0,27.0,-8.0,0.0,0.0,4.0,19.0,1.0,2.0,0.0,33.0,Good
8315,80.0,150.0,1.0,65.0,27.0,0.0,0.0,100.0,-7.0,7,8,29.0,5.0,17.0,6.0,0.0,0.0,29.0,-8.0,3.0,1.0,1.0,67.0,Good
4717,75.0,117.0,7.0,54.0,13.0,1.0,1.0,86.0,13.0,6,4,15.0,2.0,21.0,4.0,4.0,2.0,0.0,46.0,2.0,3.0,-8.0,83.0,Bad
9977,76.0,108.0,14.0,58.0,18.0,1.0,0.0,95.0,62.0,6,5,19.0,0.0,42.0,0.0,0.0,0.0,20.0,-8.0,4.0,2.0,1.0,86.0,Bad
6639,59.0,185.0,23.0,79.0,35.0,0.0,0.0,97.0,9.0,4,6,37.0,0.0,9.0,-7.0,2.0,2.0,73.0,-8.0,11.0,1.0,9.0,86.0,Bad
10021,77.0,383.0,5.0,139.0,37.0,0.0,0.0,100.0,-7.0,7,8,38.0,1.0,13.0,-7.0,2.0,2.0,11.0,16.0,10.0,4.0,0.0,79.0,Bad
1500,86.0,296.0,7.0,112.0,20.0,0.0,0.0,100.0,-7.0,7,8,22.0,1.0,41.0,0.0,0.0,0.0,17.0,96.0,2.0,1.0,0.0,33.0,Bad
8390,69.0,129.0,1.0,51.0,23.0,2.0,2.0,92.0,66.0,6,6,26.0,5.0,46.0,0.0,2.0,2.0,37.0,93.0,4.0,2.0,0.0,60.0,Bad
2663,66.0,145.0,1.0,68.0,33.0,0.0,0.0,100.0,-7.0,7,8,52.0,6.0,36.0,-7.0,0.0,0.0,91.0,75.0,9.0,7.0,6.0,100.0,Bad
553,58.0,22.0,2.0,8.0,4.0,0.0,0.0,100.0,-7.0,7,8,6.0,5.0,50.0,-7.0,2.0,2.0,101.0,76.0,1.0,3.0,1.0,100.0,Bad
7406,77.0,229.0,3.0,109.0,23.0,0.0,0.0,100.0,-7.0,7,8,23.0,2.0,35.0,0.0,0.0,0.0,38.0,93.0,4.0,3.0,1.0,58.0,Bad
9184,75.0,169.0,6.0,86.0,20.0,0.0,0.0,95.0,-8.0,6,6,41.0,2.0,57.0,6.0,0.0,0.0,57.0,71.0,3.0,2.0,2.0,83.0,Bad
6676,80.0,136.0,3.0,49.0,24.0,0.0,0.0,100.0,-7.0,7,8,25.0,2.0,20.0,-7.0,2.0,2.0,11.0,-8.0,2.0,1.0,0.0,38.0,Good
7771,79.0,222.0,36.0,102.0,2.0,1.0,0.0,75.0,31.0,6,5,4.0,0.0,75.0,-8.0,0.0,0.0,0.0,-8.0,0.0,1.0,-8.0,50.0,Bad
6485,81.0,199.0,4.0,94.0,36.0,0.0,0.0,100.0,-7.0,7,8,36.0,2.0,53.0,0.0,4.0,4.0,9.0,11.0,2.0,7.0,0.0,50.0,Good
1179,-9.0,-9.0,-9.0,-9.0,-9.0,-9.0,-9.0,-9.0,-9.0,-9,-9,-9.0,-9.0,-9.0,-9.0,-9.0,-9.0,-9.0,-9.0,-9.0,-9.0,-9.0,-9.0,Bad
8984,84.0,192.0,3.0,71.0,20.0,1.0,0.0,95.0,47.0,6,5,21.0,1.0,57.0,0.0,0.0,0.0,11.0,54.0,3.0,3.0,0.0,86.0,Good
6253,71.0,107.0,2.0,42.0,23.0,0.0,0.0,92.0,40.0,6,6,24.0,3.0,67.0,2.0,4.0,4.0,34.0,91.0,6.0,4.0,1.0,83.0,Good
4388,63.0,63.0,2.0,27.0,3.0,0.0,0.0,75.0,21.0,6,6,4.0,1.0,50.0,0.0,1.0,1.0,21.0,-8.0,2.0,1.0,1.0,100.0,Bad
6769,80.0,153.0,2.0,57.0,24.0,0.0,0.0,100.0,-7.0,7,8,27.0,4.0,50.0,3.0,3.0,2.0,21.0,65.0,3.0,2.0,0.0,75.0,Good
630,90.0,230.0,9.0,84.0,26.0,0.0,0.0,100.0,-7.0,7,8,28.0,2.0,57.0,9.0,0.0,0.0,1.0,85.0,1.0,3.0,0.0,44.0,Good
8174,80.0,306.0,1.0,86.0,33.0,0.0,0.0,97.0,49.0,6,6,37.0,4.0,27.0,0.0,2.0,2.0,1.0,-8.0,5.0,1.0,1.0,35.0,Good
10348,70.0,276.0,3.0,83.0,16.0,1.0,0.0,94.0,48.0,6,5,17.0,2.0,65.0,-8.0,0.0,0.0,65.0,96.0,4.0,2.0,0.0,86.0,Good
4758,67.0,163.0,1.0,78.0,26.0,0.0,0.0,100.0,-7.0,7,8,27.0,3.0,48.0,1.0,4.0,4.0,81.0,100.0,6.0,2.0,2.0,75.0,Bad
4659,56.0,202.0,8.0,67.0,20.0,2.0,1.0,81.0,6.0,3,5,22.0,1.0,27.0,0.0,1.0,1.0,81.0,81.0,6.0,3.0,4.0,83.0,Bad
1801,63.0,78.0,1.0,35.0,5.0,0.0,0.0,83.0,4.0,4,6,6.0,1.0,67.0,0.0,2.0,1.0,-8.0,82.0,1.0,2.0,1.0,100.0,Bad
8294,68.0,180.0,7.0,87.0,54.0,0.0,0.0,100.0,-7.0,7,8,58.0,2.0,62.0,0.0,5.0,5.0,77.0,60.0,10.0,4.0,7.0,88.0,Bad
8354,78.0,144.0,1.0,39.0,18.0,0.0,0.0,100.0,-7.0,7,8,19.0,6.0,37.0,0.0,1.0,1.0,3.0,82.0,3.0,4.0,0.0,53.0,Good
2278,81.0,216.0,4.0,70.0,32.0,0.0,0.0,100.0,-7.0,7,8,22.0,5.0,22.0,-7.0,0.0,0.0,4.0,54.0,8.0,2.0,0.0,56.0,Good
4978,65.0,186.0,3.0,40.0,15.0,1.0,1.0,100.0,-7.0,6,8,15.0,4.0,20.0,2.0,4.0,4.0,39.0,72.0,7.0,1.0,0.0,67.0,Good
5775,90.0,211.0,6.0,102.0,17.0,0.0,0.0,100.0,-7.0,7,8,17.0,1.0,0.0,0.0,1.0,1.0,0.0,-8.0,0.0,-8.0,0.0,0.0,Bad
164,-9.0,-9.0,-9.0,-9.0,-9.0,-9.0,-9.0,-9.0,-9.0,-9,-9,-9.0,-9.0,-9.0,-9.0,-9.0,-9.0,-9.0,-9.0,-9.0,-9.0,-9.0,-9.0,Good
10376,86.0,167.0,5.0,65.0,46.0,0.0,0.0,100.0,-7.0,7,8,47.0,4.0,20.0,4.0,1.0,1.0,2.0,-8.0,1.0,2.0,0.0,13.0,Good
2521,66.0,104.0,4.0,85.0,25.0,0.0,0.0,96.0,11.0,4,6,7.0,3.0,31.0,-7.0,2.0,2.0,38.0,-8.0,7.0,1.0,1.0,80.0,Good
1217,-9.0,-9.0,-9.0,-9.0,-9.0,-9.0,-9.0,-9.0,-9.0,-9,-9,-9.0,-9.0,-9.0,-9.0,-9.0,-9.0,-9.0,-9.0,-9.0,-9.0,-9.0,-9.0,Bad
6108,70.0,189.0,6.0,112.0,25.0,0.0,0.0,100.0,-7.0,7,8,25.0,1.0,28.0,0.0,1.0,1.0,86.0,-8.0,9.0,1.0,5.0,92.0,Bad
3534,85.0,293.0,20.0,94.0,36.0,0.0,0.0,100.0,-7.0,7,8,37.0,0.0,38.0,-8.0,0.0,0.0,1.0,63.0,2.0,3.0,0.0,56.0,Good
4024,73.0,137.0,0.0,64.0,17.0,0.0,0.0,89.0,19.0,6,6,18.0,2.0,33.0,0.0,2.0,2.0,42.0,78.0,4.0,3.0,0.0,58.0,Good
2534,58.0,189.0,2.0,82.0,41.0,1.0,0.0,85.0,21.0,6,5,15.0,2.0,11.0,-7.0,2.0,0.0,49.0,-8.0,10.0,1.0,5.0,46.0,Bad
3712,85.0,-8.0,3.0,70.0,23.0,0.0,0.0,100.0,-7.0,7,8,0.0,1.0,35.0,0.0,3.0,3.0,6.0,-8.0,2.0,1.0,0.0,50.0,Good
7096,87.0,211.0,16.0,139.0,19.0,0.0,0.0,95.0,13.0,6,6,20.0,0.0,35.0,4.0,2.0,1.0,3.0,-8.0,2.0,1.0,0.0,33.0,Bad
6209,72.0,296.0,56.0,128.0,18.0,1.0,1.0,95.0,9.0,0,2,19.0,0.0,37.0,1.0,2.0,2.0,18.0,-8.0,3.0,3.0,0.0,75.0,Good
5063,80.0,125.0,4.0,55.0,26.0,0.0,0.0,100.0,-7.0,7,8,26.0,3.0,23.0,0.0,0.0,0.0,4.0,31.0,4.0,2.0,0.0,58.0,Good
9664,75.0,200.0,6.0,66.0,40.0,0.0,0.0,98.0,26.0,6,6,40.0,1.0,45.0,0.0,1.0,1.0,27.0,74.0,1.0,3.0,1.0,31.0,Good
4993,91.0,429.0,59.0,161.0,9.0,0.0,0.0,100.0,-7.0,7,8,9.0,0.0,11.0,-8.0,0.0,0.0,9.0,-8.0,2.0,-8.0,0.0,50.0,Good
311,79.0,106.0,9.0,64.0,16.0,0.0,0.0,100.0,-7.0,7,8,16.0,1.0,38.0,0.0,2.0,2.0,20.0,44.0,2.0,3.0,1.0,50.0,Bad
530,65.0,249.0,13.0,134.0,8.0,10.0,9.0,57.0,6.0,4,2,14.0,0.0,57.0,-7.0,2.0,2.0,0.0,88.0,0.0,1.0,-8.0,67.0,Bad
9138,74.0,243.0,9.0,84.0,31.0,0.0,0.0,100.0,-7.0,7,8,33.0,1.0,30.0,-7.0,0.0,0.0,80.0,90.0,8.0,3.0,5.0,85.0,Good
1061,58.0,254.0,9.0,142.0,31.0,2.0,2.0,82.0,25.0,6,6,33.0,1.0,67.0,0.0,5.0,5.0,61.0,33.0,2.0,4.0,1.0,88.0,Bad
5116,84.0,151.0,2.0,73.0,35.0,0.0,0.0,100.0,-7.0,7,8,36.0,3.0,28.0,1.0,1.0,1.0,7.0,85.0,1.0,1.0,0.0,20.0,Good
3858,66.0,437.0,4.0,113.0,27.0,9.0,9.0,96.0,51.0,0,6,33.0,2.0,11.0,8.0,0.0,0.0,17.0,85.0,3.0,1.0,0.0,31.0,Good
6124,80.0,400.0,13.0,123.0,34.0,0.0,0.0,100.0,-7.0,7,8,34.0,0.0,47.0,0.0,3.0,3.0,5.0,77.0,3.0,4.0,1.0,67.0,Good
7474,59.0,207.0,12.0,56.0,15.0,0.0,0.0,81.0,4.0,4,6,16.0,0.0,69.0,0.0,1.0,1.0,32.0,79.0,2.0,2.0,1.0,80.0,Bad
8259,77.0,255.0,5.0,72.0,40.0,0.0,0.0,100.0,-7.0,7,8,45.0,7.0,22.0,-7.0,1.0,1.0,3.0,71.0,7.0,5.0,1.0,46.0,Good
3260,83.0,-8.0,9.0,88.0,31.0,0.0,0.0,94.0,14.0,6,6,0.0,2.0,22.0,1.0,1.0,1.0,6.0,100.0,3.0,2.0,0.0,63.0,Bad
5671,73.0,376.0,7.0,166.0,17.0,2.0,2.0,89.0,30.0,6,4,19.0,1.0,32.0,0.0,0.0,0.0,82.0,-8.0,8.0,1.0,2.0,100.0,Bad
1832,59.0,52.0,13.0,30.0,10.0,1.0,0.0,73.0,7.0,3,5,11.0,0.0,45.0,0.0,1.0,1.0,46.0,122.0,1.0,4.0,-8.0,56.0,Bad
3278,82.0,196.0,7.0,96.0,17.0,0.0,0.0,94.0,25.0,6,6,16.0,2.0,6.0,8.0,0.0,0.0,0.0,96.0,2.0,1.0,0.0,43.0,Bad
10320,83.0,229.0,3.0,71.0,14.0,0.0,0.0,100.0,-7.0,7,8,14.0,2.0,43.0,0.0,3.0,3.0,0.0,95.0,1.0,4.0,0.0,71.0,Good
2427,74.0,189.0,3.0,67.0,41.0,0.0,0.0,100.0,-7.0,7,8,59.0,5.0,31.0,-7.0,3.0,3.0,31.0,61.0,6.0,5.0,1.0,72.0,Good
6316,80.0,223.0,5.0,96.0,25.0,0.0,0.0,100.0,-7.0,7,8,25.0,4.0,36.0,0.0,1.0,1.0,18.0,83.0,5.0,3.0,1.0,53.0,Good
3718,85.0,372.0,13.0,90.0,27.0,0.0,0.0,100.0,-7.0,7,8,19.0,0.0,26.0,2.0,2.0,2.0,1.0,26.0,2.0,2.0,0.0,33.0,Good
721,86.0,160.0,14.0,82.0,15.0,0.0,0.0,100.0,-7.0,7,8,15.0,0.0,20.0,0.0,1.0,1.0,31.0,56.0,2.0,2.0,0.0,50.0,Good
8605,81.0,427.0,9.0,123.0,28.0,0.0,0.0,100.0,-7.0,7,8,29.0,1.0,31.0,3.0,1.0,1.0,22.0,91.0,8.0,2.0,0.0,63.0,Good
1707,72.0,295.0,11.0,84.0,18.0,1.0,1.0,95.0,8.0,0,2,19.0,2.0,53.0,0.0,0.0,0.0,24.0,99.0,2.0,2.0,0.0,57.0,Good
8857,73.0,190.0,9.0,71.0,22.0,0.0,0.0,100.0,-7.0,7,8,23.0,1.0,18.0,1.0,2.0,2.0,39.0,97.0,4.0,2.0,1.0,75.0,Bad
7878,54.0,175.0,4.0,58.0,42.0,0.0,0.0,90.0,1.0,4,6,42.0,3.0,24.0,1.0,2.0,2.0,41.0,-8.0,7.0,2.0,5.0,60.0,Good
9167,68.0,90.0,4.0,52.0,14.0,2.0,1.0,88.0,62.0,6,2,16.0,1.0,75.0,-7.0,1.0,1.0,55.0,78.0,2.0,11.0,1.0,93.0,Good
4235,73.0,216.0,1.0,72.0,41.0,0.0,0.0,100.0,-7.0,7,8,42.0,4.0,24.0,0.0,10.0,10.0,25.0,88.0,3.0,4.0,0.0,50.0,Bad
5236,65.0,409.0,6.0,72.0,33.0,0.0,0.0,92.0,5.0,4,6,36.0,3.0,53.0,0.0,0.0,0.0,17.0,58.0,3.0,3.0,2.0,41.0,Good
9875,62.0,81.0,5.0,40.0,17.0,0.0,0.0,89.0,15.0,6,6,18.0,1.0,33.0,0.0,2.0,2.0,79.0,63.0,5.0,2.0,2.0,88.0,Bad
9256,62.0,275.0,0.0,95.0,30.0,0.0,0.0,87.0,1.0,4,6,38.0,4.0,24.0,17.0,0.0,0.0,43.0,47.0,8.0,2.0,5.0,63.0,Bad
369,64.0,88.0,8.0,38.0,3.0,1.0,1.0,75.0,72.0,6,3,4.0,1.0,75.0,0.0,0.0,0.0,120.0,91.0,1.0,3.0,-8.0,100.0,Good
537,69.0,140.0,4.0,60.0,21.0,0.0,0.0,100.0,-7.0,7,8,22.0,5.0,55.0,-7.0,3.0,3.0,70.0,-8.0,6.0,1.0,1.0,88.0,Bad
4805,68.0,178.0,3.0,38.0,13.0,1.0,1.0,100.0,-7.0,6,8,13.0,6.0,23.0,0.0,1.0,1.0,29.0,82.0,6.0,2.0,0.0,67.0,Good
2747,75.0,160.0,17.0,39.0,10.0,0.0,0.0,100.0,-7.0,7,8,8.0,0.0,36.0,-7.0,0.0,0.0,62.0,56.0,3.0,2.0,1.0,100.0,Good
1720,89.0,135.0,19.0,80.0,30.0,0.0,0.0,100.0,-7.0,7,8,30.0,0.0,17.0,0.0,0.0,0.0,0.0,-8.0,1.0,1.0,0.0,22.0,Good
2650,69.0,188.0,20.0,80.0,18.0,3.0,3.0,85.0,23.0,6,2,3.0,0.0,40.0,-7.0,5.0,5.0,16.0,-8.0,5.0,-8.0,0.0,83.0,Bad
231,87.0,126.0,7.0,71.0,21.0,0.0,0.0,100.0,-7.0,7,8,22.0,1.0,38.0,13.0,0.0,0.0,10.0,50.0,2.0,2.0,0.0,67.0,Good
34,67.0,118.0,6.0,37.0,23.0,2.0,2.0,88.0,70.0,6,2,26.0,5.0,42.0,0.0,0.0,0.0,31.0,70.0,5.0,3.0,1.0,67.0,Bad
9055,78.0,110.0,6.0,54.0,26.0,0.0,0.0,100.0,-7.0,7,8,27.0,2.0,52.0,0.0,3.0,3.0,0.0,89.0,2.0,4.0,0.0,50.0,Bad
2062,71.0,97.0,9.0,59.0,20.0,0.0,0.0,100.0,-7.0,7,8,20.0,1.0,65.0,0.0,0.0,0.0,84.0,77.0,3.0,6.0,3.0,75.0,Bad
8360,84.0,541.0,14.0,156.0,21.0,0.0,0.0,100.0,-7.0,7,8,23.0,0.0,22.0,0.0,0.0,0.0,0.0,-8.0,1.0,1.0,0.0,29.0,Good
2700,56.0,-8.0,18.0,70.0,20.0,1.0,1.0,95.0,2.0,0,6,0.0,0.0,15.0,-7.0,6.0,6.0,68.0,59.0,3.0,2.0,2.0,71.0,Bad
2908,74.0,202.0,9.0,108.0,15.0,0.0,0.0,94.0,33.0,6,6,28.0,1.0,63.0,-8.0,0.0,0.0,48.0,82.0,2.0,1.0,1.0,75.0,Good
9493,54.0,132.0,31.0,52.0,14.0,2.0,0.0,74.0,4.0,4,5,19.0,0.0,47.0,0.0,1.0,1.0,21.0,47.0,2.0,1.0,0.0,50.0,Bad
3735,68.0,273.0,8.0,105.0,44.0,3.0,1.0,86.0,11.0,0,2,25.0,2.0,20.0,1.0,1.0,1.0,5.0,77.0,9.0,4.0,0.0,68.0,Good
9186,65.0,20.0,1.0,9.0,8.0,0.0,0.0,100.0,-7.0,7,8,9.0,7.0,22.0,4.0,1.0,1.0,33.0,88.0,6.0,2.0,0.0,89.0,Bad
8934,88.0,160.0,5.0,74.0,10.0,0.0,0.0,100.0,-7.0,7,8,10.0,1.0,50.0,0.0,1.0,1.0,0.0,84.0,1.0,2.0,0.0,50.0,Good
7777,85.0,186.0,8.0,83.0,22.0,0.0,0.0,100.0,-7.0,7,8,22.0,2.0,18.0,21.0,0.0,0.0,9.0,79.0,2.0,2.0,0.0,36.0,Good
6003,-9.0,-9.0,-9.0,-9.0,-9.0,-9.0,-9.0,-9.0,-9.0,-9,-9,-9.0,-9.0,-9.0,-9.0,-9.0,-9.0,-9.0,-9.0,-9.0,-9.0,-9.0,-9.0,Good
10051,42.0,179.0,1.0,72.0,50.0,9.0,6.0,69.0,0.0,0,2,62.0,5.0,53.0,-7.0,2.0,2.0,92.0,94.0,4.0,5.0,4.0,100.0,Bad
4297,72.0,166.0,0.0,47.0,18.0,0.0,0.0,100.0,-7.0,7,8,19.0,3.0,68.0,0.0,7.0,7.0,36.0,60.0,2.0,3.0,1.0,83.0,Bad
8212,73.0,39.0,5.0,15.0,9.0,0.0,0.0,100.0,-7.0,7,8,9.0,2.0,33.0,0.0,0.0,0.0,28.0,100.0,5.0,2.0,0.0,100.0,Bad
8159,82.0,295.0,40.0,116.0,5.0,0.0,0.0,100.0,-7.0,7,8,5.0,0.0,40.0,6.0,0.0,0.0,58.0,-8.0,1.0,1.0,0.0,67.0,Bad
662,72.0,242.0,6.0,68.0,15.0,0.0,0.0,87.0,5.0,4,6,16.0,1.0,73.0,7.0,0.0,0.0,0.0,8.0,0.0,2.0,0.0,50.0,Good
211,70.0,139.0,5.0,67.0,19.0,1.0,0.0,83.0,19.0,6,5,23.0,2.0,57.0,5.0,0.0,0.0,39.0,66.0,2.0,3.0,0.0,100.0,Good
4991,83.0,140.0,11.0,94.0,17.0,0.0,0.0,94.0,56.0,6,6,18.0,1.0,76.0,-8.0,0.0,0.0,30.0,77.0,3.0,3.0,0.0,100.0,Good
582,58.0,74.0,9.0,28.0,14.0,0.0,0.0,93.0,6.0,4,6,15.0,1.0,67.0,-7.0,3.0,3.0,88.0,44.0,2.0,5.0,2.0,78.0,Bad
3513,86.0,180.0,32.0,98.0,13.0,0.0,0.0,100.0,-7.0,7,8,3.0,0.0,31.0,-8.0,0.0,0.0,3.0,-8.0,2.0,1.0,0.0,57.0,Good
1250,-9.0,-9.0,-9.0,-9.0,-9.0,-9.0,-9.0,-9.0,-9.0,-9,-9,-9.0,-9.0,-9.0,-9.0,-9.0,-9.0,-9.0,-9.0,-9.0,-9.0,-9.0,-9.0,Bad
696,72.0,179.0,2.0,57.0,30.0,0.0,0.0,100.0,-7.0,7,8,31.0,2.0,42.0,2.0,1.0,1.0,50.0,91.0,7.0,4.0,3.0,73.0,Good
8640,81.0,156.0,1.0,77.0,31.0,0.0,0.0,100.0,-7.0,7,8,37.0,2.0,39.0,0.0,4.0,4.0,13.0,-8.0,1.0,2.0,0.0,33.0,Good
7117,81.0,169.0,7.0,61.0,18.0,0.0,0.0,100.0,-7.0,7,8,18.0,1.0,56.0,0.0,1.0,1.0,29.0,81.0,6.0,4.0,0.0,100.0,Bad
9383,85.0,143.0,26.0,79.0,26.0,0.0,0.0,100.0,-7.0,7,8,27.0,0.0,15.0,0.0,2.0,2.0,3.0,-8.0,3.0,1.0,0.0,50.0,Good
6905,86.0,467.0,10.0,123.0,25.0,0.0,0.0,96.0,17.0,6,6,26.0,1.0,31.0,9.0,0.0,0.0,3.0,34.0,4.0,1.0,0.0,50.0,Good
5101,84.0,166.0,20.0,65.0,24.0,0.0,0.0,100.0,-7.0,7,8,24.0,0.0,42.0,19.0,0.0,0.0,2.0,52.0,2.0,6.0,0.0,62.0,Good
6054,93.0,305.0,24.0,99.0,19.0,0.0,0.0,100.0,-7.0,7,8,19.0,0.0,11.0,23.0,0.0,0.0,1.0,-8.0,1.0,-8.0,0.0,17.0,Good
3149,63.0,94.0,1.0,28.0,17.0,0.0,0.0,100.0,-7.0,7,8,25.0,2.0,56.0,1.0,5.0,5.0,82.0,70.0,6.0,2.0,2.0,100.0,Bad
7551,85.0,139.0,11.0,78.0,10.0,0.0,0.0,100.0,-7.0,7,8,10.0,1.0,20.0,-7.0,2.0,1.0,19.0,-8.0,1.0,-8.0,1.0,50.0,Good
1038,65.0,205.0,17.0,92.0,6.0,2.0,0.0,50.0,4.0,3,5,10.0,0.0,20.0,-7.0,0.0,0.0,14.0,-8.0,3.0,1.0,1.0,57.0,Bad
8773,76.0,167.0,16.0,81.0,23.0,0.0,0.0,100.0,-7.0,7,8,24.0,0.0,17.0,-7.0,0.0,0.0,35.0,70.0,4.0,2.0,2.0,67.0,Good
9616,80.0,184.0,8.0,127.0,19.0,0.0,0.0,100.0,-7.0,7,8,20.0,1.0,50.0,20.0,0.0,0.0,44.0,36.0,2.0,2.0,1.0,80.0,Good
1257,-9.0,-9.0,-9.0,-9.0,-9.0,-9.0,-9.0,-9.0,-9.0,-9,-9,-9.0,-9.0,-9.0,-9.0,-9.0,-9.0,-9.0,-9.0,-9.0,-9.0,-9.0,-9.0,Bad
2715,81.0,176.0,5.0,78.0,37.0,0.0,0.0,100.0,-7.0,7,8,36.0,4.0,37.0,-7.0,2.0,2.0,0.0,80.0,2.0,3.0,0.0,42.0,Bad
9740,69.0,111.0,8.0,58.0,18.0,0.0,0.0,100.0,-7.0,7,8,22.0,3.0,36.0,8.0,0.0,0.0,86.0,-8.0,5.0,1.0,3.0,100.0,Bad
2357,69.0,168.0,1.0,78.0,17.0,0.0,0.0,89.0,9.0,4,6,10.0,2.0,58.0,-7.0,2.0,2.0,34.0,69.0,3.0,5.0,1.0,80.0,Bad
8665,76.0,316.0,6.0,101.0,9.0,0.0,0.0,100.0,-7.0,7,8,10.0,1.0,80.0,0.0,1.0,1.0,81.0,70.0,1.0,1.0,1.0,100.0,Bad
9019,61.0,138.0,8.0,57.0,23.0,0.0,0.0,88.0,46.0,5,6,24.0,2.0,58.0,0.0,0.0,0.0,80.0,79.0,3.0,4.0,1.0,88.0,Bad
1244,-9.0,-9.0,-9.0,-9.0,-9.0,-9.0,-9.0,-9.0,-9.0,-9,-9,-9.0,-9.0,-9.0,-9.0,-9.0,-9.0,-9.0,-9.0,-9.0,-9.0,-9.0,-9.0,Good
7032,88.0,360.0,3.0,115.0,26.0,0.0,0.0,100.0,-7.0,7,8,28.0,1.0,39.0,1.0,2.0,2.0,4.0,-8.0,4.0,1.0,0.0,45.0,Good
4181,74.0,208.0,4.0,76.0,14.0,0.0,0.0,94.0,74.0,6,6,16.0,1.0,63.0,0.0,3.0,3.0,63.0,91.0,5.0,1.0,0.0,86.0,Good
2047,75.0,98.0,2.0,54.0,21.0,0.0,0.0,100.0,-7.0,7,8,24.0,1.0,13.0,0.0,1.0,1.0,36.0,-8.0,7.0,1.0,1.0,67.0,Good
2676,70.0,131.0,17.0,65.0,22.0,0.0,0.0,100.0,-7.0,7,8,24.0,0.0,45.0,-7.0,1.0,1.0,84.0,72.0,4.0,4.0,2.0,73.0,Bad
1684,59.0,278.0,1.0,135.0,32.0,2.0,2.0,71.0,4.0,0,2,34.0,2.0,15.0,0.0,1.0,1.0,3.0,58.0,8.0,2.0,0.0,52.0,Good
3889,88.0,457.0,11.0,169.0,18.0,0.0,0.0,100.0,-7.0,7,8,28.0,1.0,0.0,12.0,0.0,0.0,14.0,-8.0,5.0,-8.0,0.0,50.0,Good
7601,68.0,142.0,3.0,66.0,37.0,2.0,2.0,90.0,19.0,6,3,40.0,3.0,23.0,-7.0,2.0,2.0,24.0,37.0,4.0,4.0,0.0,53.0,Bad
2951,66.0,176.0,4.0,86.0,34.0,2.0,1.0,89.0,3.0,0,5,33.0,2.0,14.0,3.0,1.0,1.0,16.0,33.0,11.0,3.0,0.0,67.0,Good
7692,85.0,214.0,5.0,79.0,28.0,0.0,0.0,97.0,39.0,6,6,33.0,1.0,33.0,14.0,0.0,0.0,7.0,-8.0,3.0,2.0,0.0,50.0,Good
2243,66.0,72.0,13.0,71.0,13.0,0.0,0.0,93.0,1.0,4,6,17.0,0.0,29.0,-7.0,0.0,0.0,58.0,-8.0,4.0,1.0,2.0,83.0,Bad
1131,-9.0,-9.0,-9.0,-9.0,-9.0,-9.0,-9.0,-9.0,-9.0,-9,-9,-9.0,-9.0,-9.0,-9.0,-9.0,-9.0,-9.0,-9.0,-9.0,-9.0,-9.0,-9.0,Bad
3928,86.0,214.0,3.0,96.0,24.0,0.0,0.0,100.0,-7.0,7,8,4.0,1.0,54.0,0.0,1.0,1.0,25.0,-8.0,1.0,1.0,1.0,33.0,Good
4488,77.0,130.0,5.0,66.0,22.0,2.0,0.0,92.0,31.0,6,5,32.0,3.0,29.0,-7.0,3.0,3.0,8.0,100.0,1.0,3.0,0.0,71.0,Good
2049,81.0,167.0,8.0,77.0,19.0,0.0,0.0,95.0,21.0,6,6,20.0,1.0,30.0,0.0,1.0,1.0,11.0,-8.0,1.0,1.0,0.0,40.0,Good
8319,71.0,236.0,11.0,96.0,22.0,0.0,0.0,100.0,-7.0,7,8,25.0,1.0,52.0,1.0,2.0,2.0,95.0,-8.0,3.0,1.0,2.0,80.0,Bad
4688,65.0,53.0,2.0,27.0,17.0,0.0,0.0,100.0,-7.0,7,8,19.0,4.0,61.0,0.0,3.0,3.0,51.0,57.0,5.0,3.0,1.0,89.0,Good
8298,74.0,202.0,5.0,75.0,25.0,2.0,2.0,100.0,-7.0,6,8,26.0,2.0,32.0,0.0,7.0,7.0,14.0,-8.0,6.0,1.0,0.0,41.0,Bad
5501,68.0,180.0,1.0,91.0,9.0,1.0,1.0,82.0,22.0,6,3,11.0,2.0,9.0,0.0,2.0,2.0,27.0,-8.0,4.0,-8.0,1.0,67.0,Bad
8535,71.0,-8.0,15.0,117.0,19.0,7.0,7.0,75.0,63.0,6,3,29.0,0.0,72.0,14.0,0.0,0.0,53.0,69.0,1.0,3.0,0.0,67.0,Good
1582,72.0,56.0,4.0,25.0,14.0,0.0,0.0,100.0,-7.0,7,8,14.0,4.0,14.0,0.0,1.0,0.0,20.0,-8.0,6.0,1.0,1.0,64.0,Bad
6555,63.0,110.0,8.0,62.0,16.0,0.0,0.0,81.0,13.0,5,6,16.0,1.0,44.0,0.0,0.0,0.0,68.0,74.0,4.0,3.0,2.0,88.0,Bad
6894,80.0,241.0,4.0,63.0,28.0,0.0,0.0,100.0,-7.0,7,8,28.0,6.0,18.0,0.0,4.0,4.0,5.0,-8.0,3.0,1.0,0.0,22.0,Good
565,73.0,136.0,18.0,63.0,36.0,0.0,0.0,100.0,-7.0,7,8,36.0,0.0,19.0,-7.0,0.0,0.0,38.0,-8.0,14.0,1.0,3.0,79.0,Bad
1868,77.0,516.0,14.0,110.0,10.0,0.0,0.0,90.0,14.0,6,6,10.0,0.0,30.0,0.0,1.0,1.0,55.0,79.0,3.0,2.0,1.0,86.0,Bad
7253,60.0,75.0,56.0,69.0,2.0,1.0,0.0,33.0,15.0,6,5,3.0,0.0,67.0,0.0,0.0,0.0,80.0,-8.0,1.0,1.0,1.0,100.0,Bad
365,63.0,170.0,2.0,76.0,53.0,3.0,2.0,94.0,22.0,5,2,62.0,4.0,44.0,0.0,4.0,3.0,34.0,3.0,6.0,2.0,2.0,57.0,Bad
4811,61.0,183.0,7.0,76.0,8.0,2.0,2.0,80.0,1.0,4,2,12.0,2.0,33.0,0.0,0.0,0.0,0.0,-8.0,1.0,1.0,0.0,50.0,Bad
2260,74.0,191.0,4.0,66.0,37.0,0.0,0.0,97.0,13.0,6,6,26.0,1.0,57.0,-7.0,0.0,0.0,33.0,83.0,4.0,6.0,0.0,63.0,Good
7456,76.0,177.0,30.0,80.0,13.0,0.0,0.0,85.0,26.0,6,6,13.0,0.0,54.0,0.0,1.0,1.0,42.0,-8.0,2.0,1.0,0.0,60.0,Good
3766,79.0,243.0,5.0,84.0,29.0,1.0,1.0,81.0,6.0,4,4,39.0,1.0,35.0,0.0,1.0,1.0,0.0,-8.0,3.0,2.0,1.0,50.0,Good
7263,68.0,262.0,11.0,113.0,21.0,2.0,0.0,74.0,14.0,6,5,23.0,1.0,17.0,0.0,0.0,0.0,38.0,-8.0,3.0,-8.0,3.0,25.0,Good
6056,56.0,178.0,1.0,82.0,27.0,0.0,0.0,83.0,6.0,6,6,29.0,2.0,24.0,1.0,1.0,1.0,77.0,86.0,8.0,3.0,2.0,86.0,Good
1062,77.0,158.0,6.0,67.0,16.0,0.0,0.0,94.0,3.0,4,6,17.0,2.0,12.0,0.0,2.0,2.0,10.0,91.0,1.0,2.0,0.0,50.0,Bad
6543,70.0,293.0,5.0,88.0,21.0,1.0,1.0,100.0,-7.0,6,8,21.0,5.0,43.0,0.0,0.0,0.0,56.0,71.0,5.0,3.0,2.0,89.0,Bad
8806,85.0,142.0,75.0,106.0,4.0,0.0,0.0,100.0,-7.0,7,8,4.0,0.0,0.0,-8.0,0.0,0.0,37.0,-8.0,4.0,-8.0,0.0,100.0,Good
5013,-9.0,-9.0,-9.0,-9.0,-9.0,-9.0,-9.0,-9.0,-9.0,-9,-9,-9.0,-9.0,-9.0,-9.0,-9.0,-9.0,-9.0,-9.0,-9.0,-9.0,-9.0,-9.0,Good
1203,-9.0,-9.0,-9.0,-9.0,-9.0,-9.0,-9.0,-9.0,-9.0,-9,-9,-9.0,-9.0,-9.0,-9.0,-9.0,-9.0,-9.0,-9.0,-9.0,-9.0,-9.0,-9.0,Good
2401,77.0,127.0,2.0,62.0,11.0,0.0,0.0,100.0,-7.0,7,8,10.0,1.0,25.0,-7.0,3.0,3.0,28.0,43.0,3.0,2.0,1.0,83.0,Bad
605,85.0,177.0,2.0,84.0,30.0,0.0,0.0,100.0,-7.0,7,8,35.0,1.0,33.0,-7.0,2.0,2.0,12.0,74.0,2.0,5.0,0.0,47.0,Good
3166,63.0,257.0,12.0,84.0,31.0,0.0,0.0,97.0,14.0,6,6,61.0,0.0,29.0,0.0,4.0,4.0,70.0,73.0,10.0,3.0,5.0,70.0,Bad
6848,73.0,339.0,2.0,89.0,33.0,2.0,1.0,92.0,36.0,6,3,38.0,5.0,32.0,2.0,2.0,2.0,23.0,72.0,6.0,4.0,1.0,77.0,Good
8695,69.0,33.0,4.0,16.0,5.0,0.0,0.0,100.0,-7.0,7,8,5.0,1.0,20.0,0.0,3.0,2.0,53.0,92.0,3.0,1.0,0.0,100.0,Bad
4710,59.0,-8.0,41.0,90.0,4.0,2.0,0.0,50.0,9.0,3,5,6.0,0.0,83.0,13.0,0.0,0.0,16.0,-8.0,1.0,1.0,0.0,100.0,Bad
4580,60.0,191.0,5.0,67.0,10.0,2.0,2.0,83.0,49.0,6,4,12.0,2.0,33.0,-7.0,1.0,1.0,86.0,86.0,3.0,2.0,2.0,71.0,Bad
4213,66.0,267.0,1.0,53.0,20.0,0.0,0.0,92.0,76.0,6,6,24.0,3.0,21.0,0.0,0.0,0.0,50.0,52.0,5.0,3.0,4.0,57.0,Good
1718,86.0,203.0,3.0,76.0,17.0,0.0,0.0,100.0,-7.0,7,8,17.0,2.0,24.0,0.0,0.0,0.0,4.0,70.0,4.0,3.0,0.0,58.0,Good
2119,63.0,191.0,4.0,102.0,40.0,1.0,0.0,75.0,4.0,4,5,44.0,3.0,23.0,0.0,4.0,4.0,34.0,44.0,11.0,3.0,2.0,74.0,Bad
601,68.0,220.0,3.0,87.0,13.0,2.0,1.0,75.0,36.0,6,2,16.0,1.0,75.0,-7.0,4.0,4.0,0.0,62.0,0.0,2.0,-8.0,40.0,Bad
2618,63.0,121.0,4.0,66.0,13.0,1.0,1.0,75.0,4.0,0,2,7.0,2.0,38.0,-7.0,2.0,2.0,0.0,72.0,3.0,2.0,1.0,75.0,Bad
9913,73.0,183.0,11.0,87.0,21.0,1.0,1.0,91.0,2.0,0,2,23.0,1.0,43.0,0.0,0.0,0.0,15.0,40.0,4.0,4.0,0.0,69.0,Good
8235,84.0,204.0,8.0,72.0,16.0,0.0,0.0,100.0,-7.0,7,8,17.0,1.0,59.0,0.0,0.0,0.0,23.0,54.0,2.0,2.0,-8.0,67.0,Good
6424,70.0,155.0,7.0,79.0,11.0,2.0,1.0,73.0,36.0,6,3,15.0,1.0,67.0,0.0,0.0,0.0,34.0,-8.0,1.0,1.0,0.0,100.0,Bad
4236,56.0,182.0,7.0,105.0,16.0,4.0,4.0,65.0,4.0,0,2,20.0,3.0,25.0,0.0,1.0,1.0,43.0,-8.0,3.0,-8.0,1.0,38.0,Good
1473,80.0,208.0,2.0,94.0,17.0,0.0,0.0,100.0,-7.0,7,8,19.0,2.0,37.0,0.0,1.0,1.0,49.0,32.0,4.0,2.0,1.0,100.0,Good
4311,59.0,244.0,4.0,76.0,27.0,1.0,0.0,80.0,6.0,4,5,30.0,2.0,40.0,0.0,2.0,2.0,88.0,54.0,7.0,4.0,3.0,93.0,Bad
2499,82.0,311.0,17.0,133.0,18.0,0.0,0.0,100.0,-7.0,7,8,21.0,0.0,22.0,-7.0,0.0,0.0,34.0,-8.0,4.0,2.0,1.0,60.0,Good
8711,69.0,126.0,2.0,48.0,20.0,0.0,0.0,100.0,-7.0,7,8,21.0,2.0,43.0,0.0,1.0,1.0,79.0,73.0,5.0,3.0,3.0,67.0,Bad
242,92.0,474.0,57.0,258.0,8.0,0.0,0.0,100.0,-7.0,7,8,8.0,0.0,0.0,2.0,1.0,1.0,1.0,-8.0,3.0,-8.0,0.0,50.0,Bad
8085,82.0,205.0,2.0,86.0,30.0,0.0,0.0,97.0,39.0,6,6,31.0,4.0,19.0,0.0,2.0,2.0,2.0,75.0,7.0,1.0,0.0,44.0,Good
4398,69.0,114.0,16.0,54.0,21.0,0.0,0.0,100.0,-7.0,7,8,21.0,0.0,48.0,0.0,4.0,4.0,57.0,80.0,8.0,3.0,2.0,92.0,Bad
1216,-9.0,-9.0,-9.0,-9.0,-9.0,-9.0,-9.0,-9.0,-9.0,-9,-9,-9.0,-9.0,-9.0,-9.0,-9.0,-9.0,-9.0,-9.0,-9.0,-9.0,-9.0,-9.0,Bad
6104,77.0,177.0,1.0,59.0,41.0,0.0,0.0,100.0,-7.0,7,8,43.0,6.0,9.0,0.0,3.0,3.0,3.0,-8.0,8.0,1.0,1.0,33.0,Good
3282,84.0,155.0,17.0,78.0,13.0,0.0,0.0,100.0,-7.0,6,7,17.0,0.0,50.0,12.0,0.0,0.0,1.0,-8.0,1.0,1.0,0.0,60.0,Bad
8477,75.0,-8.0,4.0,49.0,17.0,0.0,0.0,100.0,-7.0,7,8,19.0,2.0,26.0,-7.0,1.0,1.0,100.0,57.0,1.0,2.0,1.0,50.0,Good
1342,-9.0,-9.0,-9.0,-9.0,-9.0,-9.0,-9.0,-9.0,-9.0,-9,-9,-9.0,-9.0,-9.0,-9.0,-9.0,-9.0,-9.0,-9.0,-9.0,-9.0,-9.0,-9.0,Good
3108,70.0,186.0,5.0,75.0,35.0,2.0,2.0,87.0,28.0,6,2,24.0,4.0,16.0,1.0,2.0,2.0,26.0,33.0,4.0,2.0,1.0,33.0,Bad
10286,76.0,147.0,1.0,68.0,30.0,0.0,0.0,94.0,26.0,6,6,35.0,3.0,49.0,0.0,4.0,4.0,0.0,10.0,0.0,2.0,-8.0,50.0,Good
4475,56.0,179.0,12.0,74.0,32.0,3.0,1.0,74.0,2.0,3,4,38.0,0.0,40.0,-7.0,0.0,0.0,20.0,23.0,1.0,2.0,1.0,23.0,Good
7619,74.0,195.0,10.0,75.0,34.0,0.0,0.0,100.0,-7.0,7,8,34.0,2.0,29.0,-7.0,0.0,0.0,20.0,30.0,6.0,4.0,2.0,67.0,Good
5735,58.0,375.0,72.0,137.0,7.0,4.0,3.0,30.0,2.0,0,2,11.0,0.0,10.0,0.0,0.0,0.0,44.0,-8.0,2.0,-8.0,1.0,50.0,Bad
7354,66.0,111.0,2.0,35.0,12.0,1.0,1.0,88.0,26.0,6,2,16.0,2.0,75.0,0.0,4.0,4.0,28.0,84.0,2.0,2.0,-8.0,80.0,Bad
408,89.0,270.0,2.0,122.0,14.0,0.0,0.0,100.0,-7.0,7,8,15.0,1.0,33.0,0.0,1.0,1.0,2.0,-8.0,2.0,2.0,0.0,57.0,Good
4734,68.0,223.0,4.0,81.0,25.0,3.0,1.0,76.0,12.0,5,4,29.0,5.0,28.0,15.0,0.0,0.0,33.0,96.0,4.0,3.0,1.0,50.0,Bad
7659,58.0,258.0,1.0,81.0,16.0,0.0,0.0,89.0,9.0,4,6,18.0,3.0,33.0,-7.0,3.0,3.0,81.0,95.0,8.0,3.0,4.0,92.0,Bad
3294,72.0,216.0,5.0,107.0,18.0,0.0,0.0,95.0,61.0,6,6,3.0,3.0,21.0,3.0,5.0,5.0,54.0,89.0,6.0,3.0,1.0,75.0,Bad
1410,-9.0,-9.0,-9.0,-9.0,-9.0,-9.0,-9.0,-9.0,-9.0,-9,-9,-9.0,-9.0,-9.0,-9.0,-9.0,-9.0,-9.0,-9.0,-9.0,-9.0,-9.0,-9.0,Bad
4134,65.0,26.0,2.0,13.0,8.0,0.0,0.0,100.0,-7.0,7,8,11.0,4.0,45.0,0.0,2.0,2.0,39.0,83.0,5.0,2.0,0.0,88.0,Bad
8876,78.0,219.0,2.0,92.0,17.0,0.0,0.0,100.0,-7.0,7,8,20.0,2.0,50.0,0.0,4.0,4.0,79.0,54.0,1.0,3.0,1.0,67.0,Bad
3606,80.0,263.0,6.0,89.0,34.0,0.0,0.0,100.0,-7.0,7,8,44.0,1.0,33.0,0.0,4.0,4.0,27.0,47.0,4.0,3.0,1.0,64.0,Good
946,78.0,164.0,10.0,82.0,15.0,0.0,0.0,100.0,-7.0,7,8,16.0,1.0,38.0,-8.0,0.0,0.0,56.0,69.0,3.0,2.0,0.0,83.0,Good
918,90.0,280.0,6.0,92.0,18.0,0.0,0.0,100.0,-7.0,7,8,23.0,3.0,35.0,1.0,1.0,1.0,4.0,86.0,2.0,1.0,0.0,38.0,Good
1673,65.0,216.0,5.0,89.0,50.0,0.0,0.0,96.0,44.0,5,6,51.0,2.0,43.0,0.0,3.0,2.0,88.0,56.0,12.0,7.0,8.0,90.0,Bad
7371,63.0,243.0,1.0,80.0,13.0,1.0,0.0,75.0,4.0,4,5,16.0,3.0,50.0,0.0,2.0,2.0,14.0,-8.0,6.0,1.0,0.0,78.0,Bad
610,79.0,120.0,1.0,51.0,28.0,0.0,0.0,97.0,-8.0,6,6,29.0,3.0,45.0,-7.0,5.0,5.0,27.0,96.0,2.0,3.0,0.0,71.0,Good
4176,62.0,72.0,3.0,22.0,4.0,1.0,1.0,80.0,10.0,0,2,5.0,1.0,60.0,0.0,1.0,1.0,-8.0,-8.0,-8.0,2.0,-8.0,100.0,Bad
8367,66.0,143.0,6.0,72.0,14.0,2.0,1.0,83.0,23.0,6,2,18.0,2.0,28.0,0.0,2.0,2.0,76.0,-8.0,2.0,1.0,2.0,60.0,Good
4125,87.0,304.0,7.0,91.0,23.0,0.0,0.0,100.0,-7.0,7,8,24.0,1.0,63.0,0.0,0.0,0.0,8.0,73.0,5.0,2.0,0.0,78.0,Good
2295,74.0,115.0,13.0,31.0,10.0,0.0,0.0,100.0,-7.0,7,8,35.0,0.0,40.0,-7.0,1.0,1.0,21.0,73.0,3.0,2.0,1.0,86.0,Bad
4736,89.0,274.0,11.0,125.0,15.0,0.0,0.0,100.0,-7.0,7,8,15.0,1.0,20.0,16.0,0.0,0.0,6.0,96.0,3.0,2.0,0.0,50.0,Good
7843,62.0,189.0,31.0,80.0,8.0,3.0,2.0,36.0,32.0,6,3,11.0,0.0,27.0,0.0,2.0,2.0,57.0,-8.0,3.0,1.0,0.0,80.0,Good
5749,80.0,211.0,3.0,55.0,19.0,0.0,0.0,95.0,81.0,6,6,19.0,3.0,16.0,0.0,3.0,3.0,5.0,82.0,1.0,2.0,0.0,27.0,Good
3508,79.0,286.0,10.0,128.0,28.0,0.0,0.0,100.0,-7.0,7,8,32.0,1.0,18.0,1.0,3.0,3.0,2.0,-8.0,5.0,1.0,1.0,38.0,Good
9919,56.0,68.0,4.0,25.0,22.0,0.0,0.0,91.0,31.0,6,6,22.0,8.0,27.0,0.0,2.0,2.0,81.0,91.0,9.0,3.0,3.0,71.0,Bad
5868,59.0,184.0,1.0,86.0,21.0,2.0,2.0,91.0,0.0,0,6,24.0,2.0,55.0,0.0,5.0,5.0,0.0,20.0,0.0,5.0,-8.0,60.0,Good
10457,72.0,234.0,12.0,113.0,42.0,2.0,2.0,96.0,35.0,6,2,45.0,0.0,20.0,6.0,0.0,0.0,19.0,-8.0,4.0,1.0,0.0,38.0,Bad
3426,-9.0,-9.0,-9.0,-9.0,-9.0,-9.0,-9.0,-9.0,-9.0,-9,-9,-9.0,-9.0,-9.0,-9.0,-9.0,-9.0,-9.0,-9.0,-9.0,-9.0,-9.0,-9.0,Good
9724,77.0,300.0,2.0,109.0,66.0,2.0,2.0,97.0,22.0,6,3,77.0,6.0,31.0,6.0,0.0,0.0,29.0,-8.0,6.0,3.0,1.0,45.0,Good
10047,79.0,13.0,4.0,8.0,3.0,0.0,0.0,100.0,-7.0,7,8,3.0,2.0,33.0,-7.0,3.0,3.0,2.0,-8.0,1.0,1.0,0.0,67.0,Bad
7934,60.0,207.0,12.0,94.0,20.0,1.0,1.0,81.0,3.0,4,4,21.0,0.0,10.0,0.0,1.0,1.0,89.0,-8.0,9.0,1.0,4.0,100.0,Bad
996,90.0,330.0,29.0,117.0,20.0,0.0,0.0,100.0,-7.0,7,8,20.0,0.0,20.0,-8.0,0.0,0.0,1.0,-8.0,1.0,1.0,0.0,22.0,Good
9266,-9.0,-9.0,-9.0,-9.0,-9.0,-9.0,-9.0,-9.0,-9.0,-9,-9,-9.0,-9.0,-9.0,-9.0,-9.0,-9.0,-9.0,-9.0,-9.0,-9.0,-9.0,-9.0,Good
10406,72.0,206.0,3.0,75.0,49.0,0.0,0.0,100.0,-7.0,7,8,49.0,6.0,35.0,6.0,0.0,0.0,56.0,67.0,7.0,3.0,2.0,83.0,Good
2695,57.0,121.0,7.0,65.0,18.0,0.0,0.0,73.0,0.0,4,6,22.0,1.0,14.0,-7.0,0.0,0.0,56.0,48.0,9.0,2.0,3.0,92.0,Bad
1836,63.0,294.0,16.0,146.0,11.0,4.0,1.0,59.0,8.0,4,4,17.0,0.0,18.0,0.0,0.0,0.0,34.0,-8.0,7.0,1.0,1.0,67.0,Good
5883,84.0,320.0,2.0,121.0,24.0,0.0,0.0,100.0,-7.0,7,8,25.0,2.0,28.0,-7.0,2.0,2.0,6.0,-8.0,4.0,2.0,1.0,50.0,Good
6580,64.0,264.0,3.0,86.0,10.0,1.0,1.0,79.0,14.0,6,3,14.0,1.0,36.0,0.0,1.0,1.0,79.0,-8.0,4.0,1.0,1.0,83.0,Bad
494,69.0,72.0,3.0,48.0,14.0,1.0,0.0,87.0,20.0,6,5,15.0,2.0,7.0,-7.0,1.0,1.0,29.0,-8.0,5.0,1.0,0.0,58.0,Bad
5611,71.0,310.0,1.0,123.0,21.0,0.0,0.0,96.0,71.0,6,6,23.0,3.0,26.0,0.0,3.0,3.0,73.0,70.0,5.0,2.0,1.0,58.0,Good
7403,56.0,237.0,5.0,92.0,24.0,3.0,2.0,70.0,5.0,3,5,27.0,3.0,52.0,0.0,8.0,7.0,22.0,65.0,4.0,4.0,1.0,62.0,Good
10361,65.0,247.0,5.0,87.0,50.0,0.0,0.0,96.0,3.0,4,6,52.0,3.0,16.0,4.0,1.0,1.0,11.0,22.0,10.0,2.0,1.0,55.0,Good
7609,73.0,192.0,20.0,93.0,20.0,1.0,1.0,95.0,48.0,6,6,20.0,0.0,50.0,-7.0,1.0,1.0,33.0,75.0,1.0,5.0,0.0,60.0,Bad
6147,68.0,299.0,6.0,135.0,24.0,0.0,0.0,96.0,25.0,6,6,25.0,1.0,29.0,5.0,0.0,0.0,55.0,77.0,8.0,2.0,2.0,71.0,Bad
971,-9.0,-9.0,-9.0,-9.0,-9.0,-9.0,-9.0,-9.0,-9.0,-9,-9,-9.0,-9.0,-9.0,-9.0,-9.0,-9.0,-9.0,-9.0,-9.0,-9.0,-9.0,-9.0,Good
6542,63.0,369.0,5.0,131.0,21.0,2.0,2.0,100.0,-7.0,6,8,23.0,2.0,57.0,0.0,1.0,1.0,78.0,68.0,4.0,4.0,3.0,80.0,Good
3633,91.0,225.0,4.0,121.0,12.0,0.0,0.0,100.0,-7.0,7,8,28.0,2.0,25.0,-8.0,0.0,0.0,3.0,-8.0,2.0,1.0,0.0,60.0,Good
1723,63.0,85.0,2.0,27.0,4.0,1.0,1.0,83.0,4.0,4,4,7.0,4.0,83.0,0.0,0.0,0.0,3.0,100.0,1.0,2.0,-8.0,100.0,Bad
1189,-9.0,-9.0,-9.0,-9.0,-9.0,-9.0,-9.0,-9.0,-9.0,-9,-9,-9.0,-9.0,-9.0,-9.0,-9.0,-9.0,-9.0,-9.0,-9.0,-9.0,-9.0,-9.0,Bad
6347,60.0,107.0,7.0,51.0,24.0,0.0,0.0,100.0,-7.0,7,8,24.0,1.0,42.0,0.0,3.0,3.0,64.0,50.0,8.0,3.0,5.0,79.0,Bad
7462,71.0,386.0,2.0,86.0,30.0,1.0,0.0,97.0,10.0,3,5,33.0,2.0,24.0,0.0,0.0,0.0,24.0,60.0,5.0,5.0,1.0,53.0,Good
787,80.0,153.0,2.0,47.0,31.0,0.0,0.0,100.0,-7.0,7,8,34.0,5.0,55.0,2.0,2.0,2.0,1.0,70.0,1.0,4.0,0.0,45.0,Good
1124,-9.0,-9.0,-9.0,-9.0,-9.0,-9.0,-9.0,-9.0,-9.0,-9,-9,-9.0,-9.0,-9.0,-9.0,-9.0,-9.0,-9.0,-9.0,-9.0,-9.0,-9.0,-9.0,Bad
6158,74.0,197.0,8.0,93.0,49.0,0.0,0.0,100.0,-7.0,7,8,49.0,1.0,29.0,8.0,0.0,0.0,37.0,-8.0,6.0,2.0,1.0,53.0,Good
1752,76.0,145.0,16.0,90.0,5.0,1.0,1.0,86.0,60.0,6,4,7.0,0.0,29.0,0.0,0.0,0.0,0.0,22.0,1.0,1.0,-8.0,67.0,Bad
7220,69.0,121.0,3.0,55.0,31.0,1.0,1.0,97.0,43.0,6,4,32.0,2.0,59.0,0.0,1.0,1.0,43.0,66.0,5.0,6.0,0.0,73.0,Bad
8653,87.0,240.0,8.0,115.0,12.0,0.0,0.0,100.0,-7.0,7,8,12.0,1.0,58.0,7.0,0.0,0.0,1.0,91.0,1.0,3.0,0.0,67.0,Good
3983,90.0,470.0,25.0,159.0,13.0,0.0,0.0,100.0,-7.0,7,8,37.0,0.0,62.0,23.0,0.0,0.0,0.0,-8.0,1.0,-8.0,0.0,50.0,Good
5144,66.0,310.0,3.0,95.0,24.0,1.0,0.0,96.0,3.0,3,5,28.0,2.0,46.0,0.0,1.0,1.0,43.0,55.0,4.0,3.0,1.0,78.0,Bad
1822,65.0,521.0,10.0,159.0,36.0,0.0,0.0,90.0,3.0,4,6,39.0,1.0,41.0,0.0,0.0,0.0,19.0,85.0,7.0,2.0,0.0,64.0,Good
6033,74.0,319.0,2.0,75.0,30.0,0.0,0.0,100.0,-7.0,7,8,31.0,4.0,29.0,2.0,5.0,5.0,37.0,77.0,6.0,5.0,0.0,69.0,Good
5320,77.0,213.0,4.0,96.0,45.0,0.0,0.0,96.0,33.0,6,6,47.0,3.0,23.0,0.0,2.0,2.0,11.0,-8.0,4.0,-8.0,0.0,31.0,Good
5579,81.0,170.0,7.0,72.0,6.0,0.0,0.0,100.0,-7.0,7,8,6.0,1.0,0.0,0.0,0.0,0.0,19.0,-8.0,4.0,-8.0,1.0,67.0,Bad
6745,64.0,192.0,6.0,89.0,18.0,0.0,0.0,100.0,-7.0,7,8,18.0,3.0,17.0,2.0,2.0,1.0,68.0,48.0,10.0,2.0,4.0,93.0,Good
1297,-9.0,-9.0,-9.0,-9.0,-9.0,-9.0,-9.0,-9.0,-9.0,-9,-9,-9.0,-9.0,-9.0,-9.0,-9.0,-9.0,-9.0,-9.0,-9.0,-9.0,-9.0,-9.0,Good
9533,56.0,107.0,18.0,60.0,14.0,0.0,0.0,71.0,3.0,4,6,17.0,0.0,24.0,0.0,0.0,0.0,49.0,91.0,4.0,2.0,4.0,67.0,Bad
6001,59.0,48.0,10.0,23.0,21.0,0.0,0.0,100.0,-7.0,7,8,22.0,2.0,43.0,1.0,3.0,2.0,52.0,87.0,5.0,4.0,3.0,75.0,Good
3902,70.0,297.0,2.0,140.0,16.0,0.0,0.0,100.0,-7.0,7,8,12.0,1.0,24.0,16.0,0.0,0.0,71.0,48.0,8.0,2.0,3.0,100.0,Good
6622,69.0,182.0,19.0,136.0,10.0,1.0,1.0,54.0,9.0,4,4,13.0,0.0,38.0,-7.0,0.0,0.0,46.0,55.0,1.0,2.0,1.0,43.0,Bad
9411,76.0,134.0,9.0,72.0,6.0,0.0,0.0,86.0,14.0,6,6,7.0,1.0,29.0,-8.0,0.0,0.0,55.0,10.0,2.0,1.0,0.0,60.0,Good
2130,79.0,128.0,12.0,63.0,14.0,0.0,0.0,100.0,-7.0,7,8,14.0,0.0,29.0,0.0,1.0,1.0,28.0,-8.0,6.0,1.0,1.0,70.0,Good
1971,76.0,368.0,6.0,80.0,31.0,0.0,0.0,100.0,-7.0,7,8,32.0,3.0,16.0,0.0,0.0,0.0,21.0,50.0,8.0,2.0,2.0,65.0,Good
8272,72.0,48.0,10.0,26.0,4.0,0.0,0.0,100.0,-7.0,7,8,4.0,1.0,25.0,-7.0,1.0,1.0,54.0,-8.0,3.0,1.0,0.0,100.0,Bad
1863,60.0,101.0,8.0,34.0,20.0,1.0,0.0,81.0,8.0,4,5,21.0,2.0,67.0,0.0,0.0,0.0,30.0,89.0,1.0,8.0,1.0,82.0,Bad
5328,89.0,496.0,8.0,140.0,20.0,0.0,0.0,100.0,-7.0,7,8,22.0,1.0,0.0,0.0,2.0,1.0,7.0,-8.0,3.0,-8.0,0.0,27.0,Bad
9463,66.0,150.0,14.0,80.0,17.0,3.0,1.0,67.0,43.0,6,5,24.0,0.0,63.0,0.0,0.0,0.0,-8.0,61.0,-8.0,2.0,-8.0,100.0,Bad
1448,-9.0,-9.0,-9.0,-9.0,-9.0,-9.0,-9.0,-9.0,-9.0,-9,-9,-9.0,-9.0,-9.0,-9.0,-9.0,-9.0,-9.0,-9.0,-9.0,-9.0,-9.0,-9.0,Good
4925,78.0,240.0,10.0,83.0,51.0,0.0,0.0,100.0,-7.0,7,8,56.0,2.0,29.0,0.0,1.0,1.0,21.0,85.0,3.0,3.0,0.0,50.0,Good
4188,78.0,244.0,7.0,69.0,16.0,1.0,1.0,88.0,15.0,6,4,17.0,1.0,41.0,0.0,0.0,0.0,1.0,79.0,1.0,3.0,0.0,40.0,Bad
9796,77.0,169.0,2.0,69.0,40.0,0.0,0.0,100.0,-7.0,7,8,42.0,3.0,12.0,0.0,3.0,2.0,14.0,89.0,9.0,1.0,0.0,36.0,Bad
3083,76.0,65.0,9.0,114.0,21.0,1.0,1.0,100.0,-7.0,6,8,3.0,3.0,24.0,10.0,0.0,0.0,20.0,74.0,3.0,1.0,1.0,50.0,Good
1626,73.0,112.0,8.0,50.0,22.0,0.0,0.0,100.0,-7.0,7,8,25.0,1.0,29.0,0.0,0.0,0.0,39.0,-8.0,7.0,2.0,1.0,64.0,Good
4038,89.0,-8.0,3.0,114.0,19.0,0.0,0.0,100.0,-7.0,7,8,0.0,1.0,26.0,-8.0,0.0,0.0,2.0,94.0,2.0,2.0,0.0,57.0,Good
4856,69.0,112.0,5.0,53.0,38.0,0.0,0.0,100.0,-7.0,7,8,40.0,2.0,29.0,5.0,1.0,1.0,68.0,86.0,5.0,4.0,4.0,64.0,Bad
9459,57.0,204.0,6.0,73.0,28.0,1.0,1.0,97.0,1.0,0,2,29.0,6.0,41.0,0.0,0.0,0.0,14.0,96.0,4.0,4.0,1.0,62.0,Bad
7791,88.0,237.0,16.0,119.0,10.0,0.0,0.0,100.0,-7.0,7,8,10.0,0.0,10.0,23.0,0.0,0.0,1.0,-8.0,4.0,1.0,0.0,56.0,Good
1071,77.0,145.0,2.0,36.0,7.0,0.0,0.0,100.0,-7.0,7,8,8.0,4.0,25.0,3.0,3.0,3.0,42.0,-8.0,1.0,2.0,0.0,60.0,Good
8667,82.0,429.0,10.0,115.0,30.0,0.0,0.0,97.0,19.0,6,6,30.0,1.0,13.0,11.0,0.0,0.0,10.0,51.0,11.0,2.0,0.0,65.0,Good
5692,70.0,285.0,1.0,96.0,13.0,1.0,0.0,67.0,8.0,4,5,15.0,1.0,27.0,0.0,1.0,1.0,25.0,-8.0,3.0,1.0,0.0,50.0,Bad
8378,54.0,123.0,6.0,54.0,21.0,0.0,0.0,88.0,4.0,4,6,26.0,3.0,42.0,0.0,0.0,0.0,63.0,45.0,4.0,3.0,1.0,78.0,Good
8817,70.0,150.0,22.0,91.0,20.0,1.0,1.0,81.0,7.0,4,6,22.0,0.0,18.0,1.0,1.0,1.0,15.0,-8.0,2.0,1.0,0.0,38.0,Bad
6359,59.0,32.0,10.0,23.0,3.0,1.0,1.0,100.0,-7.0,7,8,4.0,1.0,67.0,0.0,1.0,1.0,90.0,-8.0,1.0,1.0,1.0,100.0,Bad
6600,87.0,441.0,7.0,114.0,20.0,0.0,0.0,100.0,-7.0,7,8,21.0,2.0,30.0,-7.0,3.0,3.0,3.0,50.0,2.0,1.0,1.0,33.0,Good
157,79.0,245.0,6.0,100.0,35.0,0.0,0.0,100.0,-7.0,7,8,37.0,1.0,43.0,4.0,1.0,1.0,18.0,61.0,6.0,4.0,0.0,71.0,Good
4519,68.0,121.0,0.0,72.0,19.0,1.0,1.0,100.0,-7.0,7,8,20.0,1.0,30.0,-7.0,0.0,0.0,43.0,47.0,2.0,2.0,1.0,44.0,Bad
1524,83.0,154.0,4.0,57.0,13.0,0.0,0.0,93.0,-8.0,6,6,14.0,1.0,43.0,0.0,0.0,0.0,4.0,80.0,1.0,4.0,1.0,45.0,Good
5722,90.0,155.0,11.0,72.0,6.0,0.0,0.0,100.0,-7.0,7,8,6.0,1.0,0.0,0.0,0.0,0.0,1.0,-8.0,2.0,-8.0,0.0,50.0,Bad
4562,87.0,85.0,42.0,63.0,7.0,0.0,0.0,100.0,-7.0,7,8,7.0,0.0,29.0,-7.0,1.0,1.0,2.0,-8.0,2.0,1.0,0.0,100.0,Good
6462,81.0,183.0,21.0,88.0,27.0,0.0,0.0,100.0,-7.0,7,8,28.0,0.0,29.0,0.0,2.0,2.0,9.0,32.0,4.0,2.0,1.0,60.0,Good
3817,66.0,123.0,5.0,51.0,38.0,0.0,0.0,97.0,9.0,4,6,26.0,1.0,26.0,0.0,4.0,3.0,38.0,61.0,5.0,3.0,1.0,53.0,Bad
6772,92.0,330.0,1.0,119.0,10.0,0.0,0.0,100.0,-7.0,7,8,11.0,2.0,9.0,-8.0,0.0,0.0,1.0,53.0,1.0,1.0,0.0,33.0,Bad
912,86.0,152.0,4.0,71.0,33.0,0.0,0.0,100.0,-7.0,7,8,33.0,2.0,33.0,2.0,5.0,5.0,11.0,-8.0,1.0,3.0,0.0,50.0,Good
8039,91.0,318.0,33.0,100.0,22.0,0.0,0.0,100.0,-7.0,7,8,22.0,0.0,64.0,13.0,0.0,0.0,1.0,-8.0,3.0,2.0,0.0,56.0,Good
5339,-9.0,-9.0,-9.0,-9.0,-9.0,-9.0,-9.0,-9.0,-9.0,-9,-9,-9.0,-9.0,-9.0,-9.0,-9.0,-9.0,-9.0,-9.0,-9.0,-9.0,-9.0,-9.0,Good
3090,52.0,195.0,3.0,66.0,20.0,2.0,2.0,75.0,1.0,4,2,24.0,7.0,29.0,8.0,0.0,0.0,88.0,65.0,6.0,3.0,3.0,90.0,Bad
4489,-9.0,-9.0,-9.0,-9.0,-9.0,-9.0,-9.0,-9.0,-9.0,-9,-9,-9.0,-9.0,-9.0,-9.0,-9.0,-9.0,-9.0,-9.0,-9.0,-9.0,-9.0,-9.0,Good
143,80.0,233.0,3.0,106.0,28.0,0.0,0.0,97.0,2.0,4,6,30.0,4.0,37.0,2.0,3.0,3.0,4.0,98.0,4.0,2.0,0.0,86.0,Good
2838,70.0,-8.0,2.0,54.0,33.0,0.0,0.0,100.0,-7.0,7,8,0.0,5.0,34.0,4.0,1.0,1.0,38.0,98.0,2.0,5.0,1.0,64.0,Bad
7435,91.0,454.0,89.0,173.0,9.0,0.0,0.0,100.0,-7.0,7,8,9.0,0.0,33.0,0.0,1.0,1.0,1.0,-8.0,1.0,-8.0,0.0,33.0,Bad
9484,61.0,84.0,12.0,28.0,4.0,2.0,2.0,80.0,61.0,6,2,6.0,0.0,60.0,0.0,3.0,3.0,101.0,93.0,2.0,2.0,2.0,100.0,Bad
6007,73.0,77.0,5.0,44.0,15.0,0.0,0.0,100.0,-7.0,7,8,15.0,1.0,67.0,14.0,0.0,0.0,68.0,77.0,3.0,4.0,2.0,100.0,Bad
10425,80.0,40.0,40.0,40.0,1.0,0.0,0.0,100.0,-7.0,7,8,1.0,0.0,0.0,-8.0,0.0,0.0,27.0,-8.0,1.0,-8.0,-8.0,100.0,Bad
4326,62.0,240.0,5.0,104.0,24.0,0.0,0.0,92.0,3.0,4,6,24.0,2.0,33.0,0.0,0.0,0.0,61.0,68.0,6.0,2.0,3.0,69.0,Good
4361,77.0,140.0,25.0,68.0,15.0,0.0,0.0,94.0,42.0,6,6,16.0,0.0,31.0,0.0,0.0,0.0,4.0,75.0,2.0,2.0,0.0,55.0,Good
3138,63.0,211.0,1.0,41.0,33.0,1.0,1.0,97.0,53.0,6,2,31.0,14.0,11.0,2.0,3.0,3.0,66.0,91.0,24.0,3.0,9.0,84.0,Bad
4053,79.0,334.0,4.0,119.0,38.0,0.0,0.0,100.0,-7.0,7,8,45.0,1.0,32.0,3.0,3.0,3.0,16.0,63.0,5.0,2.0,0.0,37.0,Good
9139,71.0,157.0,8.0,81.0,14.0,1.0,1.0,87.0,7.0,4,6,15.0,1.0,27.0,-7.0,0.0,0.0,18.0,-8.0,1.0,-8.0,1.0,33.0,Bad
10267,85.0,324.0,20.0,143.0,21.0,0.0,0.0,100.0,-7.0,7,8,21.0,0.0,33.0,-8.0,0.0,0.0,10.0,-8.0,4.0,1.0,0.0,70.0,Good
264,77.0,165.0,12.0,75.0,20.0,0.0,0.0,95.0,-8.0,6,6,20.0,0.0,20.0,0.0,0.0,0.0,41.0,44.0,4.0,2.0,1.0,43.0,Good
8632,65.0,292.0,4.0,62.0,42.0,1.0,0.0,96.0,1.0,3,5,45.0,4.0,31.0,0.0,3.0,3.0,11.0,89.0,3.0,4.0,0.0,35.0,Good
8055,-9.0,-9.0,-9.0,-9.0,-9.0,-9.0,-9.0,-9.0,-9.0,-9,-9,-9.0,-9.0,-9.0,-9.0,-9.0,-9.0,-9.0,-9.0,-9.0,-9.0,-9.0,-9.0,Bad
10119,82.0,215.0,32.0,73.0,10.0,0.0,0.0,100.0,-7.0,7,8,10.0,0.0,60.0,-7.0,1.0,0.0,0.0,26.0,2.0,4.0,1.0,100.0,Good
4607,71.0,127.0,4.0,67.0,18.0,0.0,0.0,94.0,28.0,6,6,18.0,1.0,33.0,-7.0,0.0,0.0,87.0,87.0,3.0,3.0,1.0,100.0,Bad
1689,69.0,324.0,20.0,127.0,22.0,1.0,1.0,95.0,-8.0,6,6,22.0,0.0,41.0,0.0,0.0,0.0,16.0,64.0,7.0,3.0,2.0,73.0,Good
9695,84.0,200.0,12.0,69.0,18.0,0.0,0.0,100.0,-7.0,7,8,18.0,0.0,39.0,13.0,0.0,0.0,1.0,86.0,2.0,2.0,0.0,40.0,Good
1856,61.0,350.0,5.0,92.0,33.0,2.0,0.0,86.0,1.0,3,5,36.0,5.0,25.0,0.0,1.0,1.0,43.0,74.0,6.0,3.0,1.0,53.0,Bad
625,69.0,73.0,4.0,34.0,9.0,1.0,1.0,100.0,-7.0,6,8,9.0,2.0,44.0,9.0,0.0,0.0,32.0,84.0,3.0,3.0,1.0,86.0,Good
7605,57.0,10.0,5.0,7.0,6.0,0.0,0.0,100.0,-7.0,7,8,6.0,6.0,50.0,-7.0,0.0,0.0,97.0,93.0,3.0,2.0,1.0,100.0,Bad
1873,56.0,324.0,2.0,100.0,39.0,0.0,0.0,95.0,15.0,6,6,42.0,2.0,14.0,0.0,4.0,4.0,94.0,-8.0,20.0,1.0,18.0,85.0,Bad
8522,68.0,170.0,1.0,63.0,21.0,1.0,1.0,95.0,45.0,6,6,24.0,5.0,36.0,-7.0,3.0,3.0,26.0,65.0,4.0,3.0,0.0,64.0,Bad
5158,55.0,336.0,5.0,111.0,17.0,2.0,1.0,74.0,1.0,0,2,20.0,2.0,32.0,-7.0,0.0,0.0,39.0,-8.0,5.0,2.0,0.0,88.0,Bad
3708,70.0,127.0,11.0,52.0,20.0,0.0,0.0,100.0,-7.0,7,8,19.0,1.0,50.0,1.0,11.0,11.0,77.0,97.0,1.0,3.0,1.0,57.0,Good
6548,70.0,288.0,5.0,67.0,32.0,0.0,0.0,97.0,-8.0,6,6,34.0,3.0,21.0,0.0,1.0,1.0,25.0,41.0,9.0,2.0,1.0,65.0,Good
3015,74.0,170.0,2.0,10.0,3.0,0.0,0.0,100.0,-7.0,7,8,24.0,3.0,25.0,0.0,3.0,3.0,2.0,-8.0,2.0,1.0,0.0,75.0,Good
5971,68.0,184.0,10.0,89.0,25.0,0.0,0.0,96.0,62.0,6,6,27.0,1.0,27.0,-7.0,12.0,12.0,24.0,84.0,4.0,3.0,2.0,54.0,Good
2458,65.0,13.0,5.0,44.0,18.0,1.0,1.0,95.0,34.0,0,2,1.0,2.0,26.0,-7.0,0.0,0.0,58.0,15.0,6.0,2.0,1.0,89.0,Bad
49,65.0,478.0,12.0,97.0,44.0,0.0,0.0,89.0,1.0,4,6,47.0,0.0,32.0,0.0,9.0,9.0,63.0,-8.0,9.0,-8.0,6.0,60.0,Bad
10084,81.0,117.0,6.0,54.0,14.0,0.0,0.0,93.0,31.0,6,6,14.0,3.0,21.0,-7.0,0.0,0.0,2.0,-8.0,2.0,1.0,0.0,43.0,Bad
7316,57.0,179.0,8.0,75.0,31.0,2.0,0.0,76.0,17.0,6,5,34.0,1.0,41.0,0.0,0.0,0.0,73.0,79.0,5.0,2.0,3.0,70.0,Bad
6250,43.0,165.0,15.0,80.0,20.0,6.0,4.0,61.0,1.0,3,3,28.0,0.0,11.0,2.0,2.0,2.0,93.0,-8.0,15.0,-8.0,7.0,100.0,Bad
3879,63.0,437.0,6.0,154.0,10.0,3.0,1.0,77.0,8.0,2,4,27.0,1.0,38.0,5.0,0.0,0.0,36.0,31.0,5.0,3.0,0.0,80.0,Bad
7821,79.0,247.0,0.0,75.0,47.0,0.0,0.0,100.0,-7.0,7,8,50.0,3.0,14.0,0.0,2.0,2.0,41.0,60.0,6.0,2.0,1.0,100.0,Good
9799,77.0,107.0,3.0,52.0,22.0,0.0,0.0,100.0,-7.0,7,8,24.0,3.0,33.0,0.0,1.0,1.0,17.0,100.0,4.0,2.0,1.0,55.0,Bad
5204,56.0,41.0,10.0,19.0,8.0,0.0,0.0,88.0,8.0,4,6,8.0,4.0,50.0,0.0,2.0,2.0,73.0,79.0,2.0,2.0,1.0,80.0,Good
9526,55.0,80.0,17.0,56.0,4.0,5.0,2.0,56.0,31.0,6,2,9.0,0.0,33.0,0.0,10.0,9.0,0.0,71.0,0.0,1.0,-8.0,33.0,Bad
6225,-9.0,-9.0,-9.0,-9.0,-9.0,-9.0,-9.0,-9.0,-9.0,-9,-9,-9.0,-9.0,-9.0,-9.0,-9.0,-9.0,-9.0,-9.0,-9.0,-9.0,-9.0,-9.0,Good
5022,77.0,237.0,5.0,78.0,27.0,0.0,0.0,100.0,-7.0,7,8,27.0,2.0,11.0,15.0,0.0,0.0,35.0,-8.0,5.0,1.0,2.0,67.0,Good
4567,70.0,159.0,3.0,62.0,29.0,0.0,0.0,86.0,1.0,4,6,29.0,6.0,48.0,-7.0,1.0,1.0,9.0,69.0,2.0,6.0,2.0,57.0,Bad
5083,75.0,194.0,2.0,78.0,12.0,0.0,0.0,100.0,-7.0,7,8,13.0,2.0,62.0,-7.0,1.0,1.0,97.0,86.0,4.0,3.0,3.0,100.0,Bad
4483,72.0,117.0,1.0,48.0,13.0,1.0,0.0,87.0,72.0,6,5,15.0,1.0,47.0,-7.0,3.0,3.0,42.0,100.0,3.0,2.0,0.0,100.0,Bad
8563,56.0,166.0,2.0,55.0,28.0,3.0,2.0,78.0,1.0,4,2,32.0,3.0,28.0,1.0,1.0,1.0,43.0,85.0,13.0,4.0,4.0,81.0,Bad
8725,71.0,106.0,0.0,39.0,22.0,0.0,0.0,92.0,54.0,6,6,25.0,7.0,52.0,0.0,3.0,2.0,32.0,94.0,4.0,4.0,1.0,67.0,Bad
1074,88.0,192.0,2.0,90.0,17.0,0.0,0.0,100.0,-7.0,7,8,18.0,1.0,33.0,1.0,2.0,2.0,9.0,66.0,2.0,2.0,0.0,44.0,Good
1674,66.0,134.0,3.0,51.0,21.0,0.0,0.0,100.0,-7.0,7,8,21.0,5.0,29.0,0.0,3.0,3.0,59.0,44.0,5.0,2.0,3.0,58.0,Bad
8338,76.0,140.0,4.0,54.0,15.0,0.0,0.0,100.0,-7.0,7,8,15.0,4.0,53.0,0.0,4.0,4.0,14.0,71.0,3.0,3.0,1.0,67.0,Bad
5569,69.0,404.0,28.0,168.0,12.0,1.0,1.0,79.0,7.0,1,3,15.0,0.0,29.0,8.0,0.0,0.0,55.0,-8.0,2.0,1.0,1.0,67.0,Bad
4550,65.0,68.0,2.0,36.0,18.0,0.0,0.0,95.0,50.0,6,6,19.0,6.0,53.0,-7.0,2.0,2.0,71.0,75.0,5.0,4.0,0.0,90.0,Bad
7150,55.0,118.0,8.0,72.0,24.0,6.0,1.0,63.0,2.0,4,3,30.0,1.0,10.0,0.0,0.0,0.0,36.0,28.0,4.0,3.0,2.0,54.0,Bad
4526,70.0,70.0,10.0,39.0,9.0,1.0,0.0,82.0,16.0,6,5,12.0,1.0,36.0,-7.0,1.0,0.0,8.0,78.0,4.0,1.0,0.0,71.0,Bad
2442,65.0,166.0,11.0,63.0,21.0,1.0,1.0,83.0,25.0,5,2,30.0,1.0,35.0,-7.0,0.0,0.0,58.0,4.0,5.0,2.0,1.0,88.0,Good
5706,64.0,201.0,3.0,78.0,58.0,0.0,0.0,95.0,59.0,6,6,58.0,6.0,21.0,0.0,4.0,3.0,35.0,99.0,9.0,4.0,3.0,39.0,Bad
6118,85.0,216.0,26.0,89.0,14.0,0.0,0.0,100.0,-7.0,7,8,15.0,0.0,33.0,0.0,0.0,0.0,25.0,-8.0,2.0,1.0,0.0,50.0,Good
5983,61.0,128.0,4.0,61.0,5.0,1.0,1.0,75.0,13.0,6,2,8.0,1.0,38.0,3.0,2.0,2.0,90.0,-8.0,1.0,1.0,1.0,100.0,Bad
5142,74.0,228.0,8.0,78.0,19.0,0.0,0.0,100.0,-7.0,7,8,20.0,1.0,50.0,0.0,0.0,0.0,61.0,93.0,4.0,2.0,0.0,100.0,Bad
9108,61.0,256.0,12.0,99.0,14.0,1.0,0.0,68.0,2.0,4,5,19.0,0.0,58.0,-7.0,0.0,0.0,63.0,89.0,2.0,4.0,1.0,88.0,Bad
1465,67.0,132.0,7.0,38.0,11.0,1.0,1.0,100.0,-7.0,0,8,12.0,4.0,36.0,0.0,3.0,3.0,35.0,97.0,3.0,3.0,0.0,75.0,Bad
6978,86.0,215.0,5.0,80.0,38.0,0.0,0.0,100.0,-7.0,7,8,39.0,2.0,16.0,12.0,0.0,0.0,2.0,-8.0,1.0,2.0,0.0,21.0,Good
3901,64.0,241.0,2.0,92.0,39.0,0.0,0.0,100.0,-7.0,7,8,50.0,1.0,33.0,0.0,5.0,5.0,68.0,66.0,10.0,1.0,4.0,65.0,Good
2571,64.0,-8.0,5.0,56.0,10.0,1.0,1.0,91.0,12.0,6,3,0.0,3.0,27.0,-7.0,0.0,0.0,76.0,76.0,5.0,2.0,2.0,100.0,Bad
6990,86.0,264.0,5.0,134.0,17.0,0.0,0.0,100.0,-7.0,7,8,17.0,2.0,12.0,-8.0,0.0,0.0,13.0,95.0,6.0,2.0,0.0,67.0,Good
7816,61.0,83.0,2.0,40.0,22.0,0.0,0.0,96.0,1.0,4,6,23.0,4.0,26.0,3.0,1.0,1.0,50.0,-8.0,7.0,2.0,1.0,69.0,Bad
1545,74.0,217.0,5.0,94.0,28.0,0.0,0.0,100.0,-7.0,6,8,30.0,1.0,57.0,0.0,2.0,2.0,72.0,-8.0,4.0,2.0,3.0,75.0,Bad
8587,66.0,150.0,10.0,69.0,17.0,1.0,0.0,90.0,9.0,3,5,23.0,2.0,39.0,3.0,1.0,1.0,33.0,81.0,2.0,2.0,0.0,50.0,Good
7684,62.0,206.0,6.0,54.0,34.0,1.0,1.0,100.0,-7.0,6,8,36.0,5.0,47.0,0.0,1.0,1.0,31.0,81.0,3.0,4.0,1.0,54.0,Bad
2403,56.0,-8.0,10.0,43.0,7.0,1.0,0.0,38.0,0.0,3,5,0.0,1.0,25.0,-7.0,0.0,0.0,26.0,-8.0,2.0,1.0,0.0,57.0,Bad
4594,60.0,197.0,7.0,86.0,25.0,0.0,0.0,88.0,3.0,4,6,26.0,2.0,27.0,-7.0,1.0,1.0,82.0,-8.0,7.0,1.0,3.0,82.0,Bad
9791,54.0,167.0,6.0,60.0,10.0,1.0,1.0,82.0,5.0,4,3,11.0,2.0,45.0,0.0,0.0,0.0,74.0,98.0,3.0,2.0,2.0,100.0,Bad
2770,73.0,251.0,2.0,113.0,56.0,0.0,0.0,100.0,-7.0,7,8,63.0,4.0,33.0,-7.0,6.0,6.0,45.0,108.0,16.0,3.0,6.0,76.0,Bad
359,78.0,174.0,2.0,98.0,18.0,0.0,0.0,95.0,-8.0,6,6,20.0,2.0,55.0,0.0,1.0,1.0,23.0,57.0,1.0,4.0,0.0,75.0,Bad
7546,64.0,114.0,8.0,55.0,24.0,0.0,0.0,92.0,14.0,6,6,26.0,3.0,35.0,-7.0,2.0,2.0,41.0,85.0,6.0,2.0,2.0,73.0,Bad
8537,66.0,190.0,1.0,64.0,7.0,1.0,1.0,78.0,-7.0,6,7,9.0,3.0,22.0,0.0,7.0,7.0,34.0,-8.0,5.0,1.0,0.0,100.0,Bad
9590,68.0,108.0,4.0,50.0,15.0,0.0,0.0,100.0,-7.0,7,8,18.0,3.0,44.0,4.0,4.0,4.0,66.0,60.0,6.0,2.0,3.0,100.0,Bad
9884,78.0,96.0,1.0,35.0,12.0,0.0,0.0,100.0,-7.0,7,8,13.0,1.0,38.0,0.0,0.0,0.0,11.0,83.0,2.0,2.0,1.0,67.0,Bad
3186,66.0,-8.0,7.0,78.0,32.0,4.0,4.0,86.0,7.0,6,2,0.0,3.0,19.0,0.0,1.0,1.0,33.0,19.0,7.0,3.0,1.0,65.0,Bad
4873,74.0,123.0,1.0,52.0,23.0,0.0,0.0,100.0,-7.0,7,8,24.0,3.0,33.0,5.0,0.0,0.0,38.0,43.0,4.0,5.0,1.0,75.0,Good
1599,83.0,227.0,13.0,95.0,18.0,0.0,0.0,100.0,-7.0,7,8,19.0,0.0,37.0,0.0,0.0,0.0,26.0,33.0,2.0,2.0,0.0,50.0,Good
7408,82.0,120.0,2.0,43.0,15.0,0.0,0.0,100.0,-7.0,7,8,17.0,4.0,29.0,0.0,0.0,0.0,33.0,80.0,2.0,4.0,0.0,86.0,Good
9980,79.0,186.0,9.0,89.0,13.0,0.0,0.0,100.0,-7.0,7,8,13.0,1.0,46.0,0.0,0.0,0.0,28.0,50.0,4.0,1.0,1.0,86.0,Good
9159,75.0,163.0,35.0,94.0,31.0,1.0,0.0,97.0,25.0,6,5,38.0,0.0,47.0,-7.0,1.0,1.0,5.0,-8.0,3.0,1.0,0.0,44.0,Good
2393,70.0,173.0,6.0,85.0,12.0,0.0,0.0,100.0,-7.0,7,8,10.0,2.0,46.0,-7.0,0.0,0.0,93.0,13.0,3.0,4.0,3.0,100.0,Bad
8419,58.0,92.0,6.0,40.0,34.0,1.0,1.0,100.0,-7.0,0,8,41.0,1.0,22.0,0.0,4.0,4.0,37.0,100.0,8.0,4.0,3.0,52.0,Bad
8788,64.0,50.0,7.0,26.0,14.0,2.0,2.0,100.0,-7.0,6,8,15.0,3.0,43.0,8.0,0.0,0.0,64.0,77.0,3.0,3.0,1.0,55.0,Bad
3154,84.0,196.0,13.0,144.0,48.0,0.0,0.0,100.0,-7.0,7,8,19.0,0.0,36.0,0.0,3.0,2.0,23.0,-8.0,4.0,1.0,1.0,56.0,Good
7890,86.0,357.0,6.0,88.0,20.0,0.0,0.0,100.0,-7.0,7,8,20.0,3.0,30.0,6.0,0.0,0.0,2.0,-8.0,2.0,1.0,0.0,25.0,Bad
6694,79.0,199.0,10.0,179.0,27.0,0.0,0.0,100.0,-7.0,7,8,27.0,1.0,26.0,-7.0,3.0,3.0,25.0,52.0,3.0,2.0,1.0,38.0,Good
9786,76.0,71.0,6.0,34.0,13.0,0.0,0.0,100.0,-7.0,7,8,15.0,2.0,40.0,0.0,1.0,1.0,27.0,83.0,2.0,3.0,0.0,63.0,Bad
1973,68.0,293.0,2.0,65.0,15.0,2.0,2.0,100.0,-7.0,6,8,16.0,3.0,50.0,0.0,1.0,0.0,86.0,61.0,5.0,2.0,3.0,88.0,Bad
3347,89.0,97.0,97.0,97.0,1.0,0.0,0.0,100.0,-7.0,7,8,1.0,0.0,0.0,-8.0,0.0,0.0,2.0,-8.0,1.0,-8.0,0.0,100.0,Bad
10085,74.0,192.0,9.0,77.0,28.0,0.0,0.0,100.0,-7.0,7,8,28.0,3.0,11.0,-7.0,0.0,0.0,26.0,-8.0,5.0,1.0,1.0,60.0,Good
7348,67.0,41.0,11.0,22.0,3.0,0.0,0.0,100.0,-7.0,7,8,3.0,1.0,67.0,0.0,0.0,0.0,-8.0,90.0,-8.0,1.0,-8.0,100.0,Bad
7382,65.0,167.0,1.0,37.0,11.0,1.0,1.0,93.0,17.0,6,3,14.0,7.0,21.0,0.0,3.0,3.0,23.0,91.0,8.0,2.0,0.0,85.0,Bad
5389,-9.0,-9.0,-9.0,-9.0,-9.0,-9.0,-9.0,-9.0,-9.0,-9,-9,-9.0,-9.0,-9.0,-9.0,-9.0,-9.0,-9.0,-9.0,-9.0,-9.0,-9.0,-9.0,Good
7548,77.0,164.0,3.0,56.0,36.0,0.0,0.0,97.0,31.0,6,6,36.0,4.0,22.0,-7.0,2.0,2.0,3.0,81.0,3.0,3.0,0.0,40.0,Good
4574,82.0,257.0,3.0,108.0,45.0,0.0,0.0,100.0,-7.0,7,8,46.0,3.0,28.0,-7.0,1.0,1.0,3.0,100.0,2.0,3.0,0.0,46.0,Good
4357,81.0,150.0,4.0,58.0,29.0,0.0,0.0,100.0,-7.0,7,8,29.0,4.0,34.0,0.0,1.0,1.0,3.0,96.0,2.0,2.0,0.0,36.0,Good
8121,84.0,329.0,25.0,158.0,9.0,1.0,0.0,90.0,75.0,6,5,10.0,0.0,10.0,9.0,0.0,0.0,0.0,-8.0,3.0,-8.0,0.0,50.0,Good
158,76.0,159.0,3.0,84.0,21.0,0.0,0.0,95.0,-7.0,5,7,21.0,1.0,71.0,3.0,1.0,1.0,42.0,69.0,3.0,3.0,1.0,75.0,Good
7562,64.0,97.0,10.0,50.0,22.0,0.0,0.0,95.0,15.0,6,6,24.0,1.0,41.0,-7.0,0.0,0.0,68.0,64.0,2.0,2.0,2.0,44.0,Good
9685,80.0,291.0,6.0,94.0,22.0,0.0,0.0,100.0,-7.0,7,8,24.0,1.0,68.0,6.0,0.0,0.0,7.0,-8.0,2.0,1.0,0.0,75.0,Good
852,66.0,308.0,3.0,97.0,35.0,0.0,0.0,88.0,1.0,4,6,42.0,5.0,32.0,3.0,2.0,2.0,45.0,46.0,5.0,5.0,1.0,83.0,Good
5160,56.0,-8.0,4.0,59.0,36.0,2.0,1.0,95.0,13.0,6,3,40.0,3.0,38.0,-7.0,0.0,0.0,51.0,-8.0,5.0,1.0,3.0,67.0,Good
2331,56.0,128.0,9.0,87.0,14.0,2.0,0.0,88.0,1.0,3,5,12.0,2.0,29.0,-7.0,0.0,0.0,22.0,38.0,3.0,3.0,0.0,100.0,Good
7620,59.0,84.0,2.0,33.0,18.0,1.0,1.0,100.0,-7.0,6,8,19.0,4.0,53.0,-7.0,3.0,3.0,84.0,83.0,6.0,4.0,4.0,92.0,Good
5839,67.0,58.0,4.0,29.0,21.0,0.0,0.0,95.0,39.0,6,6,22.0,6.0,50.0,0.0,3.0,3.0,15.0,94.0,3.0,5.0,0.0,73.0,Bad
7324,55.0,174.0,19.0,86.0,9.0,1.0,0.0,70.0,2.0,3,5,10.0,0.0,20.0,0.0,0.0,0.0,50.0,75.0,3.0,1.0,3.0,57.0,Bad
43,70.0,37.0,4.0,20.0,19.0,0.0,0.0,100.0,-7.0,7,8,20.0,2.0,20.0,0.0,3.0,3.0,42.0,73.0,2.0,2.0,1.0,50.0,Bad
5222,-9.0,-9.0,-9.0,-9.0,-9.0,-9.0,-9.0,-9.0,-9.0,-9,-9,-9.0,-9.0,-9.0,-9.0,-9.0,-9.0,-9.0,-9.0,-9.0,-9.0,-9.0,-9.0,Good
8079,88.0,109.0,62.0,87.0,8.0,0.0,0.0,100.0,-7.0,7,8,8.0,0.0,50.0,-8.0,0.0,0.0,0.0,3.0,0.0,1.0,0.0,50.0,Bad
4240,63.0,165.0,3.0,53.0,27.0,1.0,1.0,84.0,2.0,0,2,32.0,3.0,19.0,0.0,1.0,1.0,20.0,80.0,2.0,2.0,1.0,33.0,Good
1563,68.0,329.0,2.0,80.0,32.0,1.0,1.0,91.0,26.0,6,6,34.0,3.0,33.0,0.0,8.0,8.0,31.0,-8.0,7.0,1.0,2.0,57.0,Bad
8552,73.0,333.0,1.0,102.0,25.0,0.0,0.0,96.0,16.0,6,6,27.0,4.0,26.0,0.0,5.0,5.0,37.0,3.0,3.0,3.0,-8.0,67.0,Good
9340,82.0,300.0,32.0,117.0,22.0,0.0,0.0,100.0,-7.0,7,8,23.0,0.0,22.0,0.0,1.0,1.0,41.0,43.0,3.0,2.0,1.0,63.0,Good
2891,77.0,173.0,18.0,101.0,41.0,0.0,0.0,98.0,-7.0,5,7,40.0,0.0,18.0,21.0,0.0,0.0,49.0,-8.0,13.0,1.0,5.0,64.0,Bad
5641,71.0,139.0,5.0,63.0,29.0,0.0,0.0,93.0,50.0,6,6,29.0,3.0,66.0,0.0,0.0,0.0,52.0,50.0,3.0,5.0,1.0,67.0,Bad
1709,63.0,201.0,9.0,82.0,37.0,0.0,0.0,84.0,1.0,4,6,38.0,1.0,26.0,0.0,0.0,0.0,36.0,-8.0,7.0,1.0,2.0,40.0,Bad
6486,63.0,285.0,1.0,65.0,37.0,10.0,9.0,85.0,56.0,5,2,52.0,3.0,55.0,0.0,14.0,13.0,16.0,80.0,5.0,9.0,0.0,74.0,Bad
8776,70.0,88.0,7.0,50.0,38.0,0.0,0.0,97.0,13.0,6,6,38.0,1.0,34.0,-7.0,0.0,0.0,25.0,-8.0,3.0,1.0,1.0,50.0,Bad
4072,58.0,263.0,16.0,88.0,21.0,2.0,0.0,69.0,1.0,4,5,55.0,0.0,19.0,2.0,1.0,1.0,20.0,51.0,6.0,1.0,1.0,57.0,Bad
10165,87.0,353.0,12.0,109.0,17.0,0.0,0.0,100.0,-7.0,7,8,17.0,0.0,12.0,2.0,1.0,1.0,3.0,-8.0,3.0,1.0,0.0,44.0,Good
9790,64.0,81.0,59.0,70.0,1.0,1.0,1.0,50.0,30.0,6,2,2.0,0.0,50.0,0.0,0.0,0.0,-8.0,-8.0,-8.0,1.0,-8.0,100.0,Good
5498,82.0,308.0,8.0,109.0,38.0,0.0,0.0,100.0,-7.0,7,8,44.0,2.0,50.0,3.0,1.0,1.0,1.0,84.0,4.0,1.0,1.0,38.0,Good
4237,70.0,127.0,5.0,53.0,26.0,0.0,0.0,100.0,-7.0,7,8,26.0,2.0,50.0,0.0,0.0,0.0,59.0,65.0,4.0,4.0,3.0,67.0,Bad
9225,59.0,208.0,4.0,62.0,27.0,0.0,0.0,82.0,3.0,4,6,28.0,3.0,43.0,0.0,1.0,1.0,47.0,90.0,8.0,3.0,4.0,100.0,Bad
9561,67.0,259.0,6.0,91.0,41.0,0.0,0.0,93.0,0.0,4,6,53.0,1.0,26.0,-7.0,0.0,0.0,51.0,-8.0,7.0,1.0,3.0,83.0,Bad
7157,62.0,86.0,8.0,31.0,13.0,0.0,0.0,92.0,3.0,4,6,13.0,2.0,15.0,0.0,0.0,0.0,46.0,-8.0,5.0,1.0,1.0,60.0,Bad
9132,78.0,182.0,5.0,63.0,22.0,0.0,0.0,91.0,60.0,6,6,22.0,1.0,36.0,-7.0,2.0,2.0,21.0,95.0,2.0,2.0,-8.0,100.0,Bad
7227,86.0,170.0,12.0,67.0,14.0,0.0,0.0,100.0,-7.0,7,8,15.0,0.0,27.0,0.0,0.0,0.0,25.0,34.0,1.0,3.0,0.0,40.0,Good
2767,74.0,204.0,14.0,88.0,51.0,0.0,0.0,100.0,-7.0,7,8,64.0,0.0,40.0,-7.0,0.0,0.0,34.0,53.0,6.0,9.0,1.0,75.0,Bad
7884,73.0,293.0,7.0,140.0,14.0,0.0,0.0,100.0,-7.0,7,8,15.0,1.0,40.0,1.0,2.0,2.0,47.0,42.0,4.0,2.0,1.0,75.0,Good
7230,72.0,118.0,3.0,47.0,22.0,0.0,0.0,83.0,6.0,4,6,23.0,4.0,65.0,0.0,1.0,0.0,3.0,83.0,3.0,3.0,0.0,88.0,Bad
5174,72.0,55.0,6.0,30.0,12.0,0.0,0.0,100.0,-7.0,7,8,12.0,3.0,17.0,0.0,2.0,2.0,48.0,-8.0,3.0,1.0,1.0,50.0,Bad
6867,-9.0,-9.0,-9.0,-9.0,-9.0,-9.0,-9.0,-9.0,-9.0,-9,-9,-9.0,-9.0,-9.0,-9.0,-9.0,-9.0,-9.0,-9.0,-9.0,-9.0,-9.0,-9.0,Bad
3751,63.0,118.0,6.0,61.0,29.0,0.0,0.0,100.0,-7.0,7,8,10.0,2.0,24.0,0.0,3.0,3.0,78.0,-8.0,7.0,1.0,4.0,62.0,Bad
5435,68.0,260.0,7.0,72.0,21.0,1.0,1.0,96.0,3.0,1,3,23.0,1.0,39.0,1.0,1.0,1.0,9.0,80.0,5.0,2.0,0.0,70.0,Bad
1859,89.0,167.0,26.0,92.0,16.0,0.0,0.0,100.0,-7.0,7,8,16.0,0.0,38.0,0.0,0.0,0.0,1.0,44.0,1.0,2.0,0.0,60.0,Good
3334,87.0,-8.0,27.0,96.0,16.0,0.0,0.0,100.0,-7.0,7,8,0.0,0.0,19.0,0.0,2.0,2.0,0.0,-8.0,3.0,1.0,0.0,50.0,Bad
8448,78.0,241.0,2.0,74.0,25.0,0.0,0.0,100.0,-7.0,7,8,27.0,2.0,19.0,0.0,1.0,1.0,30.0,-8.0,3.0,1.0,0.0,31.0,Good
9514,80.0,368.0,10.0,111.0,25.0,0.0,0.0,96.0,-8.0,6,6,28.0,1.0,11.0,0.0,0.0,0.0,31.0,-8.0,3.0,1.0,2.0,44.0,Good
2388,78.0,217.0,6.0,71.0,41.0,0.0,0.0,98.0,25.0,6,6,24.0,2.0,24.0,-7.0,1.0,1.0,12.0,33.0,3.0,3.0,0.0,32.0,Good
10114,63.0,262.0,18.0,80.0,23.0,0.0,0.0,83.0,1.0,4,6,23.0,0.0,4.0,-7.0,0.0,0.0,15.0,-8.0,9.0,1.0,2.0,83.0,Bad
4853,-9.0,-9.0,-9.0,-9.0,-9.0,-9.0,-9.0,-9.0,-9.0,-9,-9,-9.0,-9.0,-9.0,-9.0,-9.0,-9.0,-9.0,-9.0,-9.0,-9.0,-9.0,-9.0,Bad
9717,84.0,338.0,9.0,100.0,41.0,0.0,0.0,100.0,-7.0,7,8,41.0,1.0,17.0,8.0,0.0,0.0,4.0,-8.0,2.0,-8.0,0.0,18.0,Good
1128,-9.0,-9.0,-9.0,-9.0,-9.0,-9.0,-9.0,-9.0,-9.0,-9,-9,-9.0,-9.0,-9.0,-9.0,-9.0,-9.0,-9.0,-9.0,-9.0,-9.0,-9.0,-9.0,Good
7489,79.0,177.0,4.0,89.0,21.0,0.0,0.0,100.0,-7.0,7,8,21.0,1.0,29.0,-7.0,0.0,0.0,67.0,-8.0,2.0,1.0,0.0,75.0,Good
2313,65.0,242.0,4.0,28.0,6.0,2.0,2.0,75.0,13.0,6,2,7.0,3.0,63.0,-7.0,2.0,2.0,23.0,87.0,1.0,3.0,0.0,100.0,Bad
3324,86.0,232.0,2.0,109.0,23.0,0.0,0.0,100.0,-7.0,7,8,7.0,1.0,4.0,-8.0,0.0,0.0,4.0,-8.0,4.0,1.0,1.0,29.0,Good
9032,90.0,200.0,5.0,97.0,16.0,0.0,0.0,100.0,-7.0,7,8,17.0,2.0,41.0,0.0,1.0,1.0,2.0,5.0,2.0,3.0,0.0,71.0,Good
7430,85.0,299.0,2.0,95.0,12.0,0.0,0.0,93.0,46.0,6,6,14.0,3.0,14.0,0.0,2.0,2.0,5.0,101.0,3.0,2.0,0.0,78.0,Good
3727,74.0,305.0,3.0,146.0,17.0,1.0,1.0,94.0,4.0,2,4,8.0,2.0,17.0,10.0,0.0,0.0,1.0,46.0,2.0,2.0,0.0,31.0,Good
3468,73.0,273.0,2.0,135.0,10.0,2.0,1.0,85.0,19.0,6,2,13.0,1.0,31.0,4.0,1.0,1.0,5.0,100.0,3.0,1.0,0.0,50.0,Bad
495,69.0,188.0,3.0,54.0,9.0,1.0,0.0,80.0,9.0,4,5,11.0,1.0,70.0,-7.0,2.0,2.0,-8.0,115.0,-8.0,3.0,-8.0,100.0,Bad
5412,74.0,215.0,7.0,99.0,28.0,1.0,1.0,97.0,24.0,6,2,31.0,1.0,42.0,4.0,1.0,1.0,1.0,-8.0,1.0,1.0,0.0,20.0,Good
4644,80.0,230.0,6.0,84.0,34.0,0.0,0.0,94.0,24.0,6,6,34.0,1.0,32.0,1.0,2.0,2.0,11.0,47.0,5.0,2.0,0.0,64.0,Good
6361,68.0,87.0,4.0,44.0,20.0,0.0,0.0,85.0,18.0,6,6,20.0,3.0,20.0,0.0,4.0,4.0,24.0,-8.0,8.0,2.0,0.0,77.0,Bad
7958,62.0,90.0,2.0,49.0,17.0,0.0,0.0,100.0,-7.0,7,8,19.0,3.0,11.0,1.0,4.0,4.0,97.0,-8.0,9.0,1.0,4.0,100.0,Bad
334,82.0,295.0,16.0,108.0,18.0,0.0,0.0,100.0,-7.0,7,8,18.0,0.0,39.0,0.0,0.0,0.0,36.0,47.0,2.0,2.0,1.0,40.0,Good
9524,81.0,144.0,14.0,83.0,23.0,0.0,0.0,92.0,54.0,6,6,25.0,0.0,36.0,0.0,0.0,0.0,8.0,49.0,1.0,2.0,0.0,33.0,Good
396,77.0,330.0,8.0,72.0,16.0,0.0,0.0,100.0,-7.0,7,8,16.0,3.0,56.0,0.0,0.0,0.0,0.0,-8.0,0.0,3.0,0.0,43.0,Bad
496,59.0,123.0,4.0,66.0,32.0,1.0,1.0,88.0,6.0,4,6,32.0,2.0,31.0,-7.0,0.0,0.0,36.0,76.0,5.0,4.0,2.0,56.0,Bad
7369,70.0,153.0,22.0,112.0,5.0,2.0,2.0,67.0,56.0,6,4,6.0,0.0,67.0,0.0,0.0,0.0,0.0,-8.0,0.0,1.0,0.0,50.0,Bad
3253,68.0,53.0,10.0,24.0,13.0,2.0,2.0,100.0,-7.0,6,8,2.0,3.0,46.0,2.0,4.0,4.0,4.0,-8.0,3.0,1.0,0.0,57.0,Bad
4390,62.0,165.0,11.0,80.0,24.0,1.0,1.0,92.0,1.0,4,6,26.0,1.0,52.0,0.0,0.0,0.0,1.0,-8.0,1.0,1.0,0.0,50.0,Bad
8112,80.0,145.0,5.0,53.0,29.0,0.0,0.0,100.0,-7.0,7,8,30.0,7.0,17.0,10.0,0.0,0.0,0.0,-8.0,2.0,1.0,0.0,20.0,Good
6415,71.0,109.0,16.0,48.0,26.0,0.0,0.0,100.0,-7.0,7,8,27.0,0.0,26.0,0.0,3.0,3.0,26.0,64.0,4.0,2.0,1.0,38.0,Bad
4210,56.0,266.0,2.0,94.0,29.0,0.0,0.0,100.0,-7.0,7,8,30.0,1.0,17.0,0.0,2.0,2.0,76.0,6.0,14.0,2.0,7.0,67.0,Bad
4668,72.0,33.0,5.0,20.0,4.0,0.0,0.0,100.0,-7.0,7,8,4.0,1.0,75.0,5.0,1.0,1.0,0.0,92.0,0.0,2.0,-8.0,67.0,Good
4215,73.0,60.0,6.0,37.0,13.0,0.0,0.0,100.0,-7.0,7,8,13.0,1.0,31.0,0.0,0.0,0.0,23.0,67.0,3.0,2.0,1.0,63.0,Bad
5168,86.0,161.0,14.0,85.0,19.0,0.0,0.0,100.0,-7.0,7,8,21.0,0.0,38.0,-8.0,0.0,0.0,11.0,-8.0,2.0,1.0,0.0,57.0,Good
2631,74.0,148.0,3.0,47.0,24.0,0.0,0.0,100.0,-7.0,7,8,67.0,6.0,32.0,-7.0,1.0,1.0,0.0,-8.0,0.0,4.0,0.0,40.0,Bad
326,72.0,221.0,11.0,84.0,22.0,3.0,2.0,81.0,46.0,6,4,26.0,1.0,23.0,0.0,0.0,0.0,30.0,-8.0,5.0,1.0,0.0,70.0,Bad
4604,69.0,361.0,8.0,96.0,26.0,1.0,0.0,89.0,1.0,4,5,28.0,1.0,29.0,-7.0,0.0,0.0,29.0,57.0,5.0,3.0,0.0,64.0,Bad
7254,66.0,150.0,4.0,72.0,37.0,3.0,3.0,97.0,-7.0,0,7,41.0,4.0,32.0,0.0,3.0,3.0,4.0,58.0,4.0,3.0,0.0,54.0,Good
9244,83.0,344.0,6.0,130.0,65.0,1.0,0.0,95.0,18.0,6,5,68.0,3.0,18.0,6.0,0.0,0.0,4.0,21.0,5.0,3.0,0.0,31.0,Good
1490,80.0,156.0,13.0,78.0,19.0,0.0,0.0,95.0,46.0,6,6,19.0,0.0,11.0,0.0,1.0,1.0,9.0,-8.0,3.0,1.0,1.0,29.0,Good
6582,64.0,174.0,16.0,63.0,17.0,1.0,1.0,89.0,1.0,4,6,19.0,0.0,44.0,0.0,0.0,0.0,6.0,80.0,1.0,2.0,0.0,33.0,Bad
4975,73.0,162.0,3.0,110.0,14.0,1.0,0.0,73.0,32.0,6,5,15.0,3.0,7.0,3.0,2.0,2.0,16.0,-8.0,5.0,1.0,0.0,67.0,Good
10239,72.0,348.0,4.0,100.0,28.0,0.0,0.0,93.0,27.0,6,6,28.0,1.0,21.0,3.0,1.0,1.0,40.0,-8.0,14.0,1.0,1.0,100.0,Good
9362,58.0,305.0,9.0,99.0,36.0,1.0,1.0,100.0,-7.0,0,8,39.0,1.0,68.0,0.0,2.0,2.0,57.0,79.0,5.0,4.0,2.0,75.0,Good
8083,91.0,215.0,31.0,104.0,15.0,0.0,0.0,100.0,-7.0,7,8,16.0,0.0,38.0,-8.0,0.0,0.0,0.0,-8.0,0.0,1.0,-8.0,25.0,Bad
10246,79.0,140.0,5.0,66.0,13.0,0.0,0.0,100.0,-7.0,7,8,13.0,1.0,23.0,18.0,0.0,0.0,37.0,92.0,1.0,2.0,1.0,80.0,Good
4964,62.0,192.0,1.0,68.0,62.0,0.0,0.0,94.0,1.0,4,6,87.0,4.0,44.0,0.0,7.0,7.0,35.0,-8.0,7.0,5.0,1.0,71.0,Bad
6995,82.0,163.0,5.0,58.0,21.0,0.0,0.0,100.0,-7.0,7,8,21.0,3.0,29.0,4.0,2.0,1.0,7.0,75.0,3.0,2.0,0.0,38.0,Good
8740,66.0,262.0,5.0,51.0,14.0,0.0,0.0,83.0,8.0,4,6,18.0,3.0,39.0,0.0,0.0,0.0,51.0,84.0,5.0,4.0,1.0,82.0,Good
9350,61.0,143.0,1.0,60.0,33.0,0.0,0.0,100.0,-7.0,7,8,36.0,3.0,29.0,0.0,4.0,4.0,80.0,76.0,7.0,6.0,4.0,83.0,Bad
4988,54.0,469.0,22.0,224.0,20.0,2.0,1.0,73.0,1.0,3,3,23.0,0.0,9.0,0.0,1.0,1.0,8.0,47.0,6.0,2.0,1.0,69.0,Bad
8049,72.0,133.0,10.0,63.0,17.0,0.0,0.0,100.0,-7.0,7,8,17.0,1.0,24.0,0.0,2.0,2.0,52.0,-8.0,3.0,1.0,2.0,83.0,Good
5612,71.0,322.0,5.0,81.0,42.0,0.0,0.0,98.0,65.0,6,6,42.0,5.0,19.0,0.0,4.0,4.0,14.0,77.0,11.0,4.0,3.0,50.0,Bad
3819,71.0,207.0,6.0,187.0,22.0,0.0,0.0,100.0,-7.0,7,8,3.0,1.0,23.0,0.0,2.0,2.0,79.0,95.0,10.0,1.0,7.0,100.0,Good
1781,62.0,185.0,8.0,67.0,38.0,0.0,0.0,95.0,7.0,4,6,38.0,2.0,24.0,0.0,0.0,0.0,19.0,-8.0,8.0,1.0,4.0,60.0,Good
45,72.0,209.0,2.0,95.0,41.0,0.0,0.0,100.0,-7.0,7,8,42.0,3.0,38.0,0.0,1.0,1.0,42.0,-8.0,7.0,2.0,2.0,82.0,Bad
2397,66.0,184.0,10.0,112.0,15.0,1.0,0.0,56.0,4.0,4,5,43.0,1.0,28.0,-7.0,0.0,0.0,58.0,87.0,5.0,2.0,1.0,70.0,Bad
4241,77.0,146.0,7.0,76.0,30.0,0.0,0.0,100.0,-7.0,7,8,30.0,2.0,33.0,0.0,0.0,0.0,41.0,-8.0,5.0,1.0,2.0,75.0,Good
3300,76.0,97.0,6.0,35.0,21.0,0.0,0.0,100.0,-7.0,7,8,16.0,6.0,52.0,7.0,0.0,0.0,1.0,57.0,2.0,2.0,0.0,40.0,Good
4305,76.0,246.0,24.0,108.0,14.0,0.0,0.0,87.0,1.0,4,6,15.0,0.0,13.0,0.0,0.0,0.0,2.0,-8.0,1.0,1.0,0.0,33.0,Bad
814,74.0,310.0,4.0,101.0,8.0,1.0,0.0,89.0,14.0,6,5,9.0,2.0,67.0,13.0,0.0,0.0,23.0,63.0,1.0,4.0,0.0,71.0,Good
7014,67.0,586.0,7.0,173.0,45.0,3.0,2.0,89.0,6.0,4,4,47.0,2.0,17.0,0.0,3.0,3.0,37.0,63.0,6.0,4.0,2.0,53.0,Good
2030,82.0,111.0,18.0,67.0,4.0,0.0,0.0,100.0,-7.0,7,8,4.0,0.0,50.0,0.0,0.0,0.0,14.0,-8.0,1.0,-8.0,0.0,100.0,Good
2279,70.0,84.0,8.0,40.0,15.0,1.0,0.0,88.0,60.0,6,5,16.0,1.0,25.0,-7.0,0.0,0.0,7.0,69.0,2.0,3.0,0.0,56.0,Bad
1592,75.0,187.0,6.0,70.0,32.0,0.0,0.0,100.0,-7.0,7,8,32.0,5.0,28.0,0.0,0.0,0.0,20.0,81.0,6.0,3.0,1.0,47.0,Good
826,87.0,165.0,5.0,79.0,14.0,0.0,0.0,100.0,-7.0,7,8,15.0,4.0,20.0,4.0,1.0,1.0,3.0,-8.0,1.0,1.0,0.0,33.0,Good
4121,59.0,116.0,10.0,70.0,3.0,1.0,1.0,75.0,11.0,0,2,4.0,1.0,100.0,0.0,1.0,1.0,-8.0,77.0,-8.0,2.0,-8.0,100.0,Bad
4455,83.0,416.0,16.0,175.0,25.0,2.0,0.0,93.0,44.0,6,5,27.0,0.0,11.0,-7.0,0.0,0.0,22.0,-8.0,6.0,1.0,0.0,64.0,Bad
8389,74.0,119.0,1.0,62.0,19.0,0.0,0.0,95.0,20.0,6,6,22.0,2.0,36.0,0.0,8.0,8.0,11.0,101.0,6.0,2.0,0.0,62.0,Bad
8346,59.0,158.0,15.0,57.0,12.0,2.0,2.0,92.0,13.0,6,6,15.0,0.0,27.0,0.0,1.0,1.0,70.0,-8.0,7.0,1.0,3.0,100.0,Bad
10453,75.0,410.0,2.0,121.0,37.0,1.0,1.0,83.0,10.0,4,3,43.0,1.0,7.0,1.0,1.0,1.0,34.0,-8.0,7.0,1.0,1.0,53.0,Bad
1488,65.0,102.0,10.0,40.0,20.0,0.0,0.0,100.0,-7.0,7,8,20.0,1.0,20.0,0.0,1.0,1.0,46.0,65.0,6.0,3.0,2.0,82.0,Bad
8540,84.0,190.0,21.0,111.0,18.0,0.0,0.0,100.0,-7.0,7,8,19.0,0.0,28.0,19.0,0.0,0.0,24.0,-8.0,2.0,1.0,1.0,33.0,Good
78,84.0,277.0,8.0,109.0,8.0,0.0,0.0,100.0,-7.0,7,8,8.0,1.0,50.0,0.0,0.0,0.0,33.0,-8.0,2.0,1.0,0.0,100.0,Good
364,74.0,155.0,11.0,68.0,18.0,0.0,0.0,91.0,7.0,4,6,23.0,2.0,26.0,0.0,0.0,0.0,1.0,-8.0,3.0,1.0,0.0,36.0,Bad
1019,71.0,65.0,3.0,31.0,20.0,0.0,0.0,100.0,-7.0,7,8,20.0,5.0,20.0,0.0,1.0,1.0,41.0,75.0,4.0,2.0,1.0,50.0,Good
6906,67.0,152.0,3.0,58.0,24.0,1.0,1.0,100.0,-7.0,6,8,24.0,1.0,29.0,0.0,1.0,1.0,30.0,-8.0,3.0,-8.0,3.0,43.0,Bad
8092,78.0,238.0,7.0,99.0,30.0,1.0,0.0,94.0,37.0,6,5,32.0,1.0,44.0,1.0,3.0,3.0,6.0,-8.0,4.0,3.0,0.0,70.0,Bad
3026,85.0,-8.0,8.0,104.0,24.0,0.0,0.0,96.0,-8.0,6,6,0.0,2.0,8.0,13.0,0.0,0.0,1.0,71.0,6.0,2.0,0.0,42.0,Good
1204,-9.0,-9.0,-9.0,-9.0,-9.0,-9.0,-9.0,-9.0,-9.0,-9,-9,-9.0,-9.0,-9.0,-9.0,-9.0,-9.0,-9.0,-9.0,-9.0,-9.0,-9.0,-9.0,Bad
1361,-9.0,-9.0,-9.0,-9.0,-9.0,-9.0,-9.0,-9.0,-9.0,-9,-9,-9.0,-9.0,-9.0,-9.0,-9.0,-9.0,-9.0,-9.0,-9.0,-9.0,-9.0,-9.0,Bad
9486,74.0,158.0,6.0,73.0,14.0,0.0,0.0,93.0,9.0,4,6,14.0,1.0,64.0,0.0,0.0,0.0,29.0,28.0,2.0,3.0,0.0,83.0,Bad
3947,70.0,150.0,26.0,165.0,31.0,0.0,0.0,95.0,1.0,4,6,10.0,0.0,37.0,1.0,3.0,3.0,7.0,-8.0,4.0,2.0,0.0,46.0,Good
1903,78.0,167.0,0.0,72.0,46.0,0.0,0.0,98.0,78.0,6,6,49.0,3.0,41.0,0.0,4.0,4.0,13.0,60.0,7.0,8.0,1.0,75.0,Good
6875,68.0,146.0,4.0,80.0,25.0,0.0,0.0,88.0,28.0,6,6,26.0,3.0,23.0,3.0,5.0,5.0,33.0,95.0,1.0,2.0,-8.0,67.0,Bad
9569,71.0,194.0,3.0,115.0,14.0,2.0,1.0,94.0,4.0,3,5,16.0,1.0,31.0,-7.0,3.0,3.0,10.0,-8.0,1.0,-8.0,0.0,50.0,Bad
1721,68.0,178.0,3.0,73.0,27.0,0.0,0.0,90.0,23.0,6,6,30.0,4.0,52.0,0.0,0.0,0.0,73.0,69.0,3.0,3.0,1.0,86.0,Bad
6925,85.0,192.0,7.0,111.0,22.0,0.0,0.0,100.0,-7.0,7,8,22.0,2.0,23.0,0.0,1.0,1.0,14.0,-8.0,3.0,1.0,0.0,67.0,Good
8566,74.0,311.0,3.0,102.0,39.0,0.0,0.0,100.0,-7.0,7,8,41.0,2.0,20.0,3.0,2.0,2.0,15.0,53.0,9.0,1.0,1.0,48.0,Good
7770,88.0,130.0,6.0,183.0,15.0,0.0,0.0,100.0,-7.0,7,8,15.0,1.0,7.0,-8.0,0.0,0.0,12.0,-8.0,2.0,-8.0,0.0,67.0,Bad
5261,63.0,149.0,7.0,64.0,22.0,2.0,0.0,85.0,6.0,3,5,26.0,3.0,54.0,0.0,2.0,2.0,25.0,97.0,1.0,4.0,1.0,63.0,Bad
3912,86.0,321.0,20.0,96.0,15.0,0.0,0.0,100.0,-7.0,7,8,16.0,0.0,47.0,-8.0,0.0,0.0,16.0,59.0,3.0,2.0,0.0,63.0,Good
9402,91.0,412.0,8.0,102.0,18.0,0.0,0.0,100.0,-7.0,7,8,19.0,1.0,42.0,5.0,1.0,1.0,4.0,-8.0,2.0,1.0,0.0,43.0,Good
6749,67.0,196.0,2.0,56.0,27.0,0.0,0.0,90.0,13.0,6,6,32.0,7.0,19.0,2.0,3.0,3.0,45.0,11.0,8.0,3.0,2.0,67.0,Bad
3982,67.0,50.0,4.0,27.0,9.0,1.0,1.0,89.0,34.0,6,6,9.0,2.0,44.0,0.0,2.0,2.0,3.0,36.0,1.0,2.0,0.0,43.0,Good
791,74.0,148.0,16.0,83.0,22.0,0.0,0.0,100.0,-7.0,7,8,23.0,0.0,57.0,1.0,4.0,4.0,66.0,57.0,2.0,10.0,0.0,92.0,Good
1687,70.0,182.0,2.0,34.0,7.0,0.0,0.0,100.0,-7.0,7,8,8.0,5.0,13.0,0.0,2.0,2.0,57.0,-8.0,4.0,-8.0,1.0,100.0,Bad
6058,78.0,292.0,15.0,113.0,26.0,0.0,0.0,100.0,-7.0,7,8,26.0,0.0,35.0,1.0,1.0,1.0,24.0,83.0,3.0,4.0,1.0,62.0,Good
4803,75.0,241.0,5.0,68.0,37.0,0.0,0.0,100.0,-7.0,7,8,37.0,1.0,43.0,0.0,0.0,0.0,25.0,67.0,3.0,3.0,2.0,43.0,Bad
8443,76.0,87.0,2.0,34.0,30.0,0.0,0.0,100.0,-7.0,7,8,35.0,6.0,34.0,0.0,16.0,16.0,4.0,60.0,9.0,1.0,0.0,65.0,Bad
5954,71.0,214.0,18.0,127.0,10.0,1.0,0.0,64.0,14.0,6,5,11.0,0.0,18.0,-7.0,0.0,0.0,51.0,81.0,3.0,1.0,2.0,57.0,Good
7083,86.0,377.0,7.0,155.0,26.0,0.0,0.0,100.0,-7.0,7,8,29.0,1.0,14.0,15.0,0.0,0.0,12.0,-8.0,8.0,1.0,0.0,75.0,Good
6046,75.0,162.0,12.0,88.0,16.0,1.0,1.0,83.0,7.0,4,3,18.0,0.0,33.0,11.0,0.0,0.0,13.0,45.0,3.0,3.0,0.0,60.0,Good
5661,65.0,155.0,1.0,89.0,6.0,1.0,0.0,78.0,8.0,4,5,9.0,1.0,33.0,0.0,4.0,4.0,50.0,74.0,1.0,3.0,0.0,67.0,Good
3662,91.0,290.0,7.0,108.0,21.0,0.0,0.0,100.0,-7.0,7,8,43.0,1.0,14.0,-8.0,0.0,0.0,3.0,-8.0,3.0,1.0,0.0,50.0,Good
3778,68.0,269.0,0.0,38.0,12.0,1.0,1.0,88.0,29.0,6,2,10.0,4.0,25.0,4.0,3.0,3.0,35.0,96.0,5.0,2.0,0.0,78.0,Good
9587,68.0,216.0,4.0,91.0,23.0,1.0,1.0,88.0,52.0,6,2,26.0,6.0,54.0,-7.0,2.0,2.0,42.0,90.0,6.0,2.0,1.0,80.0,Bad
5752,59.0,367.0,207.0,263.0,3.0,2.0,1.0,50.0,1.0,4,5,4.0,0.0,25.0,0.0,1.0,1.0,4.0,-8.0,1.0,-8.0,-8.0,100.0,Bad
2217,74.0,265.0,3.0,69.0,34.0,0.0,0.0,92.0,42.0,6,6,37.0,3.0,44.0,0.0,2.0,2.0,68.0,95.0,4.0,3.0,2.0,78.0,Bad
699,58.0,247.0,2.0,62.0,30.0,0.0,0.0,94.0,1.0,4,6,32.0,4.0,34.0,9.0,0.0,0.0,62.0,70.0,5.0,2.0,2.0,89.0,Bad
4101,58.0,315.0,10.0,78.0,10.0,0.0,0.0,64.0,3.0,4,6,15.0,1.0,64.0,2.0,3.0,3.0,78.0,77.0,2.0,2.0,1.0,100.0,Bad
7003,81.0,107.0,6.0,64.0,42.0,0.0,0.0,98.0,-7.0,6,7,49.0,2.0,71.0,1.0,1.0,1.0,8.0,63.0,1.0,5.0,0.0,55.0,Bad
2237,64.0,175.0,4.0,63.0,27.0,0.0,0.0,100.0,-7.0,7,8,27.0,5.0,30.0,0.0,0.0,0.0,63.0,86.0,10.0,3.0,4.0,81.0,Bad
6911,72.0,546.0,5.0,98.0,25.0,0.0,0.0,85.0,4.0,4,6,31.0,3.0,19.0,6.0,0.0,0.0,6.0,-8.0,4.0,1.0,0.0,43.0,Bad
4510,68.0,209.0,5.0,110.0,43.0,1.0,0.0,88.0,13.0,5,5,48.0,2.0,54.0,-7.0,1.0,1.0,51.0,90.0,10.0,3.0,2.0,76.0,Bad
9352,60.0,220.0,4.0,83.0,21.0,1.0,0.0,80.0,1.0,4,5,25.0,2.0,44.0,22.0,0.0,0.0,62.0,87.0,4.0,3.0,2.0,73.0,Good
3849,69.0,307.0,15.0,80.0,16.0,0.0,0.0,100.0,-7.0,7,8,9.0,0.0,25.0,14.0,0.0,0.0,60.0,0.0,8.0,2.0,5.0,83.0,Bad
7362,82.0,184.0,3.0,77.0,28.0,0.0,0.0,100.0,-7.0,7,8,29.0,2.0,31.0,0.0,1.0,1.0,6.0,92.0,4.0,2.0,0.0,88.0,Good
9045,74.0,172.0,0.0,82.0,14.0,0.0,0.0,81.0,5.0,4,6,16.0,2.0,38.0,0.0,2.0,2.0,3.0,-8.0,2.0,1.0,0.0,43.0,Bad
9513,70.0,97.0,7.0,53.0,14.0,0.0,0.0,94.0,-8.0,6,6,16.0,1.0,38.0,0.0,1.0,1.0,17.0,69.0,2.0,3.0,0.0,60.0,Bad
10109,77.0,53.0,3.0,24.0,13.0,0.0,0.0,100.0,-7.0,7,8,13.0,4.0,46.0,-7.0,1.0,1.0,19.0,99.0,3.0,2.0,0.0,56.0,Bad
5773,64.0,153.0,5.0,44.0,20.0,2.0,2.0,100.0,-7.0,7,8,22.0,3.0,25.0,0.0,1.0,1.0,37.0,98.0,8.0,1.0,3.0,82.0,Bad
2950,75.0,243.0,19.0,119.0,58.0,0.0,0.0,100.0,-7.0,6,7,50.0,0.0,39.0,0.0,4.0,4.0,73.0,-8.0,10.0,2.0,6.0,70.0,Good
765,83.0,187.0,3.0,80.0,29.0,0.0,0.0,100.0,-7.0,7,8,30.0,1.0,33.0,12.0,1.0,1.0,13.0,-8.0,3.0,1.0,2.0,50.0,Good
1755,54.0,151.0,4.0,66.0,28.0,2.0,2.0,94.0,2.0,1,2,31.0,2.0,29.0,0.0,0.0,0.0,39.0,36.0,8.0,2.0,2.0,100.0,Good
5575,70.0,386.0,5.0,92.0,25.0,0.0,0.0,100.0,-7.0,7,8,25.0,3.0,56.0,0.0,4.0,4.0,67.0,89.0,4.0,4.0,2.0,89.0,Bad
4126,65.0,15.0,2.0,8.0,8.0,0.0,0.0,100.0,-7.0,7,8,10.0,7.0,20.0,0.0,3.0,3.0,31.0,100.0,5.0,2.0,0.0,70.0,Bad
7856,72.0,290.0,7.0,64.0,19.0,0.0,0.0,100.0,-7.0,7,8,19.0,3.0,26.0,7.0,0.0,0.0,25.0,-8.0,5.0,1.0,0.0,50.0,Bad
7367,59.0,217.0,9.0,83.0,29.0,0.0,0.0,87.0,2.0,4,6,31.0,2.0,55.0,0.0,0.0,0.0,75.0,88.0,6.0,7.0,3.0,93.0,Bad
6536,88.0,204.0,11.0,77.0,20.0,0.0,0.0,95.0,71.0,6,6,20.0,1.0,25.0,0.0,0.0,0.0,8.0,52.0,2.0,2.0,0.0,57.0,Good
8213,61.0,246.0,20.0,95.0,18.0,2.0,2.0,86.0,11.0,4,4,21.0,0.0,38.0,0.0,1.0,1.0,62.0,-8.0,5.0,1.0,2.0,88.0,Bad
4250,84.0,314.0,3.0,115.0,13.0,1.0,1.0,93.0,69.0,6,3,14.0,2.0,14.0,0.0,1.0,1.0,3.0,94.0,1.0,2.0,0.0,33.0,Bad
7668,74.0,150.0,3.0,88.0,21.0,1.0,1.0,88.0,7.0,4,2,24.0,1.0,25.0,-7.0,1.0,1.0,1.0,-8.0,3.0,-8.0,0.0,43.0,Bad
5344,79.0,125.0,9.0,57.0,29.0,0.0,0.0,100.0,-7.0,7,8,33.0,1.0,45.0,-7.0,1.0,1.0,1.0,71.0,1.0,4.0,0.0,45.0,Good
9955,77.0,366.0,15.0,93.0,29.0,0.0,0.0,93.0,30.0,6,6,30.0,0.0,37.0,0.0,0.0,0.0,20.0,54.0,6.0,3.0,0.0,56.0,Good
7802,58.0,280.0,5.0,97.0,33.0,0.0,0.0,88.0,5.0,4,6,34.0,5.0,21.0,0.0,1.0,1.0,47.0,75.0,7.0,4.0,2.0,79.0,Good
2918,77.0,337.0,22.0,70.0,13.0,0.0,0.0,92.0,14.0,6,6,14.0,0.0,54.0,9.0,0.0,0.0,0.0,-8.0,1.0,2.0,1.0,75.0,Good
1059,58.0,20.0,4.0,11.0,4.0,2.0,2.0,88.0,23.0,6,4,8.0,4.0,88.0,2.0,1.0,1.0,-8.0,103.0,-8.0,4.0,-8.0,100.0,Bad
4253,66.0,337.0,7.0,112.0,38.0,0.0,0.0,98.0,8.0,4,6,40.0,1.0,28.0,0.0,1.0,1.0,46.0,81.0,8.0,4.0,3.0,71.0,Bad
9671,77.0,281.0,9.0,90.0,37.0,0.0,0.0,100.0,-7.0,7,8,37.0,1.0,38.0,0.0,1.0,1.0,34.0,53.0,3.0,4.0,1.0,62.0,Bad
1129,-9.0,-9.0,-9.0,-9.0,-9.0,-9.0,-9.0,-9.0,-9.0,-9,-9,-9.0,-9.0,-9.0,-9.0,-9.0,-9.0,-9.0,-9.0,-9.0,-9.0,-9.0,-9.0,Bad
8761,70.0,296.0,23.0,164.0,13.0,1.0,1.0,92.0,45.0,6,6,13.0,0.0,31.0,-7.0,1.0,0.0,39.0,2.0,3.0,2.0,1.0,63.0,Bad
6529,65.0,172.0,4.0,68.0,28.0,1.0,0.0,66.0,22.0,6,5,29.0,2.0,28.0,0.0,3.0,3.0,45.0,80.0,8.0,2.0,1.0,71.0,Bad
5065,60.0,47.0,6.0,22.0,16.0,0.0,0.0,100.0,-7.0,7,8,16.0,4.0,19.0,0.0,1.0,1.0,84.0,48.0,7.0,2.0,1.0,64.0,Bad
7621,67.0,112.0,3.0,74.0,4.0,1.0,0.0,80.0,30.0,6,5,5.0,1.0,100.0,-7.0,5.0,5.0,-8.0,-8.0,-8.0,1.0,-8.0,100.0,Bad
1363,-9.0,-9.0,-9.0,-9.0,-9.0,-9.0,-9.0,-9.0,-9.0,-9,-9,-9.0,-9.0,-9.0,-9.0,-9.0,-9.0,-9.0,-9.0,-9.0,-9.0,-9.0,-9.0,Bad
2150,80.0,226.0,2.0,66.0,35.0,0.0,0.0,100.0,-7.0,7,8,36.0,2.0,47.0,0.0,0.0,0.0,2.0,77.0,5.0,7.0,0.0,62.0,Bad
3409,76.0,107.0,30.0,57.0,5.0,0.0,0.0,83.0,14.0,6,6,6.0,0.0,50.0,0.0,0.0,0.0,30.0,-8.0,1.0,2.0,0.0,100.0,Bad
6298,68.0,299.0,3.0,73.0,19.0,0.0,0.0,95.0,34.0,6,6,19.0,1.0,37.0,2.0,2.0,2.0,60.0,-8.0,5.0,1.0,3.0,60.0,Bad
929,-9.0,-9.0,-9.0,-9.0,-9.0,-9.0,-9.0,-9.0,-9.0,-9,-9,-9.0,-9.0,-9.0,-9.0,-9.0,-9.0,-9.0,-9.0,-9.0,-9.0,-9.0,-9.0,Good
8549,68.0,-8.0,8.0,45.0,28.0,0.0,0.0,93.0,24.0,6,6,32.0,3.0,13.0,4.0,1.0,1.0,26.0,83.0,8.0,2.0,2.0,63.0,Bad
5469,79.0,158.0,3.0,54.0,23.0,0.0,0.0,100.0,-7.0,7,8,25.0,2.0,38.0,3.0,2.0,2.0,14.0,130.0,1.0,2.0,0.0,50.0,Good
1800,58.0,25.0,1.0,10.0,3.0,0.0,0.0,100.0,-7.0,7,8,4.0,3.0,25.0,0.0,4.0,4.0,85.0,-8.0,1.0,1.0,1.0,75.0,Bad
4154,74.0,186.0,5.0,76.0,16.0,0.0,0.0,100.0,-7.0,7,8,16.0,1.0,44.0,0.0,2.0,2.0,83.0,39.0,2.0,3.0,1.0,71.0,Good
1329,-9.0,-9.0,-9.0,-9.0,-9.0,-9.0,-9.0,-9.0,-9.0,-9,-9,-9.0,-9.0,-9.0,-9.0,-9.0,-9.0,-9.0,-9.0,-9.0,-9.0,-9.0,-9.0,Bad
796,69.0,142.0,6.0,43.0,12.0,0.0,0.0,93.0,23.0,6,6,15.0,2.0,87.0,5.0,0.0,0.0,53.0,87.0,2.0,3.0,0.0,100.0,Bad
7402,72.0,73.0,2.0,34.0,30.0,0.0,0.0,100.0,-7.0,7,8,31.0,4.0,19.0,0.0,4.0,4.0,21.0,95.0,7.0,3.0,2.0,50.0,Good
745,89.0,384.0,4.0,111.0,31.0,0.0,0.0,100.0,-7.0,7,8,33.0,2.0,30.0,3.0,3.0,3.0,12.0,-8.0,1.0,1.0,0.0,33.0,Good
8742,-9.0,-9.0,-9.0,-9.0,-9.0,-9.0,-9.0,-9.0,-9.0,-9,-9,-9.0,-9.0,-9.0,-9.0,-9.0,-9.0,-9.0,-9.0,-9.0,-9.0,-9.0,-9.0,Good
526,57.0,246.0,3.0,78.0,16.0,2.0,2.0,94.0,9.0,4,6,24.0,2.0,31.0,-7.0,0.0,0.0,85.0,39.0,6.0,2.0,3.0,89.0,Bad
6917,61.0,187.0,3.0,72.0,28.0,1.0,0.0,97.0,1.0,4,5,30.0,2.0,57.0,10.0,0.0,0.0,32.0,53.0,6.0,4.0,1.0,77.0,Good
7480,61.0,164.0,10.0,80.0,54.0,1.0,0.0,88.0,3.0,3,5,59.0,2.0,83.0,0.0,2.0,2.0,47.0,63.0,4.0,10.0,0.0,88.0,Bad
7132,60.0,165.0,2.0,79.0,43.0,0.0,0.0,92.0,9.0,4,6,49.0,2.0,47.0,0.0,0.0,0.0,73.0,89.0,7.0,2.0,-8.0,77.0,Bad
6751,68.0,263.0,13.0,99.0,28.0,0.0,0.0,93.0,29.0,6,6,34.0,0.0,23.0,2.0,1.0,1.0,68.0,82.0,12.0,3.0,5.0,88.0,Bad
8456,54.0,162.0,7.0,87.0,24.0,1.0,0.0,85.0,7.0,4,5,26.0,1.0,31.0,0.0,2.0,2.0,65.0,70.0,9.0,3.0,3.0,80.0,Bad
5360,-9.0,-9.0,-9.0,-9.0,-9.0,-9.0,-9.0,-9.0,-9.0,-9,-9,-9.0,-9.0,-9.0,-9.0,-9.0,-9.0,-9.0,-9.0,-9.0,-9.0,-9.0,-9.0,Bad
3542,66.0,326.0,2.0,44.0,15.0,0.0,0.0,88.0,6.0,4,6,31.0,4.0,29.0,1.0,2.0,2.0,4.0,-8.0,3.0,2.0,0.0,42.0,Bad
8610,65.0,212.0,11.0,75.0,21.0,2.0,1.0,87.0,22.0,6,5,23.0,1.0,43.0,19.0,0.0,0.0,71.0,64.0,8.0,3.0,3.0,86.0,Good
2935,55.0,284.0,4.0,81.0,21.0,3.0,0.0,84.0,1.0,3,5,25.0,4.0,4.0,6.0,0.0,0.0,21.0,-8.0,7.0,1.0,1.0,42.0,Bad
8964,85.0,259.0,12.0,72.0,32.0,0.0,0.0,100.0,-7.0,7,8,34.0,0.0,41.0,0.0,1.0,1.0,4.0,-8.0,3.0,1.0,0.0,67.0,Good
8986,80.0,255.0,17.0,111.0,12.0,0.0,0.0,92.0,-8.0,6,6,12.0,0.0,0.0,0.0,1.0,1.0,13.0,-8.0,2.0,-8.0,0.0,50.0,Bad
561,82.0,165.0,3.0,61.0,50.0,0.0,0.0,100.0,-7.0,7,8,51.0,4.0,47.0,-7.0,3.0,2.0,18.0,62.0,3.0,9.0,0.0,75.0,Good
9928,61.0,194.0,1.0,67.0,21.0,4.0,0.0,64.0,12.0,5,5,28.0,4.0,46.0,0.0,0.0,0.0,41.0,-8.0,3.0,1.0,0.0,44.0,Bad
2748,93.0,236.0,28.0,142.0,19.0,0.0,0.0,100.0,-7.0,7,8,11.0,0.0,11.0,-7.0,0.0,0.0,1.0,-8.0,2.0,1.0,0.0,30.0,Good
2075,64.0,242.0,3.0,70.0,21.0,1.0,1.0,95.0,8.0,0,6,22.0,1.0,43.0,0.0,1.0,1.0,58.0,87.0,5.0,3.0,2.0,89.0,Bad
5613,88.0,191.0,12.0,114.0,22.0,0.0,0.0,100.0,-7.0,7,8,22.0,0.0,0.0,0.0,0.0,0.0,10.0,-8.0,2.0,-8.0,0.0,14.0,Good
7269,82.0,297.0,19.0,88.0,31.0,0.0,0.0,100.0,-7.0,7,8,31.0,0.0,29.0,0.0,0.0,0.0,20.0,-8.0,5.0,1.0,0.0,40.0,Bad
2147,55.0,222.0,15.0,93.0,18.0,0.0,0.0,67.0,1.0,4,6,21.0,0.0,19.0,0.0,0.0,0.0,105.0,72.0,11.0,3.0,3.0,82.0,Bad
144,70.0,252.0,3.0,73.0,20.0,4.0,2.0,88.0,31.0,6,3,24.0,4.0,67.0,2.0,1.0,1.0,16.0,93.0,3.0,2.0,0.0,63.0,Bad
4822,66.0,130.0,2.0,44.0,12.0,0.0,0.0,92.0,4.0,4,6,13.0,1.0,23.0,0.0,1.0,1.0,32.0,52.0,5.0,2.0,1.0,70.0,Good
2934,70.0,175.0,2.0,113.0,39.0,0.0,0.0,93.0,69.0,5,6,21.0,3.0,23.0,2.0,1.0,1.0,45.0,-8.0,6.0,-8.0,0.0,60.0,Good
6052,83.0,155.0,6.0,65.0,9.0,0.0,0.0,100.0,-7.0,7,8,10.0,2.0,44.0,1.0,1.0,1.0,7.0,58.0,2.0,2.0,0.0,71.0,Good
730,78.0,84.0,2.0,25.0,11.0,1.0,0.0,92.0,20.0,6,5,13.0,1.0,15.0,2.0,4.0,4.0,2.0,77.0,1.0,1.0,0.0,20.0,Good
7497,63.0,178.0,7.0,46.0,21.0,2.0,2.0,95.0,13.0,6,2,22.0,1.0,55.0,-7.0,1.0,1.0,74.0,86.0,6.0,3.0,2.0,91.0,Bad
9609,68.0,89.0,13.0,52.0,10.0,1.0,0.0,73.0,10.0,4,5,11.0,0.0,82.0,7.0,0.0,0.0,0.0,71.0,0.0,4.0,0.0,67.0,Good
4389,63.0,59.0,16.0,34.0,3.0,1.0,1.0,100.0,-7.0,7,8,4.0,0.0,0.0,0.0,0.0,0.0,68.0,-8.0,3.0,-8.0,-8.0,100.0,Bad
7205,62.0,143.0,5.0,53.0,35.0,1.0,0.0,92.0,1.0,3,5,36.0,5.0,33.0,0.0,2.0,0.0,3.0,18.0,3.0,2.0,0.0,33.0,Good
934,69.0,464.0,4.0,107.0,32.0,0.0,0.0,100.0,-7.0,7,8,33.0,1.0,48.0,3.0,1.0,1.0,90.0,80.0,7.0,5.0,6.0,87.0,Good
8944,62.0,88.0,1.0,35.0,20.0,0.0,0.0,95.0,-8.0,5,6,22.0,7.0,50.0,0.0,4.0,3.0,30.0,70.0,6.0,5.0,0.0,92.0,Bad
190,92.0,352.0,13.0,120.0,14.0,0.0,0.0,100.0,-7.0,7,8,17.0,0.0,35.0,4.0,1.0,1.0,11.0,-8.0,2.0,1.0,0.0,60.0,Good
4666,89.0,400.0,30.0,141.0,15.0,0.0,0.0,100.0,-7.0,7,8,15.0,0.0,27.0,-8.0,0.0,0.0,7.0,-8.0,2.0,1.0,0.0,43.0,Good
3658,55.0,418.0,5.0,112.0,25.0,0.0,0.0,84.0,11.0,4,6,34.0,2.0,28.0,4.0,2.0,2.0,66.0,96.0,4.0,2.0,3.0,64.0,Good
2845,76.0,125.0,1.0,84.0,39.0,0.0,0.0,100.0,-7.0,7,8,9.0,8.0,20.0,0.0,5.0,5.0,10.0,100.0,8.0,3.0,1.0,44.0,Good
10058,90.0,406.0,1.0,146.0,10.0,0.0,0.0,100.0,-7.0,7,8,11.0,1.0,36.0,-7.0,0.0,0.0,0.0,-8.0,2.0,1.0,-8.0,60.0,Bad
9967,80.0,121.0,7.0,58.0,11.0,0.0,0.0,91.0,56.0,6,6,11.0,1.0,0.0,0.0,1.0,1.0,15.0,-8.0,4.0,-8.0,1.0,80.0,Good
6419,66.0,159.0,16.0,81.0,24.0,0.0,0.0,100.0,-7.0,7,8,25.0,0.0,12.0,0.0,1.0,1.0,81.0,-8.0,15.0,-8.0,9.0,83.0,Bad
4078,59.0,191.0,3.0,49.0,54.0,0.0,0.0,100.0,-7.0,7,8,65.0,10.0,43.0,1.0,4.0,4.0,83.0,95.0,6.0,5.0,3.0,100.0,Bad
1149,-9.0,-9.0,-9.0,-9.0,-9.0,-9.0,-9.0,-9.0,-9.0,-9,-9,-9.0,-9.0,-9.0,-9.0,-9.0,-9.0,-9.0,-9.0,-9.0,-9.0,-9.0,-9.0,Bad
1595,59.0,172.0,5.0,54.0,16.0,0.0,0.0,82.0,0.0,4,6,17.0,3.0,47.0,0.0,0.0,0.0,64.0,13.0,3.0,3.0,2.0,55.0,Bad
8059,61.0,264.0,6.0,74.0,34.0,0.0,0.0,89.0,1.0,4,6,35.0,3.0,49.0,1.0,1.0,1.0,21.0,71.0,5.0,4.0,0.0,64.0,Good
9417,67.0,59.0,3.0,36.0,8.0,1.0,1.0,89.0,7.0,3,4,9.0,2.0,56.0,3.0,1.0,1.0,4.0,77.0,2.0,3.0,0.0,83.0,Bad
8609,65.0,33.0,4.0,17.0,13.0,0.0,0.0,100.0,-7.0,7,8,15.0,5.0,33.0,2.0,8.0,8.0,42.0,-8.0,6.0,2.0,1.0,80.0,Bad
5073,75.0,169.0,2.0,51.0,10.0,0.0,0.0,100.0,-7.0,7,8,13.0,3.0,77.0,0.0,2.0,2.0,19.0,78.0,1.0,4.0,0.0,100.0,Bad
4172,62.0,398.0,3.0,133.0,33.0,0.0,0.0,88.0,37.0,6,6,34.0,2.0,44.0,0.0,3.0,3.0,56.0,89.0,8.0,3.0,4.0,65.0,Bad
1011,61.0,127.0,14.0,53.0,16.0,0.0,0.0,94.0,3.0,4,6,16.0,0.0,69.0,0.0,1.0,1.0,98.0,64.0,1.0,2.0,-8.0,75.0,Bad
1299,-9.0,-9.0,-9.0,-9.0,-9.0,-9.0,-9.0,-9.0,-9.0,-9,-9,-9.0,-9.0,-9.0,-9.0,-9.0,-9.0,-9.0,-9.0,-9.0,-9.0,-9.0,-9.0,Bad
8796,-9.0,-9.0,-9.0,-9.0,-9.0,-9.0,-9.0,-9.0,-9.0,-9,-9,-9.0,-9.0,-9.0,-9.0,-9.0,-9.0,-9.0,-9.0,-9.0,-9.0,-9.0,-9.0,Good
8507,86.0,-8.0,7.0,61.0,18.0,0.0,0.0,100.0,-7.0,7,8,20.0,1.0,20.0,-7.0,0.0,0.0,13.0,-8.0,2.0,1.0,0.0,43.0,Good
1087,-9.0,-9.0,-9.0,-9.0,-9.0,-9.0,-9.0,-9.0,-9.0,-9,-9,-9.0,-9.0,-9.0,-9.0,-9.0,-9.0,-9.0,-9.0,-9.0,-9.0,-9.0,-9.0,Good
6114,71.0,308.0,10.0,113.0,32.0,1.0,1.0,100.0,-7.0,6,8,32.0,1.0,34.0,0.0,1.0,1.0,23.0,-8.0,5.0,5.0,2.0,59.0,Good
2405,61.0,179.0,8.0,48.0,10.0,1.0,1.0,100.0,-7.0,7,8,11.0,2.0,30.0,-7.0,0.0,0.0,88.0,71.0,5.0,2.0,3.0,100.0,Bad
10230,73.0,178.0,4.0,73.0,14.0,0.0,0.0,100.0,-7.0,7,8,14.0,2.0,50.0,15.0,0.0,0.0,74.0,93.0,6.0,2.0,1.0,100.0,Good
2800,77.0,300.0,5.0,108.0,13.0,1.0,0.0,93.0,72.0,6,5,9.0,1.0,50.0,-7.0,1.0,1.0,63.0,67.0,1.0,2.0,1.0,80.0,Bad
7260,76.0,375.0,37.0,219.0,4.0,0.0,0.0,50.0,8.0,4,6,6.0,0.0,17.0,0.0,3.0,3.0,22.0,-8.0,2.0,-8.0,0.0,67.0,Bad
3463,71.0,-8.0,17.0,45.0,13.0,1.0,0.0,93.0,54.0,6,5,0.0,0.0,14.0,0.0,2.0,2.0,35.0,-8.0,4.0,2.0,0.0,55.0,Good
651,70.0,142.0,2.0,56.0,17.0,1.0,0.0,89.0,34.0,6,5,19.0,2.0,37.0,2.0,1.0,1.0,52.0,63.0,4.0,3.0,2.0,67.0,Good
6967,70.0,207.0,5.0,58.0,12.0,1.0,1.0,100.0,-7.0,6,8,14.0,3.0,29.0,1.0,4.0,4.0,2.0,-8.0,1.0,1.0,0.0,29.0,Good
9296,63.0,92.0,9.0,39.0,23.0,0.0,0.0,100.0,-7.0,7,8,24.0,1.0,29.0,8.0,0.0,0.0,73.0,-8.0,8.0,1.0,2.0,83.0,Good
9686,80.0,138.0,44.0,97.0,26.0,0.0,0.0,100.0,-7.0,7,8,34.0,0.0,62.0,6.0,0.0,0.0,8.0,-8.0,1.0,1.0,0.0,33.0,Good
4703,87.0,182.0,8.0,73.0,45.0,0.0,0.0,98.0,-8.0,6,6,45.0,4.0,20.0,15.0,0.0,0.0,4.0,46.0,2.0,2.0,0.0,20.0,Good
1939,65.0,38.0,14.0,28.0,5.0,2.0,2.0,100.0,-7.0,6,8,5.0,0.0,40.0,0.0,2.0,2.0,99.0,40.0,1.0,2.0,1.0,100.0,Bad
7796,71.0,211.0,2.0,74.0,28.0,0.0,0.0,93.0,4.0,4,6,30.0,4.0,20.0,3.0,2.0,2.0,12.0,82.0,7.0,2.0,0.0,60.0,Good
9388,82.0,209.0,40.0,107.0,23.0,0.0,0.0,100.0,-7.0,7,8,24.0,0.0,21.0,0.0,8.0,8.0,19.0,-8.0,2.0,1.0,-8.0,50.0,Good
2758,67.0,-8.0,6.0,57.0,18.0,1.0,1.0,100.0,-7.0,6,8,0.0,3.0,44.0,-7.0,5.0,5.0,31.0,77.0,4.0,2.0,1.0,86.0,Bad
1102,-9.0,-9.0,-9.0,-9.0,-9.0,-9.0,-9.0,-9.0,-9.0,-9,-9,-9.0,-9.0,-9.0,-9.0,-9.0,-9.0,-9.0,-9.0,-9.0,-9.0,-9.0,-9.0,Bad
4001,79.0,166.0,6.0,91.0,24.0,0.0,0.0,96.0,13.0,6,6,15.0,1.0,17.0,-8.0,0.0,0.0,24.0,-8.0,4.0,2.0,0.0,46.0,Bad
7308,60.0,51.0,7.0,25.0,18.0,0.0,0.0,96.0,10.0,4,6,23.0,6.0,52.0,0.0,16.0,16.0,90.0,82.0,5.0,4.0,1.0,100.0,Bad
8239,81.0,141.0,3.0,59.0,34.0,1.0,0.0,97.0,54.0,6,5,37.0,3.0,51.0,0.0,1.0,1.0,4.0,94.0,2.0,2.0,0.0,44.0,Good
354,63.0,115.0,4.0,54.0,20.0,2.0,1.0,91.0,47.0,0,5,24.0,2.0,50.0,0.0,1.0,1.0,52.0,75.0,4.0,2.0,1.0,88.0,Bad
1648,93.0,310.0,3.0,138.0,10.0,0.0,0.0,100.0,-7.0,7,8,10.0,1.0,20.0,0.0,0.0,0.0,1.0,-8.0,1.0,-8.0,0.0,13.0,Good
8473,70.0,-8.0,11.0,36.0,7.0,0.0,0.0,88.0,20.0,6,6,9.0,2.0,33.0,-7.0,0.0,0.0,48.0,100.0,1.0,2.0,0.0,75.0,Bad
7282,75.0,40.0,4.0,22.0,4.0,0.0,0.0,100.0,-7.0,7,8,5.0,1.0,0.0,0.0,1.0,1.0,53.0,-8.0,1.0,-8.0,0.0,50.0,Bad
535,78.0,134.0,15.0,44.0,7.0,0.0,0.0,100.0,-7.0,7,8,7.0,0.0,57.0,-7.0,0.0,0.0,-8.0,-8.0,-8.0,1.0,-8.0,100.0,Good
9128,74.0,160.0,5.0,52.0,16.0,0.0,0.0,100.0,-7.0,7,8,16.0,4.0,56.0,-7.0,2.0,2.0,54.0,45.0,5.0,2.0,1.0,88.0,Bad
4708,67.0,106.0,3.0,44.0,15.0,1.0,1.0,88.0,7.0,4,2,17.0,1.0,38.0,0.0,5.0,5.0,0.0,85.0,1.0,4.0,0.0,56.0,Good
3565,71.0,129.0,0.0,58.0,46.0,0.0,0.0,100.0,-7.0,7,8,39.0,3.0,38.0,0.0,5.0,4.0,42.0,45.0,3.0,5.0,1.0,60.0,Bad
2431,71.0,229.0,4.0,89.0,47.0,1.0,1.0,92.0,3.0,0,2,21.0,3.0,25.0,-7.0,0.0,0.0,24.0,88.0,10.0,4.0,1.0,63.0,Bad
6121,70.0,153.0,16.0,93.0,16.0,0.0,0.0,94.0,16.0,6,6,16.0,0.0,44.0,0.0,1.0,1.0,70.0,58.0,4.0,4.0,2.0,80.0,Bad
7541,75.0,262.0,1.0,82.0,28.0,1.0,0.0,83.0,13.0,6,5,31.0,3.0,20.0,-7.0,3.0,3.0,9.0,100.0,5.0,1.0,0.0,47.0,Bad
4499,65.0,114.0,11.0,63.0,14.0,4.0,2.0,72.0,16.0,6,2,19.0,2.0,28.0,-7.0,3.0,3.0,23.0,80.0,3.0,1.0,1.0,57.0,Good
1644,65.0,99.0,5.0,46.0,24.0,0.0,0.0,100.0,-7.0,7,8,24.0,2.0,33.0,0.0,2.0,1.0,51.0,67.0,7.0,2.0,2.0,64.0,Bad
8630,56.0,134.0,2.0,65.0,19.0,3.0,3.0,67.0,18.0,6,2,24.0,2.0,46.0,0.0,9.0,9.0,66.0,-8.0,2.0,1.0,2.0,60.0,Bad
1586,91.0,446.0,18.0,153.0,12.0,0.0,0.0,100.0,-7.0,7,8,12.0,0.0,33.0,0.0,0.0,0.0,4.0,-8.0,1.0,-8.0,0.0,20.0,Good
2297,63.0,264.0,5.0,41.0,16.0,1.0,1.0,94.0,3.0,0,2,16.0,3.0,47.0,-7.0,0.0,0.0,27.0,74.0,4.0,3.0,0.0,73.0,Good
6826,86.0,170.0,37.0,106.0,12.0,0.0,0.0,100.0,-7.0,7,8,12.0,0.0,25.0,-8.0,0.0,0.0,18.0,-8.0,2.0,1.0,0.0,60.0,Good
6482,65.0,330.0,1.0,113.0,17.0,2.0,2.0,89.0,25.0,6,6,21.0,2.0,16.0,0.0,1.0,1.0,54.0,100.0,5.0,1.0,2.0,78.0,Bad
7232,62.0,151.0,2.0,27.0,19.0,1.0,1.0,95.0,78.0,6,2,21.0,6.0,43.0,0.0,0.0,0.0,56.0,92.0,8.0,3.0,1.0,92.0,Bad
6117,78.0,361.0,1.0,115.0,24.0,0.0,0.0,100.0,-7.0,7,8,25.0,3.0,44.0,0.0,1.0,1.0,17.0,96.0,4.0,5.0,1.0,64.0,Good
3283,81.0,178.0,4.0,76.0,22.0,0.0,0.0,100.0,-7.0,7,8,16.0,1.0,9.0,13.0,0.0,0.0,22.0,-8.0,4.0,1.0,1.0,42.0,Good
10263,64.0,120.0,8.0,38.0,8.0,0.0,0.0,100.0,-7.0,7,8,8.0,1.0,38.0,10.0,0.0,0.0,93.0,67.0,4.0,3.0,4.0,100.0,Bad
3320,80.0,318.0,2.0,84.0,38.0,0.0,0.0,100.0,-7.0,7,8,59.0,2.0,41.0,0.0,2.0,2.0,3.0,41.0,4.0,4.0,0.0,53.0,Good
6311,72.0,294.0,5.0,75.0,20.0,0.0,0.0,95.0,46.0,6,6,21.0,3.0,62.0,7.0,0.0,0.0,57.0,50.0,6.0,4.0,2.0,91.0,Bad
4610,76.0,305.0,2.0,75.0,47.0,0.0,0.0,100.0,-7.0,7,8,51.0,6.0,32.0,-7.0,0.0,0.0,15.0,93.0,6.0,4.0,1.0,59.0,Good
2032,56.0,295.0,1.0,115.0,22.0,1.0,1.0,81.0,1.0,4,4,27.0,2.0,33.0,0.0,0.0,0.0,66.0,88.0,4.0,4.0,1.0,73.0,Bad
4339,91.0,378.0,14.0,127.0,13.0,0.0,0.0,100.0,-7.0,7,8,13.0,0.0,15.0,0.0,0.0,0.0,10.0,-8.0,2.0,-8.0,0.0,25.0,Good
7090,83.0,283.0,6.0,75.0,26.0,0.0,0.0,100.0,-7.0,7,8,26.0,1.0,50.0,0.0,1.0,1.0,22.0,73.0,2.0,2.0,0.0,67.0,Good
7069,90.0,175.0,38.0,132.0,11.0,0.0,0.0,100.0,-7.0,7,8,11.0,0.0,45.0,-8.0,0.0,0.0,0.0,-8.0,0.0,-8.0,0.0,0.0,Good
1898,61.0,150.0,9.0,36.0,5.0,0.0,0.0,83.0,11.0,4,6,6.0,2.0,33.0,0.0,0.0,0.0,69.0,74.0,3.0,2.0,1.0,100.0,Good
7191,73.0,311.0,7.0,77.0,13.0,0.0,0.0,100.0,-7.0,7,8,13.0,2.0,46.0,0.0,0.0,0.0,69.0,93.0,5.0,2.0,2.0,88.0,Bad
2194,83.0,122.0,0.0,61.0,24.0,0.0,0.0,100.0,-7.0,7,8,27.0,2.0,26.0,0.0,2.0,2.0,2.0,76.0,2.0,2.0,0.0,50.0,Good
4068,70.0,140.0,7.0,33.0,5.0,1.0,1.0,100.0,-7.0,6,8,3.0,3.0,0.0,1.0,1.0,1.0,4.0,-8.0,3.0,-8.0,0.0,60.0,Good
6681,80.0,261.0,8.0,104.0,22.0,0.0,0.0,100.0,-7.0,7,8,22.0,1.0,59.0,-7.0,1.0,1.0,39.0,76.0,3.0,2.0,1.0,71.0,Good
3638,90.0,69.0,65.0,189.0,11.0,0.0,0.0,100.0,-7.0,7,8,7.0,0.0,18.0,-8.0,0.0,0.0,0.0,-8.0,2.0,1.0,0.0,60.0,Bad
2483,68.0,298.0,15.0,98.0,37.0,0.0,0.0,95.0,25.0,6,6,35.0,0.0,16.0,-7.0,0.0,0.0,44.0,-8.0,12.0,2.0,7.0,56.0,Bad
2463,73.0,131.0,3.0,84.0,20.0,0.0,0.0,100.0,-7.0,7,8,14.0,6.0,60.0,-7.0,4.0,4.0,48.0,50.0,4.0,8.0,2.0,93.0,Bad
8446,72.0,264.0,2.0,81.0,42.0,1.0,1.0,100.0,-7.0,7,8,44.0,3.0,21.0,0.0,3.0,3.0,15.0,50.0,6.0,3.0,1.0,50.0,Good
9509,80.0,190.0,6.0,65.0,10.0,1.0,1.0,92.0,65.0,6,4,12.0,2.0,50.0,0.0,0.0,0.0,48.0,-8.0,1.0,1.0,1.0,50.0,Bad
5571,84.0,146.0,12.0,80.0,22.0,0.0,0.0,95.0,46.0,6,6,22.0,0.0,0.0,1.0,2.0,2.0,0.0,-8.0,0.0,-8.0,0.0,0.0,Bad
5824,61.0,388.0,8.0,80.0,11.0,0.0,0.0,82.0,21.0,6,6,11.0,2.0,36.0,0.0,1.0,1.0,71.0,-8.0,4.0,1.0,3.0,63.0,Bad
5554,80.0,401.0,13.0,155.0,20.0,0.0,0.0,96.0,1.0,4,6,23.0,0.0,17.0,12.0,0.0,0.0,10.0,-8.0,2.0,-8.0,0.0,22.0,Good
4195,58.0,285.0,2.0,75.0,30.0,2.0,2.0,91.0,14.0,6,2,34.0,2.0,12.0,0.0,0.0,0.0,80.0,57.0,12.0,4.0,5.0,59.0,Bad
4325,54.0,174.0,2.0,59.0,23.0,1.0,0.0,88.0,68.0,6,5,26.0,2.0,8.0,0.0,4.0,4.0,85.0,-8.0,17.0,-8.0,6.0,81.0,Good
9023,65.0,130.0,6.0,68.0,25.0,3.0,2.0,89.0,29.0,5,4,29.0,1.0,43.0,0.0,1.0,1.0,46.0,56.0,8.0,3.0,2.0,85.0,Good
1259,-9.0,-9.0,-9.0,-9.0,-9.0,-9.0,-9.0,-9.0,-9.0,-9,-9,-9.0,-9.0,-9.0,-9.0,-9.0,-9.0,-9.0,-9.0,-9.0,-9.0,-9.0,-9.0,Bad
7452,55.0,37.0,6.0,24.0,6.0,1.0,0.0,86.0,1.0,3,5,7.0,2.0,57.0,0.0,0.0,0.0,13.0,-8.0,2.0,1.0,1.0,75.0,Bad
7891,68.0,137.0,4.0,85.0,24.0,0.0,0.0,88.0,10.0,4,6,24.0,2.0,38.0,3.0,1.0,1.0,15.0,68.0,7.0,3.0,0.0,85.0,Good
2593,79.0,13.0,9.0,49.0,23.0,0.0,0.0,100.0,-7.0,7,8,1.0,1.0,22.0,-7.0,0.0,0.0,12.0,86.0,1.0,2.0,0.0,33.0,Bad
10187,62.0,387.0,14.0,199.0,13.0,0.0,0.0,62.0,1.0,4,6,13.0,0.0,46.0,4.0,1.0,1.0,57.0,-8.0,6.0,2.0,2.0,100.0,Bad
9165,90.0,176.0,1.0,80.0,17.0,0.0,0.0,100.0,-7.0,7,8,19.0,2.0,53.0,-7.0,1.0,1.0,1.0,86.0,2.0,2.0,0.0,50.0,Good
7661,64.0,179.0,2.0,85.0,26.0,0.0,0.0,100.0,-7.0,7,8,28.0,4.0,32.0,-7.0,1.0,1.0,85.0,38.0,10.0,2.0,6.0,86.0,Bad
6369,81.0,93.0,13.0,50.0,9.0,0.0,0.0,100.0,-7.0,7,8,9.0,0.0,11.0,0.0,0.0,0.0,23.0,-8.0,2.0,1.0,0.0,60.0,Good
4719,62.0,60.0,5.0,20.0,9.0,2.0,1.0,90.0,46.0,6,5,10.0,3.0,40.0,4.0,2.0,2.0,53.0,73.0,5.0,4.0,2.0,90.0,Bad
7216,92.0,255.0,10.0,78.0,7.0,0.0,0.0,100.0,-7.0,7,8,8.0,1.0,13.0,0.0,0.0,0.0,6.0,-8.0,1.0,-8.0,0.0,33.0,Good
838,84.0,307.0,5.0,149.0,29.0,0.0,0.0,100.0,-7.0,7,8,46.0,2.0,20.0,6.0,0.0,0.0,3.0,100.0,5.0,2.0,1.0,42.0,Good
7507,83.0,129.0,5.0,48.0,4.0,0.0,0.0,100.0,-7.0,7,8,4.0,2.0,50.0,-7.0,1.0,1.0,30.0,-8.0,1.0,1.0,0.0,100.0,Bad
6468,79.0,144.0,13.0,55.0,22.0,0.0,0.0,100.0,-7.0,7,8,22.0,0.0,41.0,0.0,0.0,0.0,42.0,56.0,2.0,4.0,0.0,60.0,Good
10445,84.0,264.0,2.0,87.0,19.0,0.0,0.0,100.0,-7.0,7,8,20.0,2.0,35.0,0.0,3.0,3.0,14.0,94.0,2.0,2.0,1.0,36.0,Good
4118,69.0,432.0,7.0,181.0,13.0,2.0,0.0,73.0,3.0,3,5,10.0,1.0,27.0,0.0,9.0,9.0,7.0,-8.0,1.0,1.0,0.0,60.0,Bad
3104,79.0,49.0,4.0,62.0,28.0,0.0,0.0,100.0,-7.0,7,8,6.0,3.0,36.0,1.0,1.0,1.0,26.0,71.0,2.0,2.0,1.0,71.0,Good
1483,63.0,363.0,8.0,85.0,15.0,0.0,0.0,93.0,-8.0,6,6,15.0,1.0,67.0,0.0,0.0,0.0,91.0,74.0,1.0,4.0,1.0,83.0,Bad
6204,79.0,168.0,7.0,81.0,16.0,0.0,0.0,100.0,-7.0,7,8,18.0,1.0,44.0,4.0,1.0,1.0,0.0,46.0,1.0,2.0,1.0,57.0,Good
292,58.0,175.0,6.0,57.0,45.0,1.0,0.0,96.0,8.0,3,5,47.0,1.0,53.0,0.0,3.0,3.0,69.0,85.0,6.0,12.0,3.0,78.0,Bad
7612,78.0,141.0,9.0,64.0,20.0,0.0,0.0,100.0,-7.0,7,8,20.0,1.0,35.0,-7.0,0.0,0.0,48.0,98.0,1.0,4.0,-8.0,75.0,Good
6720,87.0,236.0,2.0,74.0,20.0,0.0,0.0,100.0,-7.0,7,8,21.0,4.0,52.0,-7.0,1.0,1.0,9.0,101.0,1.0,2.0,0.0,43.0,Good
6855,77.0,93.0,2.0,47.0,29.0,0.0,0.0,100.0,-7.0,7,8,33.0,7.0,48.0,2.0,5.0,5.0,22.0,90.0,3.0,4.0,0.0,78.0,Good
2685,80.0,10.0,11.0,91.0,20.0,0.0,0.0,100.0,-7.0,7,8,1.0,1.0,0.0,-7.0,1.0,1.0,18.0,-8.0,4.0,-8.0,1.0,33.0,Good
288,73.0,94.0,3.0,49.0,21.0,0.0,0.0,95.0,57.0,6,6,22.0,2.0,36.0,0.0,2.0,2.0,42.0,47.0,3.0,2.0,1.0,56.0,Bad
10203,89.0,171.0,50.0,84.0,7.0,0.0,0.0,100.0,-7.0,7,8,7.0,0.0,57.0,1.0,1.0,1.0,8.0,-8.0,1.0,1.0,0.0,100.0,Good
4760,83.0,306.0,27.0,113.0,17.0,0.0,0.0,100.0,-7.0,7,8,17.0,0.0,65.0,-8.0,0.0,0.0,43.0,33.0,3.0,2.0,0.0,83.0,Bad
5679,71.0,145.0,2.0,64.0,15.0,1.0,1.0,88.0,36.0,6,2,17.0,3.0,53.0,0.0,0.0,0.0,24.0,72.0,3.0,5.0,0.0,67.0,Bad
4740,70.0,81.0,16.0,53.0,17.0,1.0,1.0,100.0,-7.0,6,8,17.0,0.0,24.0,2.0,1.0,1.0,32.0,78.0,9.0,2.0,0.0,73.0,Good
3210,78.0,158.0,6.0,80.0,37.0,0.0,0.0,97.0,32.0,6,6,38.0,3.0,58.0,0.0,2.0,2.0,0.0,88.0,1.0,3.0,0.0,36.0,Bad
245,63.0,130.0,3.0,67.0,25.0,0.0,0.0,86.0,2.0,4,6,29.0,1.0,34.0,0.0,0.0,0.0,57.0,75.0,4.0,2.0,2.0,67.0,Bad
2029,73.0,135.0,14.0,72.0,27.0,1.0,0.0,87.0,17.0,6,5,30.0,0.0,47.0,0.0,1.0,1.0,0.0,24.0,1.0,5.0,0.0,60.0,Good
59,55.0,118.0,4.0,69.0,12.0,7.0,4.0,50.0,4.0,3,3,22.0,2.0,27.0,0.0,2.0,2.0,79.0,79.0,5.0,2.0,2.0,88.0,Bad
9357,59.0,217.0,4.0,94.0,17.0,4.0,3.0,78.0,19.0,6,5,23.0,1.0,52.0,-8.0,0.0,0.0,63.0,40.0,5.0,5.0,0.0,100.0,Bad
8062,66.0,160.0,7.0,50.0,16.0,1.0,1.0,89.0,24.0,6,3,18.0,1.0,44.0,1.0,4.0,4.0,62.0,-8.0,6.0,-8.0,1.0,100.0,Bad
5784,63.0,202.0,8.0,61.0,11.0,1.0,1.0,67.0,11.0,4,6,13.0,1.0,50.0,0.0,0.0,0.0,11.0,46.0,2.0,3.0,-8.0,71.0,Good
1143,-9.0,-9.0,-9.0,-9.0,-9.0,-9.0,-9.0,-9.0,-9.0,-9,-9,-9.0,-9.0,-9.0,-9.0,-9.0,-9.0,-9.0,-9.0,-9.0,-9.0,-9.0,-9.0,Bad
1279,-9.0,-9.0,-9.0,-9.0,-9.0,-9.0,-9.0,-9.0,-9.0,-9,-9,-9.0,-9.0,-9.0,-9.0,-9.0,-9.0,-9.0,-9.0,-9.0,-9.0,-9.0,-9.0,Bad
949,71.0,163.0,5.0,64.0,42.0,0.0,0.0,95.0,2.0,4,6,42.0,3.0,24.0,4.0,3.0,3.0,1.0,-8.0,4.0,1.0,0.0,31.0,Good
6051,72.0,245.0,2.0,89.0,32.0,1.0,0.0,91.0,44.0,6,5,35.0,2.0,23.0,2.0,1.0,1.0,26.0,65.0,5.0,4.0,1.0,56.0,Bad
9419,91.0,325.0,28.0,148.0,14.0,0.0,0.0,100.0,-7.0,7,8,17.0,0.0,33.0,0.0,6.0,6.0,0.0,-8.0,1.0,2.0,0.0,50.0,Bad
632,68.0,214.0,3.0,78.0,8.0,1.0,0.0,89.0,9.0,3,5,9.0,2.0,22.0,-8.0,0.0,0.0,43.0,-8.0,3.0,1.0,1.0,67.0,Good
9733,61.0,83.0,1.0,45.0,15.0,0.0,0.0,74.0,10.0,4,6,20.0,5.0,26.0,0.0,2.0,2.0,20.0,-8.0,3.0,1.0,0.0,40.0,Bad
5539,70.0,185.0,11.0,75.0,36.0,0.0,0.0,97.0,72.0,6,6,37.0,1.0,41.0,1.0,3.0,3.0,67.0,60.0,12.0,5.0,5.0,85.0,Bad
3949,75.0,151.0,7.0,71.0,39.0,0.0,0.0,100.0,-7.0,7,8,10.0,5.0,15.0,7.0,0.0,0.0,33.0,-8.0,6.0,1.0,0.0,70.0,Good
4436,56.0,172.0,11.0,57.0,21.0,0.0,0.0,90.0,5.0,4,6,21.0,1.0,29.0,0.0,0.0,0.0,70.0,73.0,6.0,2.0,1.0,80.0,Bad
223,88.0,209.0,9.0,93.0,19.0,0.0,0.0,100.0,-7.0,7,8,19.0,1.0,53.0,5.0,0.0,0.0,0.0,-8.0,1.0,1.0,0.0,29.0,Good
4902,73.0,219.0,2.0,82.0,28.0,0.0,0.0,93.0,13.0,6,6,29.0,2.0,14.0,1.0,1.0,1.0,28.0,-8.0,7.0,1.0,0.0,50.0,Good
6179,84.0,199.0,23.0,100.0,17.0,0.0,0.0,100.0,-7.0,7,8,17.0,0.0,18.0,-8.0,0.0,0.0,37.0,19.0,2.0,2.0,0.0,50.0,Good
9903,-9.0,-9.0,-9.0,-9.0,-9.0,-9.0,-9.0,-9.0,-9.0,-9,-9,-9.0,-9.0,-9.0,-9.0,-9.0,-9.0,-9.0,-9.0,-9.0,-9.0,-9.0,-9.0,Bad
3033,75.0,161.0,2.0,67.0,26.0,0.0,0.0,100.0,-7.0,7,8,28.0,2.0,33.0,0.0,1.0,1.0,40.0,75.0,4.0,3.0,1.0,58.0,Good
1622,63.0,105.0,10.0,67.0,22.0,3.0,2.0,76.0,6.0,4,2,25.0,1.0,48.0,0.0,2.0,2.0,11.0,75.0,3.0,3.0,0.0,86.0,Bad
7755,71.0,83.0,2.0,33.0,23.0,0.0,0.0,96.0,-8.0,6,6,26.0,5.0,23.0,0.0,11.0,11.0,23.0,92.0,4.0,3.0,0.0,47.0,Bad
981,86.0,167.0,8.0,79.0,25.0,0.0,0.0,100.0,-7.0,7,8,27.0,2.0,37.0,14.0,0.0,0.0,5.0,61.0,3.0,1.0,0.0,67.0,Good
343,69.0,124.0,14.0,66.0,20.0,0.0,0.0,95.0,3.0,4,6,20.0,0.0,60.0,0.0,0.0,0.0,58.0,73.0,3.0,3.0,1.0,86.0,Bad
3034,70.0,168.0,31.0,78.0,22.0,1.0,0.0,96.0,49.0,6,5,17.0,0.0,65.0,3.0,1.0,1.0,61.0,17.0,3.0,3.0,2.0,75.0,Good
7783,64.0,145.0,12.0,81.0,28.0,0.0,0.0,97.0,3.0,4,6,30.0,0.0,61.0,10.0,0.0,0.0,60.0,75.0,2.0,4.0,1.0,75.0,Good
5310,87.0,216.0,76.0,127.0,7.0,0.0,0.0,100.0,-7.0,7,8,7.0,0.0,29.0,0.0,0.0,0.0,14.0,-8.0,2.0,1.0,0.0,100.0,Good
4114,83.0,284.0,34.0,93.0,9.0,0.0,0.0,100.0,-7.0,7,8,22.0,0.0,33.0,7.0,0.0,0.0,0.0,50.0,0.0,1.0,0.0,25.0,Bad
7247,69.0,178.0,22.0,74.0,25.0,0.0,0.0,92.0,12.0,6,6,25.0,0.0,40.0,0.0,6.0,5.0,20.0,45.0,5.0,2.0,0.0,70.0,Bad
7093,77.0,256.0,3.0,93.0,37.0,0.0,0.0,92.0,19.0,6,6,39.0,4.0,23.0,3.0,1.0,1.0,13.0,-8.0,3.0,1.0,0.0,31.0,Good
9332,-9.0,-9.0,-9.0,-9.0,-9.0,-9.0,-9.0,-9.0,-9.0,-9,-9,-9.0,-9.0,-9.0,-9.0,-9.0,-9.0,-9.0,-9.0,-9.0,-9.0,-9.0,-9.0,Good
8808,76.0,288.0,1.0,85.0,32.0,0.0,0.0,100.0,-7.0,7,8,33.0,3.0,6.0,5.0,1.0,1.0,22.0,74.0,20.0,1.0,0.0,81.0,Bad
921,64.0,147.0,1.0,56.0,19.0,0.0,0.0,91.0,3.0,4,6,23.0,3.0,36.0,1.0,3.0,3.0,34.0,-8.0,3.0,2.0,0.0,63.0,Good
341,66.0,176.0,7.0,61.0,24.0,0.0,0.0,92.0,0.0,4,6,24.0,1.0,33.0,0.0,0.0,0.0,18.0,92.0,4.0,2.0,1.0,58.0,Good
5898,72.0,-8.0,2.0,70.0,27.0,0.0,0.0,100.0,-7.0,7,8,31.0,1.0,13.0,-7.0,1.0,1.0,36.0,-8.0,6.0,1.0,4.0,67.0,Bad
6821,74.0,107.0,4.0,59.0,22.0,1.0,1.0,96.0,71.0,6,2,23.0,1.0,17.0,3.0,1.0,1.0,23.0,26.0,2.0,2.0,1.0,44.0,Good
1347,-9.0,-9.0,-9.0,-9.0,-9.0,-9.0,-9.0,-9.0,-9.0,-9,-9,-9.0,-9.0,-9.0,-9.0,-9.0,-9.0,-9.0,-9.0,-9.0,-9.0,-9.0,-9.0,Good
4831,68.0,284.0,1.0,78.0,45.0,0.0,0.0,100.0,-7.0,7,8,47.0,5.0,19.0,1.0,7.0,7.0,27.0,57.0,9.0,3.0,1.0,48.0,Bad
3553,84.0,365.0,5.0,75.0,20.0,0.0,0.0,95.0,53.0,6,6,31.0,3.0,0.0,19.0,0.0,0.0,8.0,-8.0,3.0,-8.0,0.0,31.0,Bad
3710,75.0,300.0,2.0,73.0,52.0,0.0,0.0,98.0,76.0,6,6,63.0,8.0,29.0,4.0,1.0,1.0,19.0,68.0,7.0,8.0,2.0,71.0,Good
3623,84.0,83.0,4.0,61.0,22.0,0.0,0.0,100.0,-7.0,7,8,19.0,5.0,41.0,4.0,1.0,1.0,4.0,91.0,3.0,2.0,0.0,56.0,Good
74,73.0,324.0,15.0,89.0,19.0,0.0,0.0,89.0,9.0,4,6,19.0,0.0,21.0,0.0,0.0,0.0,34.0,36.0,6.0,3.0,1.0,64.0,Good
6805,67.0,314.0,0.0,108.0,10.0,1.0,0.0,92.0,8.0,3,5,12.0,2.0,17.0,0.0,1.0,1.0,60.0,-8.0,5.0,1.0,2.0,75.0,Bad
8230,69.0,369.0,2.0,130.0,23.0,1.0,0.0,93.0,61.0,6,5,30.0,3.0,30.0,0.0,2.0,2.0,46.0,38.0,6.0,3.0,0.0,91.0,Good
7892,71.0,179.0,2.0,59.0,25.0,0.0,0.0,96.0,46.0,6,6,28.0,7.0,29.0,2.0,2.0,2.0,39.0,85.0,4.0,4.0,1.0,73.0,Good
135,-9.0,-9.0,-9.0,-9.0,-9.0,-9.0,-9.0,-9.0,-9.0,-9,-9,-9.0,-9.0,-9.0,-9.0,-9.0,-9.0,-9.0,-9.0,-9.0,-9.0,-9.0,-9.0,Bad
4896,54.0,142.0,2.0,61.0,23.0,4.0,3.0,76.0,4.0,4,3,30.0,4.0,52.0,4.0,1.0,1.0,51.0,73.0,5.0,6.0,1.0,80.0,Bad
9378,88.0,365.0,5.0,166.0,29.0,0.0,0.0,97.0,14.0,6,6,30.0,2.0,43.0,17.0,0.0,0.0,10.0,-8.0,1.0,3.0,0.0,44.0,Good
6334,61.0,132.0,8.0,69.0,3.0,1.0,1.0,80.0,12.0,6,2,5.0,2.0,100.0,0.0,0.0,0.0,-8.0,94.0,-8.0,2.0,-8.0,100.0,Bad
3417,81.0,261.0,11.0,110.0,27.0,0.0,0.0,96.0,53.0,6,6,27.0,1.0,22.0,0.0,0.0,0.0,23.0,13.0,11.0,2.0,0.0,65.0,Good
7710,61.0,84.0,13.0,31.0,9.0,0.0,0.0,89.0,20.0,6,6,9.0,0.0,33.0,5.0,0.0,0.0,81.0,-8.0,5.0,1.0,3.0,100.0,Bad
1978,73.0,184.0,5.0,69.0,13.0,0.0,0.0,85.0,5.0,4,6,13.0,1.0,23.0,0.0,2.0,2.0,8.0,92.0,1.0,2.0,0.0,43.0,Good
9163,88.0,211.0,19.0,104.0,26.0,0.0,0.0,100.0,-7.0,7,8,26.0,0.0,19.0,-7.0,0.0,0.0,6.0,-8.0,3.0,1.0,0.0,36.0,Good
8432,64.0,108.0,6.0,55.0,16.0,3.0,1.0,75.0,40.0,6,5,21.0,4.0,20.0,0.0,0.0,0.0,53.0,69.0,5.0,4.0,1.0,91.0,Good
9384,85.0,371.0,1.0,141.0,24.0,0.0,0.0,100.0,-7.0,7,8,25.0,2.0,28.0,-8.0,0.0,0.0,14.0,56.0,5.0,2.0,1.0,70.0,Good
3312,73.0,162.0,3.0,88.0,39.0,1.0,1.0,95.0,28.0,6,6,14.0,4.0,24.0,6.0,0.0,0.0,28.0,-8.0,9.0,2.0,1.0,61.0,Good
2329,65.0,134.0,5.0,79.0,16.0,5.0,2.0,61.0,9.0,4,2,23.0,2.0,30.0,-7.0,0.0,0.0,18.0,96.0,2.0,2.0,0.0,57.0,Bad
5604,61.0,178.0,1.0,45.0,48.0,0.0,0.0,100.0,-7.0,7,8,49.0,8.0,20.0,0.0,2.0,2.0,32.0,-8.0,11.0,3.0,4.0,52.0,Good
9094,69.0,153.0,32.0,85.0,3.0,0.0,0.0,100.0,-7.0,7,8,3.0,0.0,100.0,-7.0,2.0,1.0,-8.0,10.0,-8.0,1.0,-8.0,100.0,Bad
1902,75.0,172.0,2.0,47.0,10.0,0.0,0.0,100.0,-7.0,7,8,11.0,5.0,18.0,0.0,1.0,1.0,32.0,-8.0,5.0,-8.0,1.0,83.0,Bad
1786,56.0,180.0,9.0,86.0,15.0,2.0,2.0,72.0,10.0,4,3,18.0,3.0,78.0,0.0,2.0,2.0,101.0,91.0,2.0,6.0,1.0,100.0,Bad
843,63.0,207.0,11.0,74.0,45.0,0.0,0.0,100.0,-7.0,7,8,46.0,1.0,13.0,7.0,0.0,0.0,85.0,20.0,10.0,2.0,5.0,57.0,Bad
1733,72.0,103.0,8.0,45.0,20.0,0.0,0.0,100.0,-7.0,7,8,21.0,2.0,52.0,0.0,1.0,1.0,71.0,90.0,1.0,3.0,1.0,80.0,Good
2309,57.0,277.0,9.0,98.0,28.0,0.0,0.0,93.0,4.0,4,6,9.0,2.0,39.0,-7.0,0.0,0.0,71.0,90.0,7.0,2.0,5.0,69.0,Good
7630,62.0,102.0,2.0,69.0,6.0,1.0,1.0,75.0,44.0,6,2,8.0,1.0,50.0,-7.0,1.0,1.0,65.0,-8.0,4.0,-8.0,1.0,100.0,Bad
2465,84.0,241.0,4.0,93.0,17.0,0.0,0.0,95.0,28.0,6,6,40.0,3.0,53.0,-7.0,1.0,1.0,8.0,100.0,2.0,2.0,0.0,67.0,Bad
63,81.0,126.0,9.0,78.0,18.0,0.0,0.0,100.0,-7.0,7,8,18.0,1.0,83.0,0.0,0.0,0.0,0.0,64.0,1.0,3.0,-8.0,80.0,Good
7967,79.0,116.0,2.0,38.0,14.0,0.0,0.0,100.0,-7.0,7,8,16.0,3.0,13.0,2.0,1.0,1.0,7.0,100.0,2.0,2.0,0.0,44.0,Good
4707,72.0,259.0,7.0,82.0,41.0,0.0,0.0,100.0,-7.0,7,8,41.0,3.0,22.0,0.0,8.0,8.0,37.0,80.0,10.0,2.0,2.0,60.0,Bad
6908,65.0,156.0,3.0,79.0,29.0,1.0,1.0,100.0,-7.0,6,8,33.0,3.0,45.0,2.0,3.0,3.0,32.0,49.0,4.0,2.0,1.0,67.0,Good
3616,75.0,201.0,2.0,65.0,31.0,0.0,0.0,97.0,44.0,6,6,46.0,6.0,30.0,12.0,0.0,0.0,30.0,76.0,4.0,3.0,1.0,36.0,Good
5300,82.0,156.0,21.0,84.0,12.0,0.0,0.0,100.0,-7.0,7,8,12.0,0.0,42.0,0.0,0.0,0.0,73.0,68.0,3.0,2.0,0.0,100.0,Good
5894,60.0,146.0,6.0,116.0,6.0,3.0,1.0,55.0,6.0,0,2,11.0,1.0,55.0,-7.0,1.0,1.0,83.0,-8.0,1.0,1.0,1.0,75.0,Bad
7412,68.0,117.0,12.0,57.0,25.0,0.0,0.0,96.0,21.0,6,6,25.0,0.0,4.0,0.0,2.0,2.0,31.0,-8.0,6.0,-8.0,1.0,70.0,Bad
9144,67.0,155.0,1.0,117.0,22.0,0.0,0.0,92.0,2.0,4,6,24.0,2.0,58.0,-7.0,2.0,2.0,67.0,80.0,2.0,4.0,-8.0,100.0,Good
7321,69.0,269.0,6.0,69.0,22.0,0.0,0.0,95.0,2.0,4,6,22.0,2.0,50.0,0.0,0.0,0.0,18.0,77.0,5.0,7.0,0.0,67.0,Bad
637,80.0,220.0,28.0,79.0,25.0,0.0,0.0,100.0,-7.0,7,8,29.0,0.0,41.0,16.0,0.0,0.0,51.0,49.0,4.0,5.0,1.0,69.0,Good
10012,-9.0,-9.0,-9.0,-9.0,-9.0,-9.0,-9.0,-9.0,-9.0,-9,-9,-9.0,-9.0,-9.0,-9.0,-9.0,-9.0,-9.0,-9.0,-9.0,-9.0,-9.0,-9.0,Good
4951,80.0,161.0,5.0,48.0,10.0,0.0,0.0,90.0,24.0,6,6,10.0,3.0,50.0,3.0,1.0,1.0,8.0,74.0,2.0,2.0,0.0,67.0,Bad
9518,54.0,111.0,3.0,67.0,6.0,4.0,2.0,55.0,3.0,0,2,11.0,2.0,0.0,0.0,4.0,4.0,90.0,-8.0,4.0,-8.0,3.0,83.0,Bad
54,78.0,368.0,6.0,74.0,42.0,0.0,0.0,98.0,23.0,5,6,43.0,3.0,49.0,0.0,3.0,3.0,10.0,19.0,8.0,2.0,0.0,67.0,Bad
1020,70.0,118.0,7.0,45.0,17.0,0.0,0.0,88.0,11.0,4,6,17.0,4.0,35.0,0.0,0.0,0.0,15.0,-8.0,1.0,1.0,0.0,29.0,Good
10040,66.0,239.0,4.0,91.0,32.0,1.0,1.0,88.0,28.0,6,2,34.0,2.0,27.0,-7.0,1.0,1.0,91.0,-8.0,7.0,-8.0,3.0,58.0,Bad
4751,61.0,138.0,19.0,62.0,9.0,0.0,0.0,92.0,1.0,4,6,13.0,0.0,31.0,0.0,2.0,2.0,91.0,61.0,4.0,2.0,4.0,75.0,Good
9975,65.0,37.0,5.0,20.0,16.0,0.0,0.0,100.0,-7.0,7,8,16.0,5.0,44.0,0.0,0.0,0.0,58.0,84.0,1.0,3.0,1.0,71.0,Bad
5780,64.0,126.0,3.0,50.0,18.0,1.0,1.0,65.0,6.0,4,4,20.0,3.0,40.0,0.0,0.0,0.0,18.0,65.0,3.0,4.0,0.0,64.0,Bad
5849,55.0,103.0,7.0,47.0,2.0,1.0,1.0,50.0,14.0,6,3,4.0,2.0,25.0,0.0,1.0,1.0,97.0,-8.0,2.0,1.0,2.0,100.0,Good
9905,86.0,456.0,31.0,181.0,18.0,0.0,0.0,100.0,-7.0,7,8,18.0,0.0,22.0,0.0,0.0,0.0,14.0,-8.0,1.0,2.0,0.0,33.0,Good
2572,58.0,221.0,5.0,60.0,8.0,0.0,0.0,67.0,3.0,4,6,42.0,1.0,22.0,-7.0,2.0,2.0,63.0,93.0,5.0,1.0,2.0,86.0,Bad
5702,66.0,75.0,4.0,25.0,14.0,0.0,0.0,100.0,-7.0,7,8,14.0,5.0,64.0,0.0,2.0,2.0,80.0,95.0,4.0,3.0,1.0,88.0,Bad
5271,78.0,274.0,4.0,98.0,5.0,0.0,0.0,100.0,-7.0,7,8,6.0,2.0,67.0,0.0,2.0,2.0,0.0,80.0,0.0,2.0,0.0,50.0,Good
2052,57.0,151.0,22.0,102.0,4.0,6.0,6.0,60.0,80.0,6,2,10.0,0.0,100.0,0.0,1.0,1.0,-8.0,-8.0,-8.0,1.0,-8.0,100.0,Good
8317,85.0,192.0,5.0,92.0,24.0,0.0,0.0,100.0,-7.0,7,8,26.0,2.0,46.0,5.0,1.0,1.0,2.0,91.0,4.0,2.0,0.0,67.0,Good
5353,85.0,201.0,3.0,58.0,6.0,0.0,0.0,100.0,-7.0,7,8,7.0,3.0,57.0,-7.0,2.0,1.0,11.0,97.0,2.0,2.0,-8.0,80.0,Bad
6927,67.0,324.0,7.0,103.0,19.0,1.0,0.0,86.0,23.0,6,5,22.0,3.0,32.0,1.0,1.0,1.0,77.0,78.0,10.0,3.0,4.0,100.0,Bad
861,76.0,404.0,7.0,125.0,27.0,1.0,0.0,97.0,69.0,6,5,29.0,2.0,10.0,4.0,1.0,1.0,11.0,-8.0,5.0,1.0,2.0,50.0,Good
5233,80.0,322.0,4.0,103.0,25.0,1.0,0.0,92.0,21.0,6,5,26.0,1.0,12.0,0.0,0.0,0.0,2.0,-8.0,2.0,1.0,1.0,33.0,Good
4804,76.0,285.0,4.0,100.0,21.0,0.0,0.0,82.0,44.0,6,6,22.0,1.0,27.0,0.0,0.0,0.0,27.0,75.0,6.0,3.0,0.0,69.0,Good
2683,88.0,393.0,6.0,107.0,28.0,0.0,0.0,100.0,-7.0,7,8,22.0,2.0,29.0,-7.0,0.0,0.0,0.0,-8.0,6.0,2.0,0.0,44.0,Good
2823,63.0,151.0,2.0,59.0,20.0,4.0,2.0,78.0,9.0,4,2,46.0,3.0,15.0,-7.0,1.0,1.0,19.0,57.0,4.0,1.0,1.0,38.0,Bad
2864,56.0,102.0,4.0,52.0,32.0,0.0,0.0,94.0,19.0,6,6,11.0,1.0,22.0,0.0,4.0,4.0,69.0,89.0,6.0,5.0,3.0,55.0,Bad
10258,76.0,107.0,2.0,54.0,10.0,0.0,0.0,82.0,11.0,4,6,11.0,1.0,27.0,0.0,3.0,3.0,12.0,3.0,3.0,2.0,0.0,71.0,Good
5278,63.0,180.0,14.0,90.0,3.0,1.0,1.0,60.0,21.0,6,4,5.0,0.0,40.0,0.0,0.0,0.0,-8.0,85.0,1.0,2.0,-8.0,100.0,Bad
1495,61.0,198.0,6.0,56.0,20.0,0.0,0.0,100.0,-7.0,7,8,21.0,2.0,5.0,0.0,1.0,1.0,88.0,-8.0,12.0,1.0,8.0,87.0,Bad
3604,87.0,180.0,1.0,55.0,12.0,0.0,0.0,100.0,-7.0,7,8,13.0,2.0,46.0,16.0,0.0,0.0,8.0,100.0,1.0,2.0,0.0,38.0,Good
4771,74.0,186.0,7.0,71.0,38.0,0.0,0.0,100.0,-7.0,7,8,39.0,2.0,46.0,3.0,2.0,2.0,20.0,62.0,6.0,4.0,1.0,67.0,Good
9476,54.0,153.0,13.0,55.0,5.0,1.0,1.0,60.0,5.0,4,6,6.0,0.0,60.0,0.0,2.0,2.0,76.0,-8.0,1.0,1.0,-8.0,67.0,Bad
6660,76.0,191.0,3.0,76.0,18.0,0.0,0.0,100.0,-7.0,7,8,18.0,3.0,50.0,-7.0,1.0,1.0,67.0,66.0,5.0,4.0,1.0,90.0,Bad
4381,63.0,221.0,9.0,67.0,26.0,0.0,0.0,96.0,15.0,6,6,26.0,1.0,27.0,0.0,0.0,0.0,30.0,-8.0,5.0,1.0,3.0,50.0,Bad
2826,59.0,84.0,5.0,73.0,20.0,3.0,1.0,73.0,7.0,3,5,2.0,2.0,45.0,3.0,5.0,5.0,33.0,8.0,4.0,1.0,1.0,75.0,Bad
4748,74.0,24.0,5.0,18.0,4.0,0.0,0.0,100.0,-7.0,7,8,4.0,1.0,50.0,21.0,0.0,0.0,35.0,-8.0,1.0,1.0,-8.0,100.0,Good
119,75.0,212.0,23.0,105.0,11.0,0.0,0.0,82.0,21.0,6,6,11.0,0.0,45.0,-7.0,1.0,1.0,13.0,-8.0,1.0,1.0,0.0,100.0,Bad
4204,71.0,77.0,2.0,38.0,12.0,0.0,0.0,92.0,24.0,6,6,13.0,3.0,15.0,0.0,1.0,1.0,63.0,80.0,3.0,1.0,1.0,80.0,Bad
2921,78.0,212.0,36.0,96.0,11.0,0.0,0.0,100.0,-7.0,7,8,13.0,0.0,15.0,4.0,1.0,1.0,50.0,-8.0,4.0,1.0,2.0,71.0,Bad
9779,80.0,270.0,18.0,128.0,32.0,0.0,0.0,100.0,-7.0,7,8,32.0,0.0,38.0,0.0,0.0,0.0,25.0,31.0,3.0,6.0,1.0,77.0,Good
1654,67.0,100.0,3.0,61.0,19.0,0.0,0.0,100.0,-7.0,7,8,21.0,1.0,43.0,0.0,0.0,0.0,99.0,82.0,7.0,1.0,5.0,89.0,Bad
7342,57.0,162.0,7.0,56.0,15.0,0.0,0.0,87.0,2.0,4,6,15.0,1.0,27.0,0.0,0.0,0.0,85.0,-8.0,3.0,1.0,2.0,100.0,Bad
8152,59.0,225.0,2.0,73.0,52.0,0.0,0.0,98.0,8.0,4,6,54.0,6.0,54.0,0.0,6.0,6.0,45.0,28.0,7.0,3.0,2.0,83.0,Bad
2796,88.0,188.0,17.0,107.0,9.0,0.0,0.0,100.0,-7.0,7,8,16.0,0.0,33.0,-7.0,0.0,0.0,0.0,69.0,1.0,2.0,0.0,57.0,Bad
5712,75.0,217.0,1.0,74.0,41.0,1.0,1.0,91.0,13.0,6,4,43.0,5.0,33.0,0.0,4.0,3.0,7.0,88.0,3.0,4.0,0.0,30.0,Bad
2709,65.0,208.0,3.0,56.0,14.0,2.0,1.0,88.0,57.0,0,5,43.0,4.0,13.0,-7.0,4.0,4.0,14.0,-8.0,5.0,1.0,3.0,55.0,Bad
4428,72.0,304.0,17.0,112.0,31.0,1.0,1.0,94.0,8.0,4,3,32.0,0.0,31.0,0.0,1.0,1.0,35.0,56.0,5.0,2.0,1.0,62.0,Bad
5981,85.0,275.0,2.0,83.0,15.0,0.0,0.0,100.0,-7.0,7,8,17.0,1.0,18.0,1.0,1.0,1.0,5.0,-8.0,2.0,-8.0,1.0,25.0,Good
4109,82.0,163.0,18.0,86.0,14.0,0.0,0.0,100.0,-7.0,7,8,14.0,0.0,7.0,5.0,1.0,0.0,35.0,70.0,3.0,1.0,0.0,83.0,Bad
21,72.0,365.0,11.0,83.0,22.0,0.0,0.0,100.0,-7.0,7,8,22.0,1.0,41.0,0.0,0.0,0.0,49.0,23.0,6.0,2.0,1.0,73.0,Bad
673,78.0,221.0,4.0,108.0,13.0,0.0,0.0,100.0,-7.0,7,8,15.0,1.0,40.0,3.0,4.0,4.0,90.0,-8.0,2.0,2.0,2.0,80.0,Good
1554,75.0,207.0,4.0,46.0,17.0,0.0,0.0,100.0,-7.0,7,8,17.0,4.0,24.0,0.0,4.0,3.0,62.0,66.0,6.0,2.0,0.0,67.0,Bad
8206,86.0,362.0,23.0,174.0,5.0,1.0,0.0,83.0,69.0,6,5,6.0,0.0,17.0,0.0,0.0,0.0,0.0,-8.0,1.0,-8.0,-8.0,33.0,Bad
3652,81.0,-8.0,1.0,45.0,11.0,0.0,0.0,100.0,-7.0,7,8,0.0,2.0,46.0,1.0,1.0,1.0,10.0,95.0,1.0,2.0,0.0,50.0,Good
2425,75.0,194.0,5.0,55.0,21.0,0.0,0.0,100.0,-7.0,7,8,10.0,4.0,14.0,-7.0,1.0,1.0,42.0,-8.0,9.0,1.0,0.0,69.0,Bad
1377,-9.0,-9.0,-9.0,-9.0,-9.0,-9.0,-9.0,-9.0,-9.0,-9,-9,-9.0,-9.0,-9.0,-9.0,-9.0,-9.0,-9.0,-9.0,-9.0,-9.0,-9.0,-9.0,Good
7479,58.0,187.0,2.0,60.0,19.0,0.0,0.0,85.0,5.0,4,6,20.0,1.0,25.0,0.0,1.0,1.0,73.0,99.0,5.0,2.0,3.0,78.0,Bad
3270,73.0,74.0,3.0,50.0,15.0,0.0,0.0,89.0,14.0,6,6,3.0,3.0,28.0,1.0,1.0,1.0,10.0,-8.0,2.0,1.0,0.0,38.0,Good
5227,77.0,181.0,4.0,68.0,27.0,1.0,0.0,89.0,30.0,6,5,28.0,2.0,46.0,0.0,1.0,1.0,4.0,69.0,3.0,2.0,0.0,45.0,Good
4752,81.0,271.0,3.0,85.0,19.0,0.0,0.0,95.0,16.0,6,6,21.0,3.0,33.0,4.0,1.0,1.0,6.0,-8.0,3.0,1.0,1.0,36.0,Good
4928,73.0,311.0,4.0,108.0,19.0,0.0,0.0,95.0,11.0,4,6,19.0,2.0,42.0,0.0,3.0,3.0,23.0,-8.0,4.0,3.0,1.0,54.0,Good
8341,57.0,154.0,6.0,82.0,12.0,2.0,0.0,63.0,7.0,4,5,16.0,1.0,63.0,0.0,0.0,0.0,85.0,70.0,3.0,4.0,1.0,88.0,Good
299,69.0,338.0,2.0,62.0,22.0,0.0,0.0,96.0,12.0,6,6,23.0,3.0,35.0,0.0,4.0,4.0,25.0,100.0,3.0,2.0,1.0,45.0,Good
1804,58.0,53.0,4.0,21.0,12.0,0.0,0.0,100.0,-7.0,7,8,12.0,3.0,33.0,0.0,3.0,3.0,93.0,96.0,5.0,1.0,2.0,75.0,Bad
56,75.0,300.0,14.0,124.0,22.0,0.0,0.0,100.0,-7.0,7,8,23.0,0.0,39.0,0.0,0.0,0.0,57.0,-8.0,4.0,1.0,1.0,100.0,Bad
2668,74.0,148.0,6.0,68.0,43.0,0.0,0.0,100.0,-7.0,7,8,26.0,3.0,11.0,-7.0,3.0,3.0,24.0,90.0,16.0,2.0,0.0,69.0,Bad
6693,80.0,382.0,4.0,90.0,21.0,0.0,0.0,95.0,69.0,6,6,21.0,3.0,0.0,-7.0,0.0,0.0,0.0,-8.0,3.0,-8.0,2.0,23.0,Good
314,64.0,120.0,6.0,49.0,15.0,1.0,1.0,88.0,25.0,6,4,16.0,2.0,44.0,0.0,1.0,1.0,69.0,81.0,4.0,3.0,2.0,78.0,Good
4541,59.0,83.0,2.0,25.0,13.0,0.0,0.0,100.0,-7.0,7,8,14.0,3.0,21.0,-7.0,7.0,7.0,95.0,-8.0,5.0,2.0,2.0,90.0,Bad
3203,74.0,222.0,3.0,102.0,24.0,1.0,1.0,96.0,50.0,6,2,27.0,2.0,37.0,0.0,2.0,2.0,3.0,-8.0,3.0,-8.0,0.0,27.0,Good
988,78.0,251.0,7.0,107.0,25.0,0.0,0.0,100.0,-7.0,7,8,27.0,2.0,33.0,7.0,0.0,0.0,36.0,92.0,4.0,2.0,2.0,75.0,Good
3219,86.0,404.0,1.0,101.0,24.0,0.0,0.0,97.0,16.0,6,6,29.0,3.0,24.0,18.0,0.0,0.0,3.0,48.0,4.0,1.0,0.0,38.0,Good
4434,62.0,140.0,10.0,75.0,6.0,4.0,2.0,50.0,6.0,1,2,10.0,1.0,50.0,0.0,2.0,2.0,52.0,89.0,2.0,2.0,1.0,100.0,Bad
923,61.0,290.0,9.0,95.0,39.0,1.0,1.0,100.0,-7.0,6,8,39.0,2.0,10.0,2.0,4.0,3.0,51.0,95.0,8.0,1.0,1.0,45.0,Bad
1134,-9.0,-9.0,-9.0,-9.0,-9.0,-9.0,-9.0,-9.0,-9.0,-9,-9,-9.0,-9.0,-9.0,-9.0,-9.0,-9.0,-9.0,-9.0,-9.0,-9.0,-9.0,-9.0,Bad
10137,57.0,236.0,20.0,97.0,13.0,4.0,3.0,69.0,37.0,0,2,16.0,0.0,38.0,19.0,0.0,0.0,101.0,-8.0,3.0,1.0,2.0,100.0,Bad
7270,70.0,130.0,5.0,86.0,11.0,2.0,1.0,77.0,7.0,4,2,13.0,2.0,31.0,0.0,0.0,0.0,18.0,1.0,2.0,1.0,0.0,75.0,Bad
8564,65.0,442.0,1.0,114.0,28.0,1.0,1.0,97.0,13.0,6,6,33.0,3.0,39.0,2.0,1.0,1.0,66.0,72.0,10.0,5.0,5.0,75.0,Bad
8644,80.0,208.0,7.0,116.0,15.0,0.0,0.0,100.0,-7.0,7,8,15.0,2.0,27.0,1.0,1.0,1.0,38.0,34.0,3.0,3.0,0.0,86.0,Bad
3953,68.0,169.0,4.0,107.0,25.0,0.0,0.0,100.0,-7.0,7,8,7.0,1.0,32.0,0.0,1.0,1.0,66.0,73.0,11.0,3.0,5.0,82.0,Bad
8886,68.0,174.0,7.0,85.0,22.0,2.0,1.0,84.0,25.0,6,4,25.0,2.0,60.0,0.0,0.0,0.0,76.0,-8.0,2.0,1.0,1.0,75.0,Good
7501,69.0,266.0,4.0,94.0,32.0,0.0,0.0,100.0,-7.0,7,8,34.0,2.0,25.0,-7.0,1.0,1.0,36.0,50.0,10.0,4.0,3.0,78.0,Good
3187,79.0,252.0,10.0,99.0,26.0,1.0,1.0,89.0,38.0,5,3,28.0,1.0,43.0,10.0,0.0,0.0,2.0,15.0,3.0,2.0,0.0,56.0,Good
2469,76.0,211.0,2.0,60.0,28.0,0.0,0.0,90.0,13.0,6,6,61.0,3.0,14.0,-7.0,1.0,1.0,13.0,96.0,5.0,3.0,0.0,33.0,Bad
5165,56.0,176.0,4.0,63.0,34.0,0.0,0.0,86.0,5.0,4,6,35.0,4.0,60.0,0.0,8.0,7.0,48.0,90.0,5.0,3.0,3.0,62.0,Bad
1628,91.0,277.0,17.0,163.0,12.0,0.0,0.0,100.0,-7.0,7,8,12.0,0.0,25.0,0.0,0.0,0.0,1.0,-8.0,3.0,1.0,0.0,50.0,Good
3413,64.0,173.0,12.0,78.0,24.0,1.0,0.0,73.0,5.0,4,5,26.0,0.0,42.0,0.0,2.0,1.0,43.0,99.0,4.0,9.0,1.0,74.0,Bad
3058,61.0,218.0,2.0,87.0,60.0,0.0,0.0,98.0,14.0,6,6,18.0,8.0,38.0,0.0,7.0,7.0,74.0,81.0,11.0,7.0,6.0,74.0,Bad
8802,67.0,77.0,12.0,36.0,14.0,0.0,0.0,100.0,-7.0,7,8,14.0,0.0,14.0,1.0,1.0,1.0,53.0,-8.0,6.0,1.0,2.0,78.0,Bad
3348,70.0,-8.0,2.0,103.0,7.0,1.0,1.0,100.0,-7.0,6,8,0.0,2.0,25.0,-8.0,0.0,0.0,78.0,81.0,4.0,1.0,1.0,83.0,Good
4843,80.0,237.0,0.0,77.0,25.0,0.0,0.0,100.0,-7.0,7,8,26.0,4.0,31.0,1.0,3.0,2.0,20.0,84.0,6.0,3.0,0.0,64.0,Bad
645,84.0,325.0,2.0,107.0,13.0,0.0,0.0,100.0,-7.0,7,8,14.0,2.0,29.0,1.0,1.0,1.0,19.0,98.0,4.0,3.0,0.0,70.0,Bad
6791,57.0,469.0,7.0,117.0,31.0,0.0,0.0,84.0,2.0,4,6,34.0,1.0,38.0,-8.0,0.0,0.0,33.0,65.0,7.0,3.0,3.0,73.0,Bad
5403,66.0,331.0,6.0,94.0,24.0,0.0,0.0,92.0,45.0,6,6,26.0,7.0,25.0,-7.0,0.0,0.0,56.0,91.0,6.0,3.0,3.0,64.0,Good
8335,65.0,209.0,20.0,99.0,20.0,6.0,2.0,79.0,3.0,0,2,30.0,0.0,50.0,0.0,1.0,1.0,27.0,54.0,4.0,9.0,0.0,81.0,Bad
6706,79.0,54.0,4.0,21.0,7.0,0.0,0.0,100.0,-7.0,7,8,7.0,2.0,43.0,-7.0,2.0,2.0,9.0,74.0,2.0,3.0,0.0,100.0,Bad
583,72.0,117.0,1.0,49.0,9.0,0.0,0.0,100.0,-7.0,7,8,11.0,4.0,27.0,-7.0,0.0,0.0,55.0,-8.0,5.0,1.0,2.0,86.0,Good
9326,85.0,124.0,2.0,44.0,3.0,0.0,0.0,100.0,-7.0,7,8,4.0,2.0,25.0,4.0,1.0,1.0,0.0,100.0,0.0,1.0,-8.0,50.0,Bad
5145,83.0,130.0,0.0,45.0,14.0,0.0,0.0,100.0,-7.0,7,8,16.0,3.0,44.0,0.0,2.0,2.0,25.0,-8.0,2.0,2.0,0.0,44.0,Bad
1642,58.0,211.0,5.0,54.0,39.0,0.0,0.0,95.0,2.0,4,6,39.0,4.0,23.0,0.0,1.0,1.0,25.0,43.0,5.0,3.0,3.0,47.0,Bad
766,77.0,180.0,11.0,74.0,26.0,0.0,0.0,100.0,-7.0,7,8,27.0,1.0,48.0,13.0,0.0,0.0,24.0,71.0,2.0,2.0,1.0,44.0,Good
3248,66.0,164.0,5.0,56.0,11.0,1.0,1.0,91.0,24.0,6,6,13.0,2.0,91.0,7.0,0.0,0.0,98.0,81.0,1.0,3.0,-8.0,100.0,Bad
10410,67.0,279.0,5.0,60.0,35.0,0.0,0.0,100.0,-7.0,7,8,36.0,4.0,43.0,2.0,2.0,2.0,93.0,90.0,1.0,4.0,-8.0,100.0,Good
9220,84.0,365.0,28.0,157.0,17.0,0.0,0.0,94.0,79.0,6,6,17.0,0.0,18.0,8.0,0.0,0.0,0.0,-8.0,1.0,-8.0,0.0,22.0,Good
9772,64.0,228.0,10.0,86.0,18.0,1.0,1.0,85.0,7.0,0,2,20.0,1.0,55.0,0.0,1.0,1.0,47.0,44.0,3.0,5.0,1.0,83.0,Bad
1286,-9.0,-9.0,-9.0,-9.0,-9.0,-9.0,-9.0,-9.0,-9.0,-9,-9,-9.0,-9.0,-9.0,-9.0,-9.0,-9.0,-9.0,-9.0,-9.0,-9.0,-9.0,-9.0,Bad
3363,89.0,231.0,19.0,93.0,22.0,0.0,0.0,100.0,-7.0,7,8,22.0,0.0,23.0,0.0,0.0,0.0,2.0,73.0,1.0,3.0,0.0,27.0,Good
3147,83.0,293.0,12.0,109.0,22.0,1.0,1.0,96.0,26.0,6,4,17.0,0.0,35.0,12.0,0.0,0.0,0.0,62.0,1.0,2.0,-8.0,44.0,Good
6592,63.0,126.0,6.0,41.0,5.0,1.0,0.0,83.0,8.0,3,5,6.0,1.0,50.0,0.0,1.0,1.0,90.0,86.0,1.0,2.0,-8.0,100.0,Bad
8675,69.0,193.0,7.0,62.0,15.0,0.0,0.0,100.0,-7.0,7,8,16.0,1.0,44.0,6.0,0.0,0.0,77.0,70.0,5.0,3.0,4.0,80.0,Bad
3217,72.0,435.0,48.0,48.0,1.0,0.0,0.0,0.0,25.0,6,6,24.0,0.0,100.0,0.0,2.0,2.0,-8.0,-8.0,-8.0,1.0,-8.0,100.0,Good
6789,64.0,82.0,6.0,43.0,20.0,1.0,0.0,90.0,7.0,4,5,21.0,1.0,43.0,3.0,7.0,4.0,62.0,91.0,7.0,4.0,1.0,73.0,Bad
9818,73.0,121.0,9.0,64.0,33.0,0.0,0.0,100.0,-7.0,6,8,34.0,4.0,35.0,0.0,2.0,2.0,35.0,64.0,10.0,2.0,1.0,92.0,Good
7420,69.0,82.0,7.0,46.0,33.0,0.0,0.0,100.0,-7.0,7,8,34.0,3.0,32.0,0.0,0.0,0.0,46.0,81.0,7.0,4.0,2.0,73.0,Good
9205,65.0,128.0,4.0,50.0,29.0,1.0,1.0,93.0,15.0,5,3,30.0,2.0,60.0,2.0,1.0,1.0,35.0,93.0,2.0,6.0,1.0,57.0,Bad
3042,86.0,149.0,3.0,68.0,31.0,0.0,0.0,100.0,-7.0,7,8,33.0,2.0,23.0,3.0,1.0,1.0,1.0,77.0,3.0,1.0,0.0,40.0,Good
4385,69.0,280.0,2.0,66.0,19.0,0.0,0.0,96.0,4.0,4,6,23.0,4.0,52.0,0.0,3.0,3.0,32.0,76.0,6.0,4.0,0.0,77.0,Bad
8149,57.0,199.0,3.0,99.0,9.0,2.0,2.0,89.0,52.0,6,6,9.0,1.0,44.0,3.0,1.0,1.0,-8.0,-8.0,0.0,-8.0,0.0,0.0,Good
6621,56.0,106.0,2.0,31.0,40.0,0.0,0.0,100.0,-7.0,7,8,41.0,10.0,46.0,-7.0,11.0,11.0,57.0,86.0,14.0,6.0,3.0,87.0,Bad
1414,-9.0,-9.0,-9.0,-9.0,-9.0,-9.0,-9.0,-9.0,-9.0,-9,-9,-9.0,-9.0,-9.0,-9.0,-9.0,-9.0,-9.0,-9.0,-9.0,-9.0,-9.0,-9.0,Bad
3429,73.0,123.0,9.0,68.0,41.0,2.0,2.0,95.0,59.0,6,4,43.0,1.0,56.0,0.0,1.0,1.0,37.0,115.0,4.0,19.0,1.0,77.0,Good
1835,76.0,42.0,18.0,27.0,7.0,0.0,0.0,100.0,-7.0,7,8,7.0,0.0,71.0,0.0,1.0,1.0,30.0,-8.0,1.0,3.0,0.0,80.0,Bad
5210,81.0,168.0,4.0,99.0,13.0,0.0,0.0,71.0,48.0,6,6,17.0,1.0,65.0,0.0,0.0,0.0,10.0,26.0,1.0,2.0,-8.0,75.0,Good
9673,81.0,155.0,4.0,55.0,28.0,0.0,0.0,100.0,-7.0,7,8,29.0,4.0,36.0,2.0,2.0,2.0,2.0,94.0,4.0,2.0,0.0,46.0,Good
4558,70.0,261.0,2.0,63.0,19.0,0.0,0.0,100.0,-7.0,7,8,21.0,1.0,25.0,-7.0,1.0,1.0,60.0,62.0,5.0,3.0,3.0,73.0,Bad
5768,65.0,69.0,53.0,63.0,2.0,2.0,2.0,67.0,28.0,6,2,3.0,0.0,67.0,0.0,6.0,6.0,4.0,-8.0,1.0,-8.0,0.0,100.0,Bad
8295,70.0,143.0,3.0,65.0,19.0,0.0,0.0,95.0,40.0,6,6,20.0,3.0,50.0,13.0,0.0,0.0,75.0,-8.0,5.0,2.0,2.0,88.0,Bad
6564,60.0,199.0,9.0,53.0,23.0,0.0,0.0,74.0,2.0,4,6,23.0,1.0,17.0,0.0,1.0,1.0,36.0,88.0,11.0,3.0,1.0,70.0,Bad
511,71.0,124.0,6.0,64.0,25.0,0.0,0.0,96.0,-7.0,5,7,27.0,2.0,19.0,-7.0,1.0,1.0,49.0,-8.0,5.0,1.0,1.0,50.0,Good
5650,57.0,193.0,5.0,75.0,20.0,0.0,0.0,81.0,6.0,4,6,21.0,1.0,52.0,0.0,1.0,1.0,72.0,57.0,8.0,2.0,3.0,100.0,Bad
9008,69.0,225.0,12.0,103.0,20.0,0.0,0.0,85.0,10.0,4,6,20.0,0.0,25.0,0.0,0.0,0.0,28.0,47.0,7.0,2.0,0.0,90.0,Good
1579,78.0,263.0,1.0,116.0,14.0,0.0,0.0,100.0,-7.0,7,8,16.0,3.0,19.0,0.0,14.0,14.0,45.0,-8.0,4.0,-8.0,2.0,40.0,Bad
8442,62.0,214.0,13.0,93.0,23.0,1.0,1.0,88.0,5.0,4,6,24.0,0.0,25.0,0.0,0.0,0.0,75.0,-8.0,10.0,2.0,5.0,71.0,Good
7048,69.0,218.0,9.0,52.0,28.0,0.0,0.0,97.0,54.0,6,6,29.0,1.0,41.0,0.0,5.0,5.0,35.0,-8.0,5.0,2.0,1.0,70.0,Bad
10212,74.0,97.0,7.0,55.0,15.0,0.0,0.0,87.0,9.0,4,6,15.0,1.0,67.0,0.0,1.0,1.0,0.0,0.0,1.0,2.0,1.0,75.0,Bad
2275,43.0,255.0,3.0,119.0,29.0,1.0,1.0,63.0,1.0,4,6,3.0,4.0,33.0,-7.0,1.0,1.0,63.0,67.0,7.0,6.0,5.0,72.0,Bad
1762,70.0,221.0,3.0,66.0,46.0,0.0,0.0,98.0,68.0,6,6,47.0,5.0,6.0,0.0,1.0,1.0,48.0,-8.0,3.0,-8.0,2.0,18.0,Good
6984,69.0,304.0,3.0,130.0,33.0,0.0,0.0,94.0,51.0,6,6,34.0,1.0,21.0,0.0,7.0,6.0,31.0,99.0,7.0,2.0,3.0,60.0,Good
9933,83.0,269.0,14.0,122.0,17.0,0.0,0.0,100.0,-7.0,7,8,17.0,0.0,47.0,0.0,0.0,0.0,24.0,-8.0,4.0,1.0,0.0,100.0,Good
9438,76.0,129.0,11.0,52.0,10.0,0.0,0.0,100.0,-7.0,7,8,10.0,1.0,60.0,0.0,1.0,1.0,6.0,95.0,2.0,3.0,-8.0,83.0,Bad
5880,64.0,31.0,3.0,16.0,9.0,0.0,0.0,100.0,-7.0,7,8,9.0,3.0,33.0,-7.0,1.0,1.0,69.0,65.0,5.0,2.0,1.0,88.0,Good
2170,80.0,206.0,3.0,75.0,19.0,0.0,0.0,100.0,-7.0,7,8,20.0,4.0,25.0,0.0,1.0,1.0,36.0,88.0,4.0,3.0,1.0,70.0,Bad
8436,60.0,143.0,1.0,74.0,22.0,1.0,1.0,96.0,5.0,0,2,29.0,4.0,34.0,0.0,3.0,3.0,30.0,96.0,6.0,3.0,2.0,82.0,Good
5405,88.0,194.0,36.0,95.0,12.0,0.0,0.0,100.0,-7.0,7,8,15.0,0.0,53.0,-7.0,0.0,0.0,3.0,-8.0,1.0,1.0,0.0,50.0,Good
1195,-9.0,-9.0,-9.0,-9.0,-9.0,-9.0,-9.0,-9.0,-9.0,-9,-9,-9.0,-9.0,-9.0,-9.0,-9.0,-9.0,-9.0,-9.0,-9.0,-9.0,-9.0,-9.0,Good
10122,62.0,78.0,3.0,43.0,22.0,0.0,0.0,100.0,-7.0,7,8,24.0,3.0,5.0,-7.0,5.0,4.0,51.0,-8.0,11.0,-8.0,3.0,86.0,Bad
8214,81.0,396.0,2.0,152.0,27.0,0.0,0.0,100.0,-7.0,7,8,28.0,2.0,11.0,0.0,0.0,0.0,27.0,72.0,10.0,2.0,1.0,63.0,Good
3659,79.0,193.0,18.0,100.0,24.0,0.0,0.0,96.0,36.0,6,6,34.0,0.0,40.0,19.0,0.0,0.0,16.0,-8.0,3.0,1.0,0.0,44.0,Good
6721,85.0,141.0,12.0,71.0,14.0,0.0,0.0,100.0,-7.0,7,8,16.0,0.0,21.0,-7.0,0.0,0.0,1.0,47.0,2.0,2.0,0.0,44.0,Good
4870,66.0,132.0,3.0,70.0,22.0,0.0,0.0,96.0,81.0,6,6,25.0,1.0,48.0,1.0,1.0,1.0,87.0,-8.0,3.0,1.0,3.0,100.0,Bad
4735,66.0,290.0,6.0,118.0,40.0,1.0,0.0,86.0,21.0,5,5,42.0,2.0,31.0,5.0,0.0,0.0,79.0,76.0,11.0,2.0,5.0,82.0,Good
7568,88.0,177.0,2.0,65.0,14.0,0.0,0.0,100.0,-7.0,7,8,15.0,2.0,53.0,-7.0,0.0,0.0,4.0,93.0,2.0,2.0,0.0,80.0,Bad
3114,60.0,-8.0,3.0,73.0,19.0,3.0,3.0,84.0,76.0,0,6,0.0,3.0,42.0,8.0,0.0,0.0,22.0,73.0,1.0,2.0,0.0,33.0,Bad
10067,69.0,240.0,15.0,97.0,29.0,0.0,0.0,100.0,-7.0,7,8,29.0,0.0,10.0,-7.0,0.0,0.0,84.0,-8.0,6.0,1.0,4.0,90.0,Good
3181,60.0,53.0,14.0,32.0,5.0,3.0,2.0,71.0,14.0,6,2,7.0,0.0,57.0,3.0,6.0,6.0,4.0,-8.0,1.0,1.0,0.0,67.0,Bad
7002,69.0,130.0,2.0,60.0,13.0,3.0,1.0,82.0,41.0,6,2,18.0,1.0,53.0,0.0,3.0,3.0,6.0,60.0,3.0,4.0,1.0,88.0,Bad
10025,69.0,52.0,8.0,28.0,3.0,0.0,0.0,100.0,-7.0,7,8,3.0,1.0,67.0,-7.0,2.0,1.0,95.0,-8.0,1.0,1.0,-8.0,100.0,Bad
3013,75.0,378.0,3.0,93.0,29.0,3.0,1.0,84.0,14.0,6,4,32.0,4.0,33.0,2.0,1.0,1.0,4.0,59.0,5.0,5.0,0.0,56.0,Good
7632,74.0,108.0,5.0,49.0,19.0,0.0,0.0,100.0,-7.0,7,8,19.0,1.0,32.0,-7.0,0.0,0.0,59.0,64.0,4.0,2.0,1.0,67.0,Bad
8717,61.0,182.0,2.0,41.0,6.0,1.0,0.0,88.0,58.0,6,5,8.0,3.0,50.0,0.0,2.0,2.0,99.0,86.0,4.0,2.0,3.0,100.0,Good
5352,62.0,157.0,4.0,67.0,24.0,1.0,1.0,96.0,10.0,0,2,25.0,4.0,60.0,-7.0,4.0,3.0,59.0,62.0,4.0,4.0,2.0,73.0,Bad
9927,87.0,387.0,13.0,168.0,16.0,0.0,0.0,100.0,-7.0,7,8,16.0,0.0,38.0,0.0,0.0,0.0,1.0,-8.0,2.0,1.0,0.0,38.0,Good
5739,87.0,318.0,31.0,99.0,12.0,0.0,0.0,100.0,-7.0,7,8,12.0,0.0,25.0,0.0,0.0,0.0,0.0,52.0,0.0,2.0,0.0,25.0,Bad
7103,75.0,203.0,12.0,92.0,6.0,0.0,0.0,100.0,-7.0,7,8,6.0,0.0,50.0,0.0,3.0,3.0,101.0,-8.0,1.0,-8.0,1.0,100.0,Bad
2341,77.0,327.0,2.0,80.0,39.0,0.0,0.0,100.0,-7.0,7,8,65.0,5.0,27.0,-7.0,1.0,1.0,5.0,91.0,5.0,5.0,2.0,42.0,Good
9204,56.0,95.0,2.0,24.0,15.0,0.0,0.0,100.0,-7.0,7,8,19.0,4.0,44.0,4.0,1.0,1.0,73.0,87.0,5.0,6.0,2.0,85.0,Bad
5248,73.0,251.0,3.0,77.0,33.0,0.0,0.0,100.0,-7.0,7,8,37.0,3.0,35.0,0.0,2.0,2.0,20.0,62.0,7.0,2.0,2.0,69.0,Good
2778,76.0,178.0,1.0,73.0,6.0,0.0,0.0,100.0,-7.0,7,8,11.0,1.0,38.0,-7.0,3.0,3.0,98.0,-8.0,3.0,2.0,1.0,83.0,Bad
2380,66.0,118.0,6.0,22.0,10.0,0.0,0.0,90.0,-8.0,6,6,32.0,2.0,40.0,-7.0,0.0,0.0,31.0,77.0,3.0,3.0,1.0,75.0,Bad
1767,73.0,259.0,1.0,76.0,27.0,1.0,1.0,100.0,-7.0,7,8,30.0,7.0,24.0,0.0,1.0,1.0,40.0,100.0,5.0,2.0,0.0,78.0,Good
6115,76.0,98.0,9.0,58.0,15.0,0.0,0.0,69.0,6.0,4,6,16.0,1.0,44.0,0.0,1.0,1.0,2.0,-8.0,2.0,3.0,1.0,75.0,Bad
4690,89.0,388.0,11.0,187.0,16.0,0.0,0.0,100.0,-7.0,7,8,16.0,1.0,13.0,-8.0,0.0,0.0,16.0,-8.0,4.0,-8.0,0.0,45.0,Good
2251,64.0,194.0,8.0,76.0,24.0,1.0,1.0,88.0,9.0,4,2,26.0,2.0,48.0,-7.0,0.0,0.0,69.0,77.0,7.0,6.0,6.0,76.0,Bad
9137,73.0,191.0,17.0,106.0,22.0,0.0,0.0,95.0,-8.0,6,6,22.0,0.0,18.0,-7.0,0.0,0.0,73.0,59.0,12.0,1.0,-8.0,93.0,Bad
2586,87.0,65.0,17.0,71.0,10.0,0.0,0.0,100.0,-7.0,7,8,8.0,0.0,40.0,-7.0,0.0,0.0,12.0,-8.0,4.0,1.0,0.0,83.0,Good
2252,68.0,207.0,2.0,86.0,30.0,0.0,0.0,94.0,2.0,4,6,57.0,3.0,16.0,-7.0,2.0,2.0,19.0,51.0,3.0,2.0,0.0,36.0,Bad
5697,77.0,120.0,2.0,58.0,15.0,0.0,0.0,94.0,52.0,6,6,16.0,2.0,25.0,0.0,2.0,2.0,18.0,52.0,3.0,3.0,0.0,46.0,Bad
856,68.0,110.0,9.0,41.0,32.0,0.0,0.0,100.0,-7.0,7,8,32.0,1.0,25.0,0.0,1.0,1.0,92.0,65.0,3.0,2.0,2.0,71.0,Good
9228,-9.0,-9.0,-9.0,-9.0,-9.0,-9.0,-9.0,-9.0,-9.0,-9,-9,-9.0,-9.0,-9.0,-9.0,-9.0,-9.0,-9.0,-9.0,-9.0,-9.0,-9.0,-9.0,Bad
4334,59.0,76.0,5.0,38.0,23.0,0.0,0.0,88.0,10.0,4,6,24.0,3.0,38.0,0.0,0.0,0.0,69.0,95.0,4.0,6.0,2.0,83.0,Bad
808,79.0,257.0,3.0,98.0,18.0,0.0,0.0,100.0,-7.0,7,8,20.0,2.0,30.0,3.0,1.0,1.0,43.0,-8.0,5.0,1.0,2.0,70.0,Good
607,82.0,240.0,4.0,103.0,23.0,0.0,0.0,92.0,28.0,6,6,26.0,3.0,50.0,-7.0,1.0,1.0,9.0,88.0,2.0,2.0,0.0,50.0,Good
1234,-9.0,-9.0,-9.0,-9.0,-9.0,-9.0,-9.0,-9.0,-9.0,-9,-9,-9.0,-9.0,-9.0,-9.0,-9.0,-9.0,-9.0,-9.0,-9.0,-9.0,-9.0,-9.0,Bad
5085,72.0,241.0,4.0,64.0,14.0,0.0,0.0,100.0,-7.0,7,8,15.0,3.0,43.0,-7.0,1.0,1.0,69.0,96.0,3.0,2.0,2.0,100.0,Bad
2687,69.0,190.0,6.0,66.0,30.0,1.0,0.0,91.0,17.0,6,5,21.0,2.0,25.0,-7.0,0.0,0.0,37.0,-8.0,6.0,1.0,1.0,70.0,Good
173,55.0,156.0,5.0,65.0,59.0,1.0,1.0,98.0,2.0,4,6,59.0,5.0,36.0,1.0,12.0,11.0,44.0,91.0,7.0,5.0,1.0,92.0,Bad
3886,76.0,-8.0,10.0,51.0,10.0,0.0,0.0,100.0,-7.0,7,8,0.0,1.0,20.0,17.0,0.0,0.0,39.0,22.0,5.0,2.0,0.0,100.0,Good
9465,67.0,217.0,12.0,82.0,27.0,4.0,3.0,72.0,30.0,6,3,32.0,0.0,41.0,0.0,4.0,3.0,5.0,85.0,1.0,4.0,-8.0,45.0,Bad
2159,68.0,113.0,9.0,45.0,33.0,0.0,0.0,100.0,-7.0,7,8,34.0,3.0,9.0,0.0,0.0,0.0,34.0,71.0,10.0,2.0,2.0,57.0,Bad
1912,67.0,189.0,13.0,111.0,8.0,4.0,4.0,70.0,68.0,6,3,10.0,0.0,50.0,0.0,1.0,1.0,97.0,-8.0,1.0,1.0,1.0,100.0,Bad
1352,-9.0,-9.0,-9.0,-9.0,-9.0,-9.0,-9.0,-9.0,-9.0,-9,-9,-9.0,-9.0,-9.0,-9.0,-9.0,-9.0,-9.0,-9.0,-9.0,-9.0,-9.0,-9.0,Good
7071,64.0,178.0,3.0,65.0,31.0,0.0,0.0,100.0,-7.0,7,8,31.0,1.0,10.0,14.0,0.0,0.0,80.0,-8.0,15.0,1.0,11.0,84.0,Good
9257,80.0,320.0,1.0,81.0,27.0,0.0,0.0,100.0,-7.0,7,8,31.0,3.0,45.0,6.0,0.0,0.0,40.0,69.0,4.0,3.0,0.0,88.0,Good
3164,61.0,197.0,5.0,54.0,40.0,1.0,1.0,95.0,3.0,0,2,23.0,1.0,15.0,4.0,2.0,2.0,60.0,39.0,16.0,2.0,7.0,67.0,Bad
5136,81.0,598.0,4.0,205.0,37.0,0.0,0.0,100.0,-7.0,7,8,37.0,2.0,22.0,0.0,1.0,1.0,28.0,7.0,7.0,4.0,1.0,50.0,Bad
4076,57.0,164.0,5.0,74.0,30.0,1.0,1.0,90.0,7.0,0,6,35.0,1.0,57.0,0.0,5.0,4.0,64.0,75.0,6.0,4.0,2.0,92.0,Bad
6412,65.0,135.0,6.0,64.0,15.0,2.0,2.0,65.0,2.0,1,2,17.0,2.0,18.0,0.0,0.0,0.0,3.0,-8.0,2.0,1.0,0.0,50.0,Bad
3163,79.0,153.0,4.0,64.0,11.0,0.0,0.0,100.0,-7.0,7,8,8.0,3.0,36.0,11.0,0.0,0.0,68.0,54.0,3.0,3.0,1.0,86.0,Good
2271,63.0,227.0,3.0,63.0,16.0,3.0,1.0,55.0,20.0,6,4,31.0,3.0,20.0,-7.0,1.0,1.0,28.0,100.0,6.0,2.0,0.0,73.0,Bad
9809,60.0,333.0,15.0,112.0,19.0,2.0,2.0,71.0,7.0,2,4,22.0,0.0,29.0,0.0,2.0,1.0,9.0,85.0,3.0,3.0,0.0,40.0,Bad
2605,75.0,360.0,1.0,43.0,18.0,0.0,0.0,100.0,-7.0,7,8,37.0,6.0,32.0,-7.0,0.0,0.0,36.0,38.0,3.0,3.0,0.0,55.0,Bad
8691,86.0,275.0,13.0,87.0,18.0,0.0,0.0,100.0,-7.0,7,8,18.0,0.0,33.0,0.0,0.0,0.0,8.0,-8.0,4.0,-8.0,0.0,50.0,Good
3898,72.0,150.0,20.0,43.0,7.0,1.0,0.0,88.0,11.0,3,5,25.0,0.0,25.0,0.0,3.0,3.0,4.0,-8.0,4.0,2.0,0.0,75.0,Bad
5821,81.0,141.0,2.0,75.0,26.0,0.0,0.0,100.0,-7.0,7,8,27.0,1.0,15.0,0.0,1.0,1.0,17.0,82.0,3.0,2.0,1.0,50.0,Good
9692,60.0,83.0,9.0,49.0,31.0,1.0,1.0,97.0,16.0,0,6,32.0,1.0,16.0,0.0,4.0,4.0,68.0,40.0,14.0,2.0,3.0,76.0,Good
5871,64.0,127.0,7.0,66.0,20.0,5.0,5.0,70.0,6.0,4,2,23.0,1.0,52.0,0.0,0.0,0.0,0.0,79.0,1.0,4.0,-8.0,86.0,Bad
2887,57.0,346.0,25.0,68.0,13.0,1.0,1.0,73.0,4.0,4,6,26.0,0.0,53.0,9.0,0.0,0.0,0.0,53.0,2.0,4.0,0.0,67.0,Bad
9964,60.0,181.0,8.0,60.0,32.0,1.0,1.0,97.0,21.0,6,6,32.0,1.0,16.0,0.0,1.0,1.0,75.0,79.0,11.0,2.0,9.0,87.0,Bad
2096,68.0,150.0,3.0,67.0,20.0,0.0,0.0,90.0,6.0,4,6,20.0,4.0,60.0,0.0,3.0,3.0,69.0,71.0,3.0,3.0,1.0,75.0,Bad
8157,88.0,232.0,5.0,92.0,10.0,0.0,0.0,100.0,-7.0,7,8,12.0,1.0,70.0,-8.0,0.0,0.0,0.0,83.0,0.0,3.0,0.0,60.0,Good
10337,73.0,169.0,7.0,76.0,12.0,1.0,1.0,86.0,9.0,1,3,14.0,3.0,14.0,1.0,5.0,5.0,14.0,-8.0,1.0,-8.0,0.0,33.0,Bad
4559,71.0,266.0,7.0,118.0,12.0,1.0,1.0,100.0,-7.0,6,8,12.0,1.0,8.0,-7.0,1.0,1.0,1.0,-8.0,4.0,1.0,0.0,42.0,Bad
2830,71.0,257.0,8.0,79.0,35.0,1.0,1.0,86.0,15.0,6,2,7.0,2.0,14.0,7.0,0.0,0.0,10.0,31.0,3.0,1.0,0.0,33.0,Good
2787,64.0,180.0,2.0,63.0,46.0,0.0,0.0,98.0,38.0,6,6,23.0,6.0,44.0,-7.0,2.0,2.0,77.0,93.0,8.0,5.0,6.0,81.0,Bad
5345,75.0,206.0,4.0,65.0,15.0,2.0,2.0,88.0,78.0,5,2,17.0,1.0,53.0,-7.0,1.0,1.0,0.0,-8.0,0.0,1.0,0.0,33.0,Bad
5982,79.0,231.0,16.0,112.0,21.0,0.0,0.0,100.0,-7.0,7,8,22.0,0.0,19.0,16.0,0.0,0.0,25.0,-8.0,7.0,1.0,1.0,64.0,Good
1969,59.0,159.0,11.0,74.0,2.0,1.0,1.0,33.0,11.0,1,3,3.0,1.0,100.0,0.0,0.0,0.0,-8.0,-8.0,-8.0,1.0,-8.0,100.0,Bad
6870,72.0,171.0,3.0,68.0,21.0,0.0,0.0,96.0,49.0,6,6,24.0,4.0,33.0,0.0,4.0,4.0,36.0,22.0,4.0,2.0,1.0,67.0,Bad
9537,67.0,156.0,1.0,62.0,5.0,1.0,0.0,89.0,14.0,6,5,9.0,4.0,56.0,0.0,2.0,2.0,14.0,90.0,1.0,3.0,1.0,67.0,Bad
4923,84.0,340.0,16.0,96.0,14.0,0.0,0.0,100.0,-7.0,7,8,16.0,0.0,13.0,-8.0,0.0,0.0,28.0,-8.0,3.0,1.0,0.0,67.0,Good
7558,88.0,227.0,4.0,90.0,11.0,0.0,0.0,100.0,-7.0,7,8,11.0,1.0,18.0,-7.0,1.0,1.0,3.0,-8.0,3.0,1.0,1.0,50.0,Bad
4868,64.0,323.0,7.0,106.0,21.0,5.0,4.0,77.0,11.0,0,5,23.0,2.0,9.0,14.0,0.0,0.0,27.0,71.0,5.0,2.0,1.0,50.0,Bad
8505,72.0,-8.0,5.0,74.0,41.0,0.0,0.0,100.0,-7.0,7,8,47.0,1.0,57.0,-7.0,1.0,1.0,82.0,55.0,8.0,10.0,6.0,86.0,Bad
9944,56.0,160.0,23.0,80.0,16.0,0.0,0.0,83.0,6.0,4,6,18.0,0.0,44.0,0.0,0.0,0.0,112.0,91.0,6.0,2.0,6.0,89.0,Bad
6864,86.0,205.0,1.0,82.0,21.0,0.0,0.0,100.0,-7.0,7,8,22.0,2.0,41.0,1.0,2.0,2.0,1.0,-8.0,1.0,1.0,0.0,33.0,Good
5283,64.0,330.0,10.0,112.0,8.0,1.0,0.0,67.0,6.0,4,5,9.0,1.0,33.0,0.0,0.0,0.0,84.0,89.0,4.0,2.0,2.0,75.0,Bad
4566,65.0,65.0,9.0,43.0,16.0,0.0,0.0,100.0,-7.0,7,8,16.0,1.0,25.0,-7.0,0.0,0.0,79.0,91.0,7.0,2.0,5.0,75.0,Bad
5961,60.0,43.0,1.0,16.0,9.0,0.0,0.0,100.0,-7.0,7,8,10.0,6.0,40.0,-7.0,2.0,2.0,96.0,42.0,3.0,2.0,1.0,83.0,Bad
6874,86.0,225.0,4.0,79.0,14.0,0.0,0.0,100.0,-7.0,7,8,14.0,1.0,14.0,7.0,0.0,0.0,15.0,-8.0,2.0,-8.0,0.0,29.0,Good
9585,84.0,157.0,3.0,74.0,35.0,0.0,0.0,100.0,-7.0,7,8,35.0,3.0,11.0,-7.0,3.0,3.0,2.0,5.0,1.0,3.0,0.0,44.0,Good
5599,88.0,113.0,25.0,72.0,14.0,0.0,0.0,100.0,-7.0,7,8,14.0,0.0,21.0,0.0,0.0,0.0,4.0,-8.0,1.0,1.0,0.0,25.0,Good
8331,71.0,439.0,1.0,186.0,19.0,1.0,1.0,100.0,-7.0,0,8,22.0,1.0,23.0,6.0,0.0,0.0,3.0,-8.0,2.0,1.0,0.0,43.0,Good
9209,72.0,165.0,2.0,60.0,22.0,0.0,0.0,91.0,41.0,6,6,23.0,2.0,78.0,2.0,1.0,1.0,25.0,80.0,2.0,5.0,0.0,78.0,Bad
8485,78.0,-8.0,9.0,74.0,41.0,0.0,0.0,100.0,-7.0,7,8,44.0,2.0,37.0,-7.0,0.0,0.0,35.0,80.0,3.0,4.0,1.0,88.0,Good
9833,56.0,140.0,9.0,69.0,16.0,1.0,1.0,94.0,1.0,4,6,18.0,1.0,47.0,0.0,0.0,0.0,66.0,66.0,3.0,2.0,2.0,71.0,Bad
3397,65.0,165.0,2.0,43.0,25.0,0.0,0.0,100.0,-7.0,7,8,26.0,7.0,15.0,0.0,2.0,1.0,35.0,96.0,7.0,3.0,2.0,59.0,Good
8705,69.0,274.0,1.0,82.0,35.0,0.0,0.0,97.0,-8.0,6,6,36.0,4.0,44.0,0.0,2.0,2.0,40.0,-8.0,2.0,1.0,1.0,33.0,Bad
9125,54.0,224.0,3.0,87.0,24.0,2.0,2.0,78.0,0.0,1,3,27.0,3.0,41.0,-7.0,1.0,1.0,30.0,-8.0,10.0,1.0,0.0,85.0,Good
1805,75.0,288.0,10.0,132.0,36.0,0.0,0.0,100.0,-7.0,5,8,36.0,2.0,19.0,0.0,0.0,0.0,32.0,-8.0,11.0,1.0,2.0,62.0,Good
6309,81.0,137.0,1.0,56.0,22.0,1.0,0.0,92.0,36.0,6,5,24.0,3.0,21.0,7.0,0.0,0.0,3.0,-8.0,3.0,1.0,0.0,50.0,Good
3746,70.0,395.0,3.0,72.0,45.0,0.0,0.0,100.0,-7.0,7,8,66.0,1.0,30.0,1.0,3.0,3.0,33.0,100.0,9.0,2.0,1.0,85.0,Good
3028,84.0,172.0,3.0,110.0,28.0,0.0,0.0,100.0,-7.0,7,8,8.0,3.0,37.0,9.0,0.0,0.0,23.0,70.0,8.0,3.0,0.0,86.0,Good
2057,69.0,57.0,2.0,27.0,14.0,0.0,0.0,100.0,-7.0,7,8,15.0,5.0,47.0,0.0,0.0,0.0,46.0,97.0,6.0,2.0,2.0,89.0,Bad
8373,60.0,179.0,7.0,69.0,19.0,4.0,2.0,78.0,6.0,3,4,24.0,1.0,38.0,0.0,6.0,6.0,0.0,-8.0,1.0,-8.0,0.0,25.0,Bad
8969,80.0,179.0,3.0,76.0,40.0,0.0,0.0,100.0,-7.0,7,8,41.0,4.0,24.0,0.0,0.0,0.0,22.0,24.0,7.0,2.0,2.0,60.0,Good
4927,83.0,287.0,6.0,77.0,24.0,0.0,0.0,96.0,47.0,6,6,24.0,2.0,21.0,0.0,1.0,1.0,2.0,73.0,2.0,2.0,0.0,25.0,Good
4809,83.0,341.0,4.0,115.0,25.0,0.0,0.0,96.0,65.0,6,6,25.0,2.0,28.0,0.0,2.0,2.0,3.0,100.0,3.0,3.0,-8.0,64.0,Good
7453,62.0,77.0,9.0,43.0,9.0,2.0,1.0,64.0,14.0,6,2,11.0,1.0,64.0,0.0,0.0,0.0,-8.0,84.0,-8.0,4.0,-8.0,100.0,Bad
2720,72.0,153.0,5.0,76.0,24.0,1.0,1.0,90.0,9.0,4,6,50.0,2.0,66.0,-7.0,1.0,1.0,14.0,23.0,4.0,8.0,0.0,71.0,Bad
3632,69.0,139.0,4.0,95.0,28.0,1.0,1.0,91.0,4.0,4,6,23.0,3.0,50.0,4.0,1.0,1.0,45.0,48.0,5.0,2.0,1.0,88.0,Good
5479,90.0,313.0,5.0,118.0,25.0,0.0,0.0,100.0,-7.0,7,8,27.0,1.0,42.0,22.0,0.0,0.0,2.0,69.0,3.0,3.0,0.0,50.0,Good
215,66.0,111.0,4.0,40.0,9.0,0.0,0.0,100.0,-7.0,7,8,9.0,2.0,33.0,1.0,3.0,3.0,80.0,55.0,5.0,2.0,3.0,88.0,Good
437,74.0,197.0,1.0,93.0,31.0,1.0,0.0,86.0,29.0,6,5,35.0,3.0,26.0,0.0,2.0,2.0,28.0,27.0,2.0,4.0,0.0,40.0,Bad
3023,60.0,144.0,3.0,24.0,23.0,0.0,0.0,100.0,-7.0,7,8,24.0,4.0,9.0,1.0,4.0,4.0,60.0,-8.0,7.0,2.0,3.0,63.0,Bad
7387,68.0,70.0,1.0,37.0,29.0,0.0,0.0,100.0,-7.0,7,8,30.0,3.0,57.0,0.0,3.0,3.0,33.0,30.0,9.0,2.0,1.0,85.0,Bad
3100,64.0,132.0,3.0,49.0,30.0,0.0,0.0,100.0,-7.0,7,8,39.0,3.0,57.0,0.0,4.0,4.0,65.0,75.0,10.0,2.0,2.0,86.0,Good
8730,82.0,157.0,8.0,82.0,22.0,0.0,0.0,100.0,-7.0,7,8,22.0,1.0,50.0,0.0,2.0,2.0,2.0,85.0,1.0,2.0,0.0,60.0,Good
9320,86.0,360.0,9.0,125.0,20.0,0.0,0.0,100.0,-7.0,7,8,20.0,1.0,15.0,-8.0,0.0,0.0,11.0,22.0,4.0,2.0,0.0,55.0,Good
10266,89.0,328.0,17.0,132.0,34.0,0.0,0.0,97.0,41.0,6,6,35.0,0.0,14.0,-8.0,0.0,0.0,1.0,-8.0,3.0,2.0,0.0,31.0,Good
5039,74.0,455.0,4.0,194.0,20.0,0.0,0.0,95.0,43.0,6,6,20.0,2.0,25.0,6.0,0.0,0.0,43.0,96.0,7.0,3.0,1.0,71.0,Bad
2810,74.0,206.0,9.0,66.0,16.0,0.0,0.0,100.0,-7.0,7,8,37.0,1.0,25.0,-7.0,2.0,2.0,52.0,56.0,6.0,2.0,1.0,73.0,Good
4368,72.0,331.0,5.0,80.0,24.0,0.0,0.0,88.0,55.0,6,6,25.0,4.0,20.0,0.0,0.0,0.0,76.0,92.0,3.0,2.0,-8.0,89.0,Bad
7057,59.0,219.0,4.0,84.0,30.0,1.0,0.0,91.0,26.0,6,5,32.0,3.0,44.0,2.0,4.0,4.0,41.0,89.0,9.0,4.0,3.0,76.0,Good
2944,62.0,229.0,10.0,45.0,22.0,0.0,0.0,87.0,6.0,4,6,43.0,2.0,35.0,10.0,0.0,0.0,43.0,-8.0,4.0,2.0,1.0,50.0,Bad
3213,84.0,131.0,4.0,57.0,9.0,0.0,0.0,100.0,-7.0,7,8,10.0,1.0,56.0,10.0,0.0,0.0,11.0,76.0,2.0,3.0,0.0,83.0,Bad
7012,75.0,175.0,2.0,61.0,35.0,0.0,0.0,100.0,-7.0,7,8,38.0,7.0,34.0,2.0,2.0,2.0,16.0,83.0,3.0,2.0,2.0,33.0,Good
8767,-9.0,-9.0,-9.0,-9.0,-9.0,-9.0,-9.0,-9.0,-9.0,-9,-9,-9.0,-9.0,-9.0,-9.0,-9.0,-9.0,-9.0,-9.0,-9.0,-9.0,-9.0,-9.0,Bad
5418,86.0,160.0,7.0,129.0,14.0,0.0,0.0,100.0,-7.0,7,8,14.0,1.0,64.0,6.0,0.0,0.0,2.0,91.0,2.0,1.0,0.0,100.0,Good
1857,59.0,282.0,12.0,74.0,24.0,0.0,0.0,92.0,2.0,4,6,25.0,0.0,32.0,0.0,0.0,0.0,74.0,97.0,6.0,3.0,2.0,82.0,Bad
10103,90.0,247.0,13.0,96.0,21.0,0.0,0.0,100.0,-7.0,7,8,21.0,0.0,33.0,-7.0,0.0,0.0,0.0,-8.0,0.0,1.0,0.0,25.0,Good
1970,51.0,106.0,6.0,65.0,13.0,0.0,0.0,78.0,1.0,4,6,18.0,1.0,56.0,0.0,0.0,0.0,87.0,86.0,5.0,2.0,3.0,100.0,Bad
13,69.0,256.0,6.0,117.0,11.0,1.0,1.0,100.0,-7.0,7,8,14.0,1.0,8.0,0.0,0.0,0.0,13.0,-8.0,2.0,-8.0,0.0,67.0,Good
9136,79.0,96.0,3.0,49.0,29.0,0.0,0.0,100.0,-7.0,7,8,32.0,3.0,50.0,-7.0,2.0,2.0,20.0,81.0,5.0,4.0,1.0,75.0,Good
9443,57.0,298.0,4.0,58.0,47.0,1.0,0.0,92.0,1.0,4,5,48.0,5.0,75.0,0.0,1.0,1.0,51.0,77.0,5.0,7.0,1.0,92.0,Good
7401,74.0,173.0,13.0,68.0,20.0,0.0,0.0,95.0,10.0,4,6,20.0,0.0,50.0,0.0,0.0,0.0,33.0,47.0,2.0,6.0,0.0,80.0,Bad
9287,55.0,236.0,2.0,92.0,52.0,5.0,3.0,83.0,3.0,3,2,64.0,4.0,25.0,3.0,4.0,4.0,16.0,94.0,4.0,6.0,0.0,56.0,Bad
8243,59.0,63.0,1.0,35.0,15.0,0.0,0.0,88.0,37.0,6,6,16.0,2.0,6.0,0.0,1.0,1.0,77.0,-8.0,3.0,1.0,3.0,57.0,Bad
7870,-9.0,-9.0,-9.0,-9.0,-9.0,-9.0,-9.0,-9.0,-9.0,-9,-9,-9.0,-9.0,-9.0,-9.0,-9.0,-9.0,-9.0,-9.0,-9.0,-9.0,-9.0,-9.0,Good
1575,72.0,256.0,4.0,48.0,21.0,0.0,0.0,95.0,31.0,6,6,22.0,2.0,32.0,0.0,1.0,1.0,34.0,89.0,3.0,2.0,1.0,50.0,Bad
1382,-9.0,-9.0,-9.0,-9.0,-9.0,-9.0,-9.0,-9.0,-9.0,-9,-9,-9.0,-9.0,-9.0,-9.0,-9.0,-9.0,-9.0,-9.0,-9.0,-9.0,-9.0,-9.0,Bad
1892,66.0,197.0,10.0,73.0,28.0,0.0,0.0,90.0,5.0,4,6,29.0,2.0,24.0,0.0,1.0,1.0,12.0,-8.0,7.0,1.0,1.0,57.0,Good
8103,63.0,181.0,2.0,76.0,22.0,1.0,1.0,80.0,1.0,4,3,25.0,3.0,12.0,3.0,1.0,1.0,29.0,79.0,7.0,1.0,0.0,53.0,Bad
1137,-9.0,-9.0,-9.0,-9.0,-9.0,-9.0,-9.0,-9.0,-9.0,-9,-9,-9.0,-9.0,-9.0,-9.0,-9.0,-9.0,-9.0,-9.0,-9.0,-9.0,-9.0,-9.0,Good
6081,80.0,226.0,10.0,77.0,31.0,0.0,0.0,100.0,-7.0,7,8,31.0,2.0,16.0,9.0,1.0,1.0,19.0,12.0,2.0,2.0,0.0,40.0,Good
8270,61.0,148.0,21.0,86.0,21.0,3.0,3.0,88.0,16.0,5,2,24.0,0.0,71.0,-7.0,4.0,4.0,63.0,27.0,2.0,5.0,1.0,100.0,Bad
9937,80.0,175.0,6.0,59.0,19.0,0.0,0.0,100.0,-7.0,7,8,19.0,1.0,16.0,0.0,3.0,3.0,12.0,-8.0,6.0,1.0,0.0,58.0,Bad
746,57.0,156.0,13.0,90.0,39.0,4.0,3.0,91.0,3.0,3,5,45.0,0.0,16.0,15.0,0.0,0.0,81.0,-8.0,7.0,-8.0,1.0,88.0,Bad
3308,56.0,172.0,1.0,77.0,32.0,0.0,0.0,97.0,3.0,4,6,9.0,7.0,18.0,1.0,2.0,2.0,42.0,-8.0,5.0,1.0,2.0,38.0,Bad
8481,57.0,47.0,4.0,21.0,5.0,0.0,0.0,80.0,32.0,6,6,5.0,1.0,60.0,-7.0,3.0,3.0,97.0,84.0,2.0,3.0,1.0,100.0,Bad
5364,86.0,192.0,25.0,128.0,17.0,0.0,0.0,100.0,-7.0,7,8,17.0,0.0,41.0,-7.0,0.0,0.0,22.0,-8.0,3.0,1.0,0.0,80.0,Good
5693,74.0,168.0,2.0,85.0,23.0,0.0,0.0,96.0,13.0,6,6,24.0,3.0,17.0,0.0,0.0,0.0,40.0,95.0,7.0,2.0,0.0,64.0,Bad
9687,69.0,136.0,14.0,73.0,16.0,4.0,3.0,70.0,62.0,6,2,20.0,0.0,50.0,1.0,1.0,1.0,3.0,86.0,1.0,2.0,0.0,60.0,Bad
7344,75.0,160.0,2.0,66.0,36.0,1.0,0.0,95.0,16.0,6,5,38.0,1.0,18.0,0.0,4.0,4.0,19.0,78.0,4.0,2.0,1.0,32.0,Bad
3755,61.0,279.0,4.0,86.0,45.0,0.0,0.0,98.0,69.0,6,6,23.0,1.0,30.0,4.0,1.0,1.0,43.0,76.0,10.0,2.0,4.0,60.0,Good
3010,72.0,255.0,4.0,12.0,5.0,0.0,0.0,100.0,-7.0,7,8,25.0,4.0,60.0,0.0,3.0,3.0,4.0,85.0,1.0,2.0,0.0,75.0,Bad
4999,73.0,336.0,3.0,126.0,26.0,1.0,0.0,93.0,44.0,6,5,27.0,3.0,74.0,0.0,4.0,4.0,33.0,20.0,2.0,12.0,0.0,82.0,Good
5566,91.0,325.0,4.0,103.0,23.0,0.0,0.0,100.0,-7.0,7,8,26.0,2.0,77.0,3.0,1.0,1.0,4.0,58.0,2.0,5.0,0.0,64.0,Bad
8680,60.0,106.0,2.0,61.0,25.0,0.0,0.0,93.0,41.0,6,6,27.0,1.0,22.0,0.0,0.0,0.0,88.0,100.0,13.0,1.0,5.0,93.0,Good
641,64.0,90.0,3.0,44.0,31.0,0.0,0.0,100.0,-7.0,7,8,34.0,1.0,38.0,6.0,1.0,1.0,50.0,87.0,9.0,4.0,5.0,93.0,Bad
7119,82.0,115.0,4.0,45.0,16.0,0.0,0.0,100.0,-7.0,7,8,16.0,3.0,63.0,0.0,0.0,0.0,0.0,92.0,1.0,3.0,0.0,50.0,Bad
5748,81.0,212.0,6.0,84.0,22.0,0.0,0.0,95.0,16.0,6,6,22.0,1.0,36.0,0.0,0.0,0.0,5.0,-8.0,2.0,2.0,0.0,40.0,Good
1821,63.0,71.0,12.0,41.0,18.0,0.0,0.0,100.0,-7.0,7,8,18.0,0.0,22.0,0.0,1.0,1.0,92.0,25.0,11.0,2.0,6.0,100.0,Bad
2360,55.0,201.0,17.0,54.0,8.0,4.0,2.0,38.0,6.0,3,3,41.0,0.0,31.0,-7.0,0.0,0.0,98.0,50.0,2.0,2.0,1.0,80.0,Bad
2416,62.0,250.0,2.0,91.0,15.0,2.0,2.0,72.0,7.0,4,2,33.0,1.0,44.0,-7.0,0.0,0.0,62.0,-8.0,3.0,1.0,1.0,80.0,Bad
1227,-9.0,-9.0,-9.0,-9.0,-9.0,-9.0,-9.0,-9.0,-9.0,-9,-9,-9.0,-9.0,-9.0,-9.0,-9.0,-9.0,-9.0,-9.0,-9.0,-9.0,-9.0,-9.0,Good
2624,87.0,215.0,34.0,80.0,18.0,0.0,0.0,100.0,-7.0,7,8,24.0,0.0,33.0,-7.0,1.0,1.0,2.0,-8.0,1.0,2.0,0.0,75.0,Good
3471,87.0,428.0,6.0,59.0,14.0,0.0,0.0,100.0,-7.0,7,8,45.0,4.0,29.0,3.0,1.0,1.0,3.0,-8.0,3.0,-8.0,0.0,43.0,Good
6560,72.0,7.0,4.0,6.0,2.0,0.0,0.0,100.0,-7.0,7,8,2.0,2.0,0.0,0.0,4.0,4.0,66.0,-8.0,2.0,-8.0,0.0,100.0,Bad
1476,64.0,11.0,1.0,5.0,2.0,0.0,0.0,100.0,-7.0,7,8,3.0,3.0,67.0,0.0,0.0,0.0,60.0,-8.0,1.0,1.0,-8.0,100.0,Bad
8542,61.0,-8.0,3.0,58.0,12.0,4.0,4.0,83.0,18.0,6,6,12.0,2.0,33.0,0.0,2.0,2.0,68.0,65.0,4.0,3.0,0.0,64.0,Bad
6674,68.0,41.0,4.0,23.0,7.0,1.0,1.0,100.0,-7.0,6,8,7.0,2.0,14.0,-7.0,2.0,2.0,18.0,6.0,4.0,1.0,0.0,71.0,Bad
9171,61.0,192.0,6.0,58.0,22.0,0.0,0.0,70.0,3.0,4,6,23.0,4.0,57.0,6.0,0.0,0.0,41.0,68.0,2.0,4.0,0.0,60.0,Bad
6516,68.0,168.0,6.0,76.0,18.0,0.0,0.0,94.0,7.0,4,6,18.0,3.0,28.0,0.0,2.0,2.0,33.0,77.0,3.0,2.0,1.0,63.0,Bad
5108,80.0,253.0,8.0,97.0,14.0,0.0,0.0,100.0,-7.0,7,8,14.0,1.0,57.0,3.0,1.0,1.0,57.0,-8.0,3.0,-8.0,-8.0,100.0,Good
4261,77.0,147.0,3.0,72.0,29.0,0.0,0.0,93.0,52.0,6,6,30.0,3.0,37.0,0.0,2.0,2.0,31.0,74.0,3.0,4.0,0.0,70.0,Good
3595,90.0,376.0,4.0,130.0,17.0,0.0,0.0,100.0,-7.0,7,8,27.0,2.0,53.0,4.0,1.0,1.0,1.0,89.0,2.0,2.0,0.0,57.0,Good
4806,66.0,22.0,11.0,15.0,7.0,0.0,0.0,100.0,-7.0,7,8,7.0,2.0,43.0,0.0,2.0,2.0,46.0,84.0,4.0,3.0,1.0,100.0,Bad
8569,66.0,358.0,7.0,116.0,26.0,2.0,1.0,97.0,1.0,3,5,29.0,1.0,38.0,3.0,1.0,1.0,1.0,11.0,1.0,2.0,0.0,19.0,Good
3918,76.0,268.0,1.0,78.0,23.0,0.0,0.0,100.0,-7.0,7,8,35.0,6.0,28.0,0.0,2.0,2.0,13.0,53.0,4.0,2.0,0.0,43.0,Good
3539,67.0,136.0,2.0,73.0,15.0,1.0,1.0,89.0,33.0,6,6,30.0,2.0,56.0,-8.0,0.0,0.0,61.0,100.0,3.0,2.0,0.0,100.0,Good
792,75.0,163.0,7.0,78.0,27.0,0.0,0.0,100.0,-7.0,7,8,31.0,1.0,35.0,23.0,0.0,0.0,37.0,67.0,4.0,2.0,2.0,55.0,Good
6261,72.0,400.0,5.0,146.0,38.0,1.0,0.0,97.0,45.0,6,5,39.0,2.0,21.0,3.0,1.0,1.0,26.0,97.0,3.0,2.0,1.0,38.0,Good
3775,84.0,-8.0,7.0,91.0,17.0,0.0,0.0,100.0,-7.0,7,8,0.0,3.0,35.0,3.0,1.0,1.0,11.0,48.0,4.0,2.0,0.0,55.0,Good
5381,56.0,191.0,0.0,76.0,53.0,1.0,1.0,100.0,-7.0,0,8,54.0,7.0,48.0,-7.0,3.0,3.0,51.0,60.0,13.0,5.0,1.0,78.0,Bad
4992,57.0,336.0,2.0,86.0,26.0,3.0,2.0,83.0,4.0,0,2,30.0,2.0,20.0,14.0,1.0,1.0,63.0,55.0,12.0,3.0,2.0,84.0,Bad
7623,86.0,206.0,26.0,89.0,15.0,0.0,0.0,100.0,-7.0,7,8,17.0,0.0,47.0,-7.0,0.0,0.0,5.0,-8.0,2.0,1.0,0.0,50.0,Bad
3325,74.0,90.0,3.0,42.0,15.0,0.0,0.0,93.0,42.0,6,6,33.0,2.0,40.0,2.0,2.0,2.0,28.0,99.0,4.0,2.0,0.0,78.0,Bad
7485,88.0,188.0,3.0,73.0,16.0,0.0,0.0,100.0,-7.0,7,8,16.0,2.0,25.0,0.0,0.0,0.0,6.0,-8.0,2.0,1.0,0.0,43.0,Bad
4807,65.0,143.0,7.0,85.0,13.0,0.0,0.0,93.0,11.0,4,6,14.0,2.0,43.0,0.0,0.0,0.0,73.0,76.0,3.0,3.0,2.0,100.0,Bad
10442,92.0,424.0,7.0,125.0,18.0,0.0,0.0,100.0,-7.0,7,8,19.0,1.0,22.0,0.0,1.0,1.0,1.0,82.0,2.0,2.0,0.0,40.0,Good
9822,74.0,182.0,20.0,77.0,14.0,0.0,0.0,86.0,4.0,4,6,14.0,0.0,14.0,0.0,0.0,0.0,6.0,75.0,1.0,1.0,0.0,29.0,Bad
8781,63.0,322.0,1.0,92.0,13.0,1.0,0.0,80.0,16.0,6,5,15.0,2.0,13.0,-7.0,1.0,1.0,72.0,-8.0,4.0,2.0,4.0,55.0,Bad
6456,88.0,161.0,7.0,92.0,24.0,0.0,0.0,100.0,-7.0,7,8,25.0,1.0,40.0,0.0,0.0,0.0,11.0,-8.0,2.0,1.0,0.0,43.0,Good
10170,66.0,261.0,6.0,108.0,23.0,1.0,0.0,79.0,2.0,4,5,33.0,2.0,48.0,11.0,0.0,0.0,24.0,30.0,3.0,3.0,0.0,46.0,Good
8228,54.0,140.0,18.0,61.0,7.0,6.0,5.0,50.0,5.0,4,5,13.0,0.0,63.0,0.0,0.0,0.0,96.0,73.0,3.0,2.0,1.0,100.0,Bad
8999,64.0,87.0,5.0,31.0,14.0,0.0,0.0,100.0,-7.0,7,8,14.0,6.0,29.0,0.0,1.0,1.0,64.0,-8.0,7.0,1.0,0.0,100.0,Bad
10377,77.0,197.0,10.0,71.0,33.0,0.0,0.0,100.0,-7.0,7,8,33.0,1.0,15.0,8.0,0.0,0.0,37.0,-8.0,2.0,1.0,1.0,30.0,Good
6603,64.0,116.0,11.0,53.0,18.0,2.0,2.0,90.0,54.0,6,3,20.0,1.0,45.0,-7.0,1.0,1.0,72.0,65.0,6.0,5.0,2.0,100.0,Good
6688,74.0,183.0,5.0,77.0,11.0,1.0,1.0,92.0,70.0,6,3,12.0,2.0,17.0,-7.0,1.0,1.0,58.0,26.0,6.0,1.0,0.0,78.0,Bad
1501,65.0,141.0,3.0,59.0,44.0,0.0,0.0,95.0,54.0,5,6,44.0,5.0,50.0,0.0,4.0,4.0,51.0,67.0,5.0,2.0,3.0,64.0,Bad
9471,57.0,161.0,4.0,69.0,9.0,0.0,0.0,73.0,14.0,6,6,11.0,3.0,55.0,0.0,0.0,0.0,78.0,46.0,1.0,4.0,1.0,100.0,Bad
2050,67.0,187.0,0.0,89.0,47.0,2.0,1.0,87.0,12.0,6,4,55.0,4.0,13.0,0.0,2.0,1.0,30.0,43.0,13.0,3.0,3.0,55.0,Bad
7738,71.0,193.0,37.0,105.0,9.0,0.0,0.0,78.0,11.0,4,6,9.0,0.0,44.0,-8.0,0.0,0.0,39.0,12.0,2.0,2.0,0.0,67.0,Good
392,80.0,154.0,14.0,69.0,39.0,0.0,0.0,98.0,71.0,6,6,41.0,0.0,27.0,0.0,1.0,1.0,10.0,59.0,3.0,3.0,0.0,55.0,Bad
4486,67.0,85.0,2.0,40.0,23.0,1.0,1.0,100.0,-7.0,6,8,24.0,3.0,83.0,-7.0,2.0,1.0,82.0,79.0,1.0,9.0,1.0,92.0,Bad
9160,82.0,192.0,8.0,88.0,17.0,0.0,0.0,94.0,81.0,6,6,17.0,1.0,35.0,-7.0,0.0,0.0,0.0,92.0,1.0,2.0,0.0,38.0,Bad
9952,88.0,274.0,11.0,105.0,11.0,0.0,0.0,100.0,-7.0,7,8,11.0,1.0,18.0,0.0,0.0,0.0,27.0,1.0,3.0,1.0,0.0,67.0,Bad
9885,63.0,223.0,4.0,71.0,19.0,1.0,0.0,75.0,17.0,6,5,20.0,1.0,55.0,0.0,1.0,1.0,48.0,53.0,5.0,5.0,3.0,91.0,Good
10416,78.0,98.0,12.0,40.0,10.0,0.0,0.0,90.0,35.0,6,6,10.0,0.0,10.0,0.0,3.0,2.0,0.0,-8.0,0.0,-8.0,0.0,0.0,Good
7219,73.0,28.0,4.0,18.0,4.0,0.0,0.0,100.0,-7.0,7,8,4.0,1.0,50.0,0.0,5.0,5.0,41.0,81.0,2.0,2.0,0.0,100.0,Bad
2296,82.0,224.0,3.0,122.0,20.0,0.0,0.0,100.0,-7.0,7,8,5.0,2.0,10.0,-7.0,1.0,1.0,16.0,-8.0,8.0,-8.0,1.0,73.0,Good
1574,69.0,55.0,14.0,33.0,11.0,0.0,0.0,91.0,14.0,6,6,11.0,0.0,55.0,0.0,0.0,0.0,18.0,-8.0,4.0,1.0,-8.0,83.0,Bad
6558,57.0,86.0,3.0,36.0,28.0,0.0,0.0,90.0,23.0,6,6,29.0,5.0,28.0,0.0,3.0,3.0,53.0,54.0,10.0,3.0,2.0,76.0,Bad
9457,86.0,119.0,9.0,66.0,13.0,0.0,0.0,100.0,-7.0,7,8,13.0,2.0,62.0,0.0,0.0,0.0,9.0,89.0,1.0,3.0,0.0,57.0,Bad
2692,78.0,82.0,5.0,54.0,33.0,0.0,0.0,100.0,-7.0,7,8,41.0,2.0,15.0,-7.0,3.0,3.0,21.0,11.0,9.0,3.0,2.0,50.0,Bad
5327,65.0,271.0,4.0,92.0,24.0,0.0,0.0,92.0,1.0,4,6,24.0,2.0,42.0,0.0,2.0,2.0,31.0,45.0,8.0,3.0,1.0,73.0,Good
171,70.0,218.0,3.0,69.0,24.0,1.0,1.0,88.0,36.0,5,2,33.0,3.0,62.0,0.0,5.0,5.0,69.0,83.0,8.0,4.0,1.0,100.0,Good
1533,55.0,189.0,19.0,81.0,35.0,2.0,1.0,78.0,1.0,0,2,42.0,0.0,44.0,0.0,3.0,3.0,67.0,36.0,5.0,2.0,1.0,64.0,Bad
1166,-9.0,-9.0,-9.0,-9.0,-9.0,-9.0,-9.0,-9.0,-9.0,-9,-9,-9.0,-9.0,-9.0,-9.0,-9.0,-9.0,-9.0,-9.0,-9.0,-9.0,-9.0,-9.0,Good
6722,74.0,143.0,4.0,58.0,20.0,0.0,0.0,100.0,-7.0,7,8,22.0,4.0,41.0,-7.0,4.0,4.0,26.0,40.0,5.0,3.0,2.0,57.0,Bad
6213,91.0,294.0,41.0,117.0,18.0,0.0,0.0,100.0,-7.0,7,8,18.0,0.0,22.0,-8.0,0.0,0.0,6.0,-8.0,3.0,1.0,0.0,67.0,Good
161,-9.0,-9.0,-9.0,-9.0,-9.0,-9.0,-9.0,-9.0,-9.0,-9,-9,-9.0,-9.0,-9.0,-9.0,-9.0,-9.0,-9.0,-9.0,-9.0,-9.0,-9.0,-9.0,Good
1539,85.0,152.0,15.0,84.0,17.0,0.0,0.0,88.0,42.0,6,6,17.0,0.0,12.0,0.0,1.0,1.0,4.0,-8.0,1.0,1.0,0.0,15.0,Bad
125,49.0,103.0,4.0,48.0,10.0,12.0,9.0,53.0,7.0,0,2,17.0,1.0,35.0,-7.0,2.0,2.0,37.0,66.0,5.0,2.0,0.0,80.0,Bad
9862,63.0,326.0,2.0,50.0,14.0,1.0,1.0,81.0,24.0,6,2,16.0,8.0,44.0,0.0,2.0,2.0,62.0,-8.0,3.0,1.0,2.0,50.0,Bad
7414,82.0,351.0,25.0,101.0,17.0,0.0,0.0,100.0,-7.0,7,8,17.0,0.0,47.0,0.0,0.0,0.0,22.0,-8.0,4.0,2.0,0.0,86.0,Good
350,64.0,345.0,3.0,109.0,31.0,2.0,1.0,92.0,59.0,6,2,36.0,3.0,42.0,0.0,3.0,3.0,51.0,78.0,6.0,1.0,3.0,64.0,Good
8169,62.0,58.0,3.0,18.0,4.0,0.0,0.0,100.0,-7.0,7,8,4.0,3.0,25.0,2.0,6.0,6.0,99.0,97.0,3.0,1.0,1.0,100.0,Bad
9146,60.0,92.0,16.0,58.0,19.0,4.0,3.0,78.0,5.0,3,2,23.0,0.0,57.0,-7.0,2.0,2.0,51.0,-8.0,2.0,1.0,0.0,60.0,Bad
8789,88.0,205.0,15.0,83.0,14.0,0.0,0.0,100.0,-7.0,7,8,14.0,0.0,36.0,14.0,0.0,0.0,1.0,60.0,1.0,2.0,0.0,50.0,Good
3415,76.0,282.0,7.0,109.0,25.0,0.0,0.0,100.0,-7.0,7,8,25.0,2.0,24.0,0.0,1.0,1.0,29.0,81.0,5.0,4.0,1.0,67.0,Good
5913,59.0,31.0,2.0,14.0,13.0,0.0,0.0,100.0,-7.0,7,8,14.0,4.0,14.0,-7.0,2.0,2.0,25.0,98.0,7.0,2.0,2.0,79.0,Bad
6375,73.0,445.0,15.0,125.0,12.0,0.0,0.0,83.0,21.0,6,6,12.0,0.0,42.0,0.0,1.0,1.0,55.0,-8.0,4.0,1.0,1.0,100.0,Good
1769,73.0,105.0,5.0,71.0,24.0,0.0,0.0,92.0,38.0,6,6,25.0,3.0,4.0,0.0,0.0,0.0,47.0,-8.0,4.0,1.0,4.0,38.0,Bad
9830,84.0,220.0,4.0,79.0,24.0,0.0,0.0,100.0,-7.0,7,8,24.0,1.0,50.0,0.0,0.0,0.0,36.0,84.0,4.0,4.0,0.0,80.0,Bad
7432,62.0,185.0,8.0,83.0,58.0,2.0,2.0,92.0,30.0,5,2,60.0,4.0,73.0,0.0,0.0,0.0,109.0,79.0,9.0,8.0,4.0,100.0,Bad
5346,72.0,196.0,4.0,98.0,31.0,0.0,0.0,94.0,12.0,6,6,32.0,3.0,34.0,-7.0,7.0,6.0,24.0,60.0,7.0,1.0,0.0,73.0,Bad
5532,76.0,54.0,2.0,28.0,9.0,0.0,0.0,100.0,-7.0,7,8,10.0,4.0,20.0,1.0,4.0,4.0,2.0,-8.0,2.0,1.0,0.0,60.0,Good
800,82.0,228.0,17.0,92.0,24.0,0.0,0.0,100.0,-7.0,7,8,29.0,0.0,34.0,1.0,2.0,2.0,2.0,42.0,9.0,4.0,0.0,68.0,Good
1897,63.0,44.0,14.0,30.0,5.0,0.0,0.0,80.0,9.0,4,6,5.0,0.0,80.0,0.0,9.0,9.0,68.0,85.0,1.0,1.0,0.0,100.0,Bad
1191,-9.0,-9.0,-9.0,-9.0,-9.0,-9.0,-9.0,-9.0,-9.0,-9,-9,-9.0,-9.0,-9.0,-9.0,-9.0,-9.0,-9.0,-9.0,-9.0,-9.0,-9.0,-9.0,Good
3007,66.0,203.0,7.0,62.0,42.0,0.0,0.0,100.0,-7.0,7,8,29.0,1.0,48.0,7.0,0.0,0.0,55.0,69.0,7.0,7.0,3.0,93.0,Bad
5593,60.0,28.0,3.0,17.0,13.0,0.0,0.0,100.0,-7.0,7,8,13.0,2.0,38.0,0.0,3.0,3.0,67.0,96.0,5.0,4.0,3.0,75.0,Bad
8970,77.0,112.0,15.0,67.0,12.0,0.0,0.0,100.0,-7.0,7,8,13.0,0.0,8.0,0.0,0.0,0.0,50.0,-8.0,2.0,1.0,2.0,38.0,Bad
7544,72.0,140.0,13.0,61.0,13.0,0.0,0.0,100.0,-7.0,7,8,13.0,0.0,8.0,-7.0,3.0,3.0,51.0,-8.0,3.0,-8.0,1.0,60.0,Bad
997,82.0,374.0,4.0,100.0,26.0,0.0,0.0,100.0,-7.0,7,8,27.0,3.0,22.0,3.0,2.0,2.0,28.0,94.0,3.0,4.0,2.0,50.0,Good
819,70.0,195.0,0.0,81.0,31.0,1.0,1.0,100.0,-7.0,6,8,35.0,2.0,32.0,0.0,1.0,1.0,46.0,89.0,8.0,2.0,2.0,63.0,Bad
1968,69.0,217.0,14.0,93.0,18.0,0.0,0.0,80.0,10.0,4,6,20.0,0.0,45.0,0.0,5.0,4.0,20.0,24.0,4.0,3.0,1.0,78.0,Bad
5638,83.0,186.0,9.0,79.0,25.0,0.0,0.0,100.0,-7.0,7,8,25.0,1.0,20.0,0.0,1.0,1.0,15.0,-8.0,3.0,1.0,0.0,57.0,Bad
2746,88.0,-8.0,10.0,98.0,23.0,0.0,0.0,100.0,-7.0,7,8,38.0,1.0,29.0,-7.0,2.0,2.0,1.0,35.0,6.0,2.0,0.0,73.0,Bad
9474,66.0,155.0,15.0,70.0,46.0,0.0,0.0,96.0,-8.0,5,6,48.0,0.0,69.0,0.0,0.0,0.0,88.0,79.0,6.0,4.0,3.0,100.0,Bad
4750,79.0,411.0,1.0,138.0,42.0,0.0,0.0,98.0,14.0,6,6,46.0,1.0,12.0,0.0,2.0,2.0,0.0,93.0,4.0,2.0,0.0,25.0,Good
3799,83.0,308.0,20.0,114.0,30.0,0.0,0.0,100.0,-7.0,7,8,29.0,0.0,50.0,2.0,1.0,1.0,16.0,20.0,4.0,4.0,0.0,75.0,Good
5832,66.0,286.0,1.0,114.0,45.0,0.0,0.0,93.0,68.0,6,6,46.0,1.0,20.0,0.0,0.0,0.0,67.0,-8.0,12.0,4.0,2.0,71.0,Bad
6154,62.0,343.0,3.0,154.0,16.0,9.0,4.0,60.0,28.0,6,2,25.0,2.0,20.0,0.0,3.0,3.0,59.0,-8.0,4.0,2.0,1.0,67.0,Bad
5286,57.0,209.0,4.0,64.0,34.0,0.0,0.0,91.0,6.0,4,6,35.0,3.0,37.0,0.0,2.0,2.0,54.0,86.0,9.0,2.0,2.0,69.0,Bad
7880,72.0,180.0,13.0,70.0,23.0,1.0,0.0,88.0,14.0,6,5,25.0,0.0,21.0,10.0,0.0,0.0,15.0,-8.0,3.0,1.0,0.0,40.0,Bad
4359,82.0,125.0,16.0,63.0,9.0,0.0,0.0,100.0,-7.0,7,8,9.0,0.0,33.0,0.0,1.0,0.0,28.0,-8.0,1.0,1.0,0.0,40.0,Good
7384,80.0,162.0,9.0,82.0,22.0,0.0,0.0,100.0,-7.0,7,8,24.0,1.0,58.0,0.0,0.0,0.0,79.0,45.0,2.0,2.0,-8.0,80.0,Good
5240,62.0,164.0,7.0,64.0,21.0,0.0,0.0,86.0,5.0,4,6,21.0,1.0,19.0,0.0,0.0,0.0,70.0,52.0,5.0,1.0,1.0,75.0,Good
436,57.0,153.0,13.0,53.0,17.0,0.0,0.0,88.0,6.0,4,6,17.0,0.0,18.0,0.0,0.0,0.0,86.0,-8.0,4.0,1.0,3.0,71.0,Good
8150,58.0,182.0,1.0,73.0,22.0,1.0,1.0,79.0,2.0,4,6,24.0,1.0,29.0,1.0,5.0,5.0,0.0,-8.0,1.0,2.0,0.0,30.0,Bad
1385,-9.0,-9.0,-9.0,-9.0,-9.0,-9.0,-9.0,-9.0,-9.0,-9,-9,-9.0,-9.0,-9.0,-9.0,-9.0,-9.0,-9.0,-9.0,-9.0,-9.0,-9.0,-9.0,Bad
1941,70.0,55.0,45.0,50.0,2.0,0.0,0.0,100.0,-7.0,7,8,2.0,0.0,50.0,0.0,3.0,3.0,92.0,-8.0,1.0,-8.0,-8.0,100.0,Bad
445,63.0,112.0,4.0,54.0,17.0,1.0,1.0,89.0,21.0,6,2,19.0,1.0,37.0,0.0,0.0,0.0,72.0,97.0,7.0,3.0,4.0,91.0,Bad
4590,62.0,152.0,12.0,41.0,12.0,0.0,0.0,92.0,14.0,6,6,12.0,0.0,33.0,-7.0,0.0,0.0,82.0,-8.0,4.0,1.0,3.0,100.0,Bad
6107,72.0,218.0,9.0,72.0,25.0,1.0,0.0,88.0,33.0,6,5,27.0,1.0,52.0,0.0,0.0,0.0,82.0,86.0,2.0,3.0,1.0,71.0,Good
8775,80.0,318.0,10.0,79.0,28.0,0.0,0.0,96.0,15.0,6,6,28.0,2.0,21.0,-7.0,1.0,1.0,7.0,-8.0,6.0,-8.0,0.0,29.0,Bad
1175,-9.0,-9.0,-9.0,-9.0,-9.0,-9.0,-9.0,-9.0,-9.0,-9,-9,-9.0,-9.0,-9.0,-9.0,-9.0,-9.0,-9.0,-9.0,-9.0,-9.0,-9.0,-9.0,Bad
6637,61.0,243.0,10.0,104.0,20.0,0.0,0.0,86.0,2.0,4,6,22.0,1.0,36.0,-7.0,0.0,0.0,90.0,89.0,4.0,3.0,2.0,100.0,Bad
2574,64.0,221.0,2.0,15.0,6.0,0.0,0.0,100.0,-7.0,7,8,15.0,3.0,29.0,-7.0,1.0,1.0,74.0,81.0,4.0,2.0,1.0,100.0,Good
3896,88.0,454.0,15.0,119.0,28.0,0.0,0.0,100.0,-7.0,7,8,3.0,0.0,33.0,-8.0,0.0,0.0,3.0,47.0,4.0,2.0,0.0,43.0,Good
7774,59.0,81.0,6.0,41.0,27.0,5.0,5.0,100.0,-7.0,0,8,27.0,2.0,44.0,1.0,4.0,4.0,49.0,73.0,6.0,4.0,2.0,71.0,Bad
10291,65.0,26.0,2.0,10.0,6.0,1.0,1.0,100.0,-7.0,6,8,7.0,5.0,14.0,0.0,1.0,1.0,25.0,-8.0,4.0,1.0,0.0,83.0,Bad
8727,88.0,419.0,11.0,101.0,21.0,0.0,0.0,100.0,-7.0,7,8,21.0,1.0,33.0,0.0,0.0,0.0,0.0,-8.0,0.0,1.0,0.0,25.0,Bad
513,63.0,75.0,11.0,50.0,31.0,1.0,0.0,97.0,17.0,6,5,32.0,1.0,22.0,-7.0,2.0,2.0,18.0,-8.0,9.0,1.0,1.0,69.0,Bad
5963,56.0,369.0,4.0,93.0,20.0,1.0,0.0,83.0,0.0,4,5,25.0,1.0,39.0,-7.0,0.0,0.0,88.0,49.0,9.0,4.0,3.0,93.0,Good
2343,75.0,195.0,2.0,64.0,36.0,0.0,0.0,100.0,-7.0,7,8,27.0,5.0,29.0,-7.0,2.0,2.0,54.0,79.0,9.0,6.0,2.0,83.0,Bad
2287,70.0,183.0,27.0,97.0,16.0,2.0,2.0,89.0,66.0,6,2,25.0,0.0,33.0,-7.0,1.0,0.0,79.0,-8.0,3.0,1.0,1.0,100.0,Good
8283,73.0,132.0,9.0,47.0,4.0,0.0,0.0,100.0,-7.0,7,8,4.0,1.0,75.0,-7.0,0.0,0.0,94.0,-8.0,1.0,1.0,1.0,100.0,Bad
368,69.0,190.0,8.0,61.0,23.0,0.0,0.0,96.0,1.0,4,6,23.0,2.0,30.0,0.0,0.0,0.0,41.0,70.0,6.0,3.0,1.0,75.0,Bad
3538,78.0,157.0,1.0,26.0,12.0,0.0,0.0,100.0,-7.0,7,8,39.0,3.0,38.0,3.0,2.0,2.0,7.0,77.0,4.0,2.0,0.0,67.0,Bad
4777,-9.0,-9.0,-9.0,-9.0,-9.0,-9.0,-9.0,-9.0,-9.0,-9,-9,-9.0,-9.0,-9.0,-9.0,-9.0,-9.0,-9.0,-9.0,-9.0,-9.0,-9.0,-9.0,Good
2131,65.0,66.0,2.0,19.0,23.0,0.0,0.0,100.0,-7.0,7,8,26.0,9.0,19.0,0.0,0.0,0.0,33.0,75.0,15.0,4.0,2.0,87.0,Bad
2821,85.0,220.0,1.0,87.0,20.0,0.0,0.0,100.0,-7.0,7,8,18.0,3.0,19.0,-7.0,3.0,3.0,8.0,67.0,3.0,3.0,0.0,50.0,Good
8663,86.0,358.0,3.0,100.0,28.0,0.0,0.0,97.0,-8.0,6,6,29.0,2.0,34.0,5.0,0.0,0.0,0.0,-8.0,1.0,-8.0,0.0,17.0,Good
8917,57.0,158.0,4.0,77.0,38.0,0.0,0.0,85.0,2.0,4,6,39.0,1.0,51.0,0.0,3.0,3.0,44.0,49.0,13.0,6.0,2.0,90.0,Bad
9224,69.0,200.0,7.0,90.0,23.0,2.0,2.0,100.0,-7.0,6,8,24.0,1.0,42.0,22.0,0.0,0.0,17.0,74.0,2.0,2.0,1.0,80.0,Good
8785,65.0,153.0,4.0,81.0,17.0,0.0,0.0,89.0,29.0,6,6,19.0,3.0,53.0,1.0,1.0,1.0,60.0,-8.0,4.0,2.0,0.0,86.0,Bad
8888,63.0,158.0,1.0,34.0,9.0,1.0,1.0,91.0,-8.0,6,6,11.0,3.0,55.0,0.0,2.0,2.0,81.0,94.0,3.0,3.0,1.0,86.0,Bad
9110,65.0,146.0,5.0,80.0,17.0,0.0,0.0,88.0,11.0,4,6,17.0,2.0,24.0,-7.0,0.0,0.0,53.0,98.0,7.0,2.0,0.0,90.0,Bad
1818,69.0,57.0,4.0,37.0,14.0,0.0,0.0,100.0,-7.0,7,8,14.0,1.0,50.0,0.0,4.0,4.0,52.0,152.0,6.0,7.0,2.0,100.0,Bad
4662,72.0,75.0,8.0,52.0,3.0,0.0,0.0,100.0,-7.0,7,8,3.0,1.0,0.0,0.0,1.0,1.0,74.0,-8.0,3.0,-8.0,2.0,100.0,Bad
9478,71.0,132.0,9.0,63.0,29.0,0.0,0.0,90.0,2.0,4,6,31.0,1.0,58.0,0.0,2.0,2.0,23.0,82.0,1.0,4.0,0.0,71.0,Bad
2443,73.0,155.0,1.0,26.0,8.0,1.0,1.0,100.0,-7.0,7,8,17.0,1.0,33.0,-7.0,1.0,1.0,3.0,25.0,3.0,2.0,0.0,71.0,Bad
2643,77.0,-8.0,50.0,122.0,14.0,1.0,1.0,93.0,49.0,6,2,0.0,0.0,20.0,-7.0,0.0,0.0,1.0,-8.0,1.0,1.0,0.0,75.0,Good
3112,64.0,152.0,3.0,80.0,31.0,0.0,0.0,94.0,3.0,4,6,42.0,2.0,22.0,12.0,0.0,0.0,18.0,-8.0,6.0,1.0,1.0,50.0,Bad
169,89.0,137.0,15.0,75.0,14.0,0.0,0.0,100.0,-7.0,7,8,14.0,0.0,0.0,-8.0,0.0,0.0,3.0,-8.0,3.0,-8.0,0.0,50.0,Good
2960,80.0,104.0,10.0,93.0,36.0,0.0,0.0,97.0,36.0,6,6,6.0,1.0,23.0,8.0,0.0,0.0,18.0,-8.0,3.0,3.0,0.0,46.0,Good
1600,64.0,204.0,14.0,118.0,17.0,0.0,0.0,78.0,1.0,4,6,18.0,0.0,56.0,0.0,0.0,0.0,48.0,51.0,6.0,1.0,0.0,88.0,Bad
6912,65.0,192.0,8.0,76.0,35.0,0.0,0.0,94.0,17.0,6,6,35.0,2.0,26.0,0.0,1.0,1.0,39.0,84.0,7.0,3.0,4.0,53.0,Bad
702,83.0,167.0,16.0,69.0,38.0,1.0,0.0,98.0,66.0,6,5,40.0,0.0,40.0,-8.0,0.0,0.0,9.0,-8.0,3.0,1.0,0.0,36.0,Good
4725,80.0,138.0,4.0,61.0,18.0,0.0,0.0,94.0,39.0,6,6,18.0,2.0,11.0,17.0,1.0,0.0,0.0,-8.0,2.0,-8.0,1.0,29.0,Good
2976,64.0,226.0,1.0,102.0,44.0,0.0,0.0,98.0,1.0,4,6,50.0,1.0,28.0,1.0,2.0,2.0,59.0,100.0,10.0,3.0,4.0,62.0,Good
5424,64.0,242.0,18.0,124.0,16.0,2.0,0.0,47.0,2.0,4,5,19.0,0.0,74.0,0.0,4.0,4.0,27.0,-8.0,2.0,3.0,0.0,100.0,Bad
8779,58.0,87.0,2.0,42.0,34.0,0.0,0.0,100.0,-7.0,7,8,42.0,2.0,34.0,-7.0,5.0,4.0,70.0,92.0,12.0,3.0,2.0,75.0,Bad
7978,88.0,435.0,4.0,164.0,19.0,0.0,0.0,100.0,-7.0,7,8,19.0,1.0,0.0,4.0,1.0,1.0,3.0,-8.0,6.0,-8.0,0.0,43.0,Good
7624,68.0,152.0,12.0,71.0,44.0,1.0,1.0,96.0,21.0,6,2,48.0,0.0,21.0,-7.0,0.0,0.0,14.0,16.0,5.0,2.0,0.0,64.0,Good
3757,84.0,387.0,227.0,322.0,4.0,0.0,0.0,100.0,-7.0,7,8,24.0,0.0,25.0,3.0,1.0,1.0,22.0,-8.0,1.0,-8.0,0.0,100.0,Good
956,69.0,226.0,4.0,95.0,41.0,1.0,0.0,93.0,38.0,6,5,46.0,2.0,26.0,0.0,1.0,1.0,8.0,59.0,3.0,4.0,1.0,42.0,Bad
8930,84.0,255.0,29.0,104.0,13.0,0.0,0.0,100.0,-7.0,7,8,15.0,0.0,53.0,0.0,0.0,0.0,21.0,-8.0,1.0,1.0,-8.0,67.0,Good
6631,64.0,117.0,5.0,61.0,18.0,1.0,0.0,74.0,15.0,6,5,19.0,3.0,47.0,-7.0,2.0,2.0,70.0,98.0,3.0,2.0,0.0,83.0,Bad
6475,59.0,134.0,17.0,83.0,8.0,2.0,0.0,42.0,1.0,4,5,12.0,0.0,67.0,0.0,3.0,3.0,77.0,-8.0,1.0,1.0,1.0,100.0,Bad
5425,80.0,224.0,15.0,201.0,20.0,0.0,0.0,100.0,-7.0,7,8,20.0,0.0,5.0,0.0,1.0,1.0,38.0,95.0,6.0,1.0,0.0,78.0,Good
6862,80.0,199.0,21.0,76.0,15.0,0.0,0.0,93.0,32.0,6,6,15.0,0.0,53.0,15.0,0.0,0.0,4.0,57.0,2.0,3.0,-8.0,83.0,Good
9118,72.0,258.0,1.0,69.0,25.0,0.0,0.0,97.0,-8.0,6,6,31.0,5.0,23.0,-7.0,2.0,2.0,57.0,-8.0,4.0,1.0,1.0,45.0,Good
10394,87.0,255.0,10.0,111.0,32.0,0.0,0.0,100.0,-7.0,7,8,32.0,2.0,13.0,3.0,1.0,1.0,2.0,-8.0,1.0,3.0,0.0,27.0,Good
6005,78.0,183.0,4.0,80.0,12.0,1.0,1.0,100.0,-7.0,6,8,12.0,2.0,8.0,4.0,1.0,1.0,3.0,28.0,3.0,1.0,0.0,57.0,Good
7378,69.0,25.0,12.0,19.0,2.0,0.0,0.0,100.0,-7.0,7,8,2.0,0.0,100.0,0.0,1.0,1.0,-8.0,58.0,-8.0,1.0,-8.0,100.0,Bad
5834,59.0,361.0,6.0,103.0,22.0,0.0,0.0,87.0,41.0,6,6,24.0,3.0,17.0,0.0,5.0,5.0,70.0,85.0,9.0,2.0,4.0,79.0,Bad
1242,-9.0,-9.0,-9.0,-9.0,-9.0,-9.0,-9.0,-9.0,-9.0,-9,-9,-9.0,-9.0,-9.0,-9.0,-9.0,-9.0,-9.0,-9.0,-9.0,-9.0,-9.0,-9.0,Bad
3812,79.0,330.0,9.0,93.0,29.0,0.0,0.0,100.0,-7.0,7,8,21.0,2.0,41.0,0.0,3.0,3.0,26.0,75.0,7.0,2.0,1.0,69.0,Bad
2992,85.0,-8.0,21.0,158.0,7.0,0.0,0.0,100.0,-7.0,7,8,0.0,0.0,14.0,21.0,0.0,0.0,32.0,-8.0,1.0,1.0,0.0,33.0,Bad
7154,85.0,151.0,5.0,64.0,20.0,0.0,0.0,100.0,-7.0,7,8,20.0,2.0,35.0,0.0,0.0,0.0,4.0,56.0,4.0,2.0,0.0,67.0,Bad
5711,72.0,176.0,11.0,76.0,35.0,0.0,0.0,97.0,10.0,4,6,35.0,1.0,37.0,0.0,0.0,0.0,17.0,52.0,3.0,4.0,1.0,41.0,Good
3425,65.0,64.0,6.0,40.0,14.0,0.0,0.0,100.0,-7.0,7,8,14.0,1.0,36.0,0.0,1.0,1.0,95.0,-8.0,3.0,2.0,3.0,86.0,Bad
9755,61.0,59.0,5.0,27.0,18.0,0.0,0.0,94.0,21.0,6,6,18.0,4.0,56.0,0.0,2.0,2.0,48.0,62.0,6.0,6.0,0.0,92.0,Bad
1334,-9.0,-9.0,-9.0,-9.0,-9.0,-9.0,-9.0,-9.0,-9.0,-9,-9,-9.0,-9.0,-9.0,-9.0,-9.0,-9.0,-9.0,-9.0,-9.0,-9.0,-9.0,-9.0,Good
2806,75.0,310.0,1.0,83.0,25.0,0.0,0.0,100.0,-7.0,7,8,13.0,4.0,32.0,-7.0,1.0,1.0,28.0,83.0,3.0,4.0,1.0,62.0,Good
127,65.0,241.0,37.0,95.0,15.0,0.0,0.0,76.0,0.0,4,6,17.0,0.0,29.0,-7.0,1.0,1.0,51.0,43.0,3.0,1.0,1.0,80.0,Bad
3052,64.0,33.0,2.0,18.0,6.0,1.0,1.0,88.0,12.0,6,3,6.0,2.0,50.0,0.0,4.0,4.0,15.0,92.0,1.0,2.0,0.0,75.0,Bad
1875,77.0,264.0,4.0,78.0,35.0,0.0,0.0,100.0,-7.0,7,8,35.0,7.0,6.0,0.0,2.0,1.0,11.0,-8.0,6.0,2.0,2.0,47.0,Bad
6889,61.0,80.0,2.0,26.0,18.0,0.0,0.0,100.0,-7.0,7,8,19.0,6.0,37.0,0.0,4.0,4.0,80.0,92.0,6.0,2.0,2.0,89.0,Bad
8989,54.0,73.0,20.0,45.0,13.0,2.0,2.0,50.0,5.0,1,3,15.0,0.0,43.0,0.0,0.0,0.0,33.0,33.0,3.0,3.0,0.0,86.0,Good
3072,57.0,319.0,8.0,15.0,4.0,1.0,0.0,80.0,17.0,6,5,18.0,2.0,20.0,1.0,1.0,1.0,103.0,61.0,3.0,1.0,1.0,80.0,Good
1245,-9.0,-9.0,-9.0,-9.0,-9.0,-9.0,-9.0,-9.0,-9.0,-9,-9,-9.0,-9.0,-9.0,-9.0,-9.0,-9.0,-9.0,-9.0,-9.0,-9.0,-9.0,-9.0,Bad
586,88.0,161.0,38.0,66.0,11.0,0.0,0.0,100.0,-7.0,7,8,12.0,0.0,25.0,-7.0,0.0,0.0,7.0,-8.0,1.0,-8.0,0.0,33.0,Good
9602,58.0,184.0,3.0,66.0,30.0,0.0,0.0,94.0,1.0,4,6,31.0,1.0,13.0,0.0,1.0,1.0,47.0,-8.0,9.0,1.0,2.0,80.0,Bad
5795,91.0,362.0,35.0,139.0,12.0,0.0,0.0,100.0,-7.0,7,8,12.0,0.0,8.0,0.0,0.0,0.0,1.0,-8.0,4.0,1.0,0.0,50.0,Good
9087,57.0,317.0,2.0,93.0,21.0,3.0,3.0,76.0,1.0,0,2,26.0,1.0,32.0,-7.0,5.0,5.0,62.0,-8.0,4.0,2.0,2.0,64.0,Good
8036,75.0,337.0,5.0,115.0,27.0,0.0,0.0,89.0,7.0,4,6,27.0,1.0,37.0,11.0,0.0,0.0,3.0,3.0,2.0,2.0,0.0,42.0,Bad
2636,65.0,-8.0,6.0,48.0,14.0,2.0,0.0,76.0,12.0,6,5,0.0,3.0,59.0,-7.0,5.0,3.0,16.0,67.0,2.0,6.0,0.0,90.0,Bad
2962,62.0,191.0,8.0,92.0,30.0,0.0,0.0,85.0,1.0,4,6,28.0,3.0,62.0,9.0,0.0,0.0,53.0,61.0,4.0,8.0,3.0,87.0,Bad
40,86.0,318.0,18.0,90.0,13.0,0.0,0.0,100.0,-7.0,7,8,13.0,0.0,62.0,0.0,0.0,0.0,0.0,44.0,0.0,2.0,-8.0,50.0,Good
7064,79.0,150.0,11.0,59.0,27.0,0.0,0.0,100.0,-7.0,7,8,27.0,1.0,33.0,2.0,4.0,4.0,8.0,77.0,2.0,3.0,0.0,50.0,Good
6030,58.0,167.0,3.0,62.0,24.0,1.0,1.0,80.0,1.0,4,2,25.0,1.0,24.0,1.0,1.0,1.0,0.0,48.0,0.0,3.0,0.0,33.0,Bad
6904,74.0,167.0,3.0,67.0,18.0,0.0,0.0,89.0,22.0,6,6,21.0,4.0,26.0,6.0,0.0,0.0,12.0,22.0,5.0,3.0,0.0,73.0,Bad
6680,62.0,197.0,7.0,60.0,43.0,0.0,0.0,100.0,-7.0,7,8,54.0,1.0,44.0,-7.0,1.0,1.0,103.0,70.0,14.0,11.0,4.0,100.0,Good
7513,85.0,171.0,17.0,81.0,22.0,0.0,0.0,100.0,-7.0,7,8,22.0,0.0,32.0,-7.0,0.0,0.0,17.0,-8.0,1.0,1.0,0.0,40.0,Good
1629,75.0,199.0,5.0,73.0,37.0,0.0,0.0,97.0,77.0,6,6,39.0,4.0,16.0,0.0,2.0,2.0,25.0,-8.0,6.0,2.0,2.0,50.0,Bad
6524,73.0,196.0,14.0,85.0,31.0,0.0,0.0,97.0,23.0,6,6,33.0,0.0,42.0,0.0,0.0,0.0,53.0,-8.0,4.0,1.0,1.0,100.0,Good
4480,57.0,156.0,4.0,71.0,13.0,3.0,2.0,75.0,6.0,0,2,16.0,1.0,56.0,-7.0,1.0,1.0,95.0,49.0,2.0,2.0,1.0,100.0,Bad
8659,83.0,244.0,3.0,69.0,33.0,0.0,0.0,100.0,-7.0,7,8,34.0,3.0,15.0,4.0,1.0,1.0,1.0,85.0,6.0,2.0,0.0,38.0,Good
8875,81.0,276.0,1.0,57.0,35.0,0.0,0.0,97.0,77.0,6,6,37.0,6.0,30.0,0.0,2.0,2.0,12.0,67.0,5.0,3.0,0.0,38.0,Bad
6263,76.0,157.0,15.0,93.0,10.0,2.0,1.0,91.0,40.0,6,5,11.0,0.0,18.0,-8.0,0.0,0.0,0.0,-8.0,0.0,-8.0,0.0,0.0,Good
2395,74.0,-8.0,9.0,50.0,15.0,0.0,0.0,100.0,-7.0,7,8,0.0,2.0,60.0,-7.0,0.0,0.0,45.0,84.0,4.0,3.0,1.0,88.0,Bad
2264,76.0,179.0,7.0,91.0,22.0,0.0,0.0,100.0,-7.0,7,8,45.0,1.0,45.0,-7.0,0.0,0.0,40.0,88.0,4.0,2.0,1.0,78.0,Good
1336,-9.0,-9.0,-9.0,-9.0,-9.0,-9.0,-9.0,-9.0,-9.0,-9,-9,-9.0,-9.0,-9.0,-9.0,-9.0,-9.0,-9.0,-9.0,-9.0,-9.0,-9.0,-9.0,Bad
3628,85.0,141.0,15.0,77.0,25.0,0.0,0.0,96.0,30.0,6,6,32.0,0.0,12.0,11.0,0.0,0.0,1.0,-8.0,3.0,1.0,0.0,50.0,Good
2610,73.0,43.0,1.0,31.0,9.0,1.0,1.0,91.0,67.0,6,4,8.0,4.0,18.0,-7.0,1.0,1.0,25.0,-8.0,5.0,1.0,0.0,67.0,Good
1736,76.0,163.0,15.0,66.0,47.0,0.0,0.0,100.0,-7.0,7,8,47.0,0.0,21.0,0.0,4.0,4.0,9.0,82.0,5.0,6.0,1.0,58.0,Good
3512,61.0,329.0,20.0,94.0,16.0,4.0,4.0,94.0,5.0,0,2,17.0,0.0,47.0,18.0,0.0,0.0,63.0,3.0,2.0,3.0,1.0,100.0,Bad
10292,85.0,285.0,5.0,88.0,28.0,0.0,0.0,100.0,-7.0,7,8,28.0,1.0,7.0,0.0,1.0,1.0,0.0,-8.0,0.0,1.0,0.0,7.0,Good
10063,76.0,153.0,19.0,72.0,20.0,0.0,0.0,100.0,-7.0,7,8,20.0,0.0,10.0,-7.0,1.0,1.0,19.0,-8.0,2.0,1.0,1.0,25.0,Bad
4099,75.0,146.0,2.0,69.0,24.0,0.0,0.0,100.0,-7.0,7,8,25.0,2.0,52.0,4.0,1.0,1.0,58.0,99.0,3.0,3.0,1.0,86.0,Bad
4747,75.0,234.0,2.0,88.0,40.0,0.0,0.0,100.0,-7.0,7,8,41.0,2.0,32.0,2.0,1.0,1.0,10.0,53.0,5.0,4.0,0.0,45.0,Good
7318,77.0,271.0,4.0,81.0,22.0,0.0,0.0,95.0,53.0,6,6,22.0,2.0,18.0,0.0,1.0,1.0,22.0,92.0,6.0,2.0,0.0,44.0,Good
3524,84.0,149.0,7.0,80.0,18.0,0.0,0.0,100.0,-7.0,7,8,38.0,2.0,28.0,1.0,1.0,1.0,2.0,87.0,1.0,2.0,0.0,38.0,Good
5763,59.0,69.0,14.0,39.0,4.0,3.0,3.0,80.0,57.0,6,2,6.0,0.0,20.0,0.0,0.0,0.0,99.0,-8.0,1.0,1.0,1.0,67.0,Bad
6658,85.0,109.0,35.0,73.0,4.0,0.0,0.0,100.0,-7.0,7,8,5.0,0.0,0.0,-7.0,1.0,0.0,2.0,-8.0,1.0,-8.0,0.0,33.0,Good
6946,84.0,184.0,4.0,98.0,22.0,0.0,0.0,100.0,-7.0,7,8,23.0,1.0,57.0,0.0,3.0,2.0,6.0,-8.0,2.0,-8.0,0.0,50.0,Good
10149,75.0,382.0,40.0,123.0,13.0,0.0,0.0,92.0,24.0,6,6,13.0,0.0,8.0,-8.0,0.0,0.0,31.0,-8.0,4.0,-8.0,1.0,67.0,Bad
9532,66.0,321.0,11.0,110.0,27.0,0.0,0.0,93.0,17.0,6,6,29.0,1.0,48.0,0.0,1.0,1.0,44.0,38.0,9.0,4.0,1.0,93.0,Bad
6796,87.0,328.0,5.0,121.0,6.0,0.0,0.0,86.0,43.0,6,6,7.0,2.0,14.0,18.0,0.0,0.0,0.0,-8.0,0.0,-8.0,0.0,0.0,Bad
2009,77.0,173.0,11.0,59.0,7.0,1.0,1.0,100.0,-7.0,7,8,8.0,1.0,43.0,0.0,0.0,0.0,69.0,-8.0,1.0,1.0,0.0,100.0,Good
1190,-9.0,-9.0,-9.0,-9.0,-9.0,-9.0,-9.0,-9.0,-9.0,-9,-9,-9.0,-9.0,-9.0,-9.0,-9.0,-9.0,-9.0,-9.0,-9.0,-9.0,-9.0,-9.0,Bad
4025,71.0,356.0,8.0,110.0,38.0,0.0,0.0,100.0,-7.0,7,8,23.0,1.0,13.0,10.0,0.0,0.0,43.0,90.0,12.0,2.0,3.0,64.0,Good
4827,71.0,208.0,3.0,62.0,28.0,1.0,1.0,97.0,40.0,6,2,29.0,6.0,34.0,0.0,1.0,1.0,27.0,97.0,4.0,3.0,0.0,50.0,Bad
7761,77.0,237.0,1.0,71.0,24.0,0.0,0.0,97.0,81.0,6,6,30.0,4.0,55.0,1.0,1.0,1.0,43.0,74.0,3.0,2.0,0.0,63.0,Bad
3012,43.0,144.0,6.0,76.0,22.0,1.0,1.0,75.0,1.0,4,3,28.0,3.0,68.0,1.0,2.0,2.0,100.0,54.0,2.0,4.0,2.0,89.0,Good
5741,54.0,79.0,7.0,27.0,9.0,0.0,0.0,82.0,5.0,4,6,12.0,2.0,17.0,0.0,1.0,1.0,21.0,-8.0,5.0,1.0,2.0,75.0,Bad
740,85.0,241.0,7.0,98.0,22.0,1.0,0.0,96.0,33.0,6,5,23.0,4.0,39.0,3.0,1.0,1.0,4.0,97.0,1.0,3.0,0.0,45.0,Bad
9962,82.0,336.0,33.0,142.0,15.0,0.0,0.0,100.0,-7.0,7,8,15.0,0.0,13.0,0.0,1.0,1.0,29.0,-8.0,4.0,-8.0,1.0,57.0,Good
7081,68.0,358.0,7.0,126.0,15.0,2.0,2.0,88.0,68.0,0,3,17.0,1.0,25.0,23.0,0.0,0.0,11.0,-8.0,2.0,1.0,0.0,43.0,Good
4045,65.0,168.0,2.0,49.0,13.0,2.0,2.0,100.0,-7.0,0,8,34.0,3.0,31.0,0.0,4.0,4.0,1.0,80.0,1.0,2.0,0.0,38.0,Good
940,75.0,300.0,2.0,130.0,27.0,0.0,0.0,93.0,78.0,6,6,28.0,1.0,25.0,0.0,5.0,5.0,39.0,97.0,3.0,4.0,0.0,64.0,Good
9754,93.0,317.0,163.0,273.0,4.0,0.0,0.0,100.0,-7.0,7,8,4.0,0.0,25.0,0.0,0.0,0.0,1.0,-8.0,2.0,-8.0,0.0,100.0,Good
5196,71.0,152.0,3.0,72.0,53.0,0.0,0.0,100.0,-7.0,7,8,59.0,5.0,21.0,2.0,6.0,6.0,43.0,-8.0,3.0,1.0,0.0,80.0,Good
4926,90.0,174.0,31.0,98.0,13.0,0.0,0.0,100.0,-7.0,7,8,13.0,0.0,38.0,14.0,0.0,0.0,8.0,-8.0,1.0,1.0,0.0,40.0,Good
3671,81.0,238.0,7.0,60.0,30.0,0.0,0.0,97.0,73.0,6,6,51.0,1.0,47.0,12.0,0.0,0.0,7.0,89.0,1.0,6.0,0.0,54.0,Good
9198,65.0,258.0,5.0,108.0,27.0,2.0,1.0,76.0,35.0,5,4,33.0,2.0,30.0,5.0,0.0,0.0,66.0,77.0,5.0,3.0,3.0,73.0,Bad
7927,62.0,133.0,6.0,53.0,10.0,0.0,0.0,80.0,5.0,4,6,10.0,1.0,20.0,0.0,1.0,1.0,0.0,-8.0,1.0,1.0,0.0,60.0,Bad
2488,58.0,324.0,12.0,132.0,38.0,1.0,1.0,80.0,2.0,2,4,23.0,0.0,31.0,-7.0,2.0,2.0,67.0,23.0,8.0,3.0,5.0,57.0,Bad
97,56.0,76.0,6.0,32.0,11.0,2.0,2.0,92.0,15.0,5,2,14.0,5.0,17.0,0.0,3.0,3.0,83.0,42.0,5.0,2.0,2.0,100.0,Good
3681,85.0,55.0,3.0,105.0,28.0,0.0,0.0,100.0,-7.0,7,8,4.0,2.0,7.0,2.0,1.0,1.0,3.0,-8.0,3.0,-8.0,0.0,19.0,Good
9347,86.0,155.0,69.0,127.0,9.0,0.0,0.0,100.0,-7.0,7,8,9.0,0.0,44.0,-8.0,0.0,0.0,12.0,-8.0,2.0,-8.0,0.0,100.0,Bad
2607,67.0,121.0,2.0,29.0,15.0,1.0,1.0,94.0,30.0,6,2,12.0,7.0,24.0,-7.0,1.0,1.0,30.0,-8.0,6.0,1.0,1.0,64.0,Bad
8751,60.0,141.0,13.0,83.0,7.0,3.0,1.0,55.0,17.0,6,2,11.0,0.0,36.0,-7.0,1.0,1.0,80.0,-8.0,2.0,1.0,2.0,80.0,Bad
8063,62.0,275.0,6.0,99.0,21.0,1.0,1.0,91.0,12.0,6,6,22.0,1.0,55.0,15.0,0.0,0.0,87.0,71.0,6.0,5.0,5.0,92.0,Bad
5597,56.0,167.0,19.0,86.0,14.0,1.0,0.0,80.0,4.0,4,5,15.0,0.0,20.0,0.0,0.0,0.0,93.0,25.0,5.0,2.0,1.0,100.0,Bad
3934,88.0,392.0,7.0,85.0,23.0,0.0,0.0,100.0,-7.0,7,8,76.0,2.0,25.0,6.0,0.0,0.0,7.0,-8.0,3.0,1.0,0.0,50.0,Good
2211,70.0,69.0,18.0,44.0,10.0,0.0,0.0,100.0,-7.0,7,8,10.0,0.0,20.0,0.0,4.0,4.0,70.0,53.0,3.0,1.0,2.0,57.0,Bad
9756,59.0,146.0,5.0,78.0,13.0,1.0,0.0,76.0,13.0,6,5,17.0,1.0,41.0,0.0,1.0,1.0,124.0,87.0,4.0,1.0,3.0,100.0,Bad
1075,78.0,310.0,3.0,72.0,40.0,0.0,0.0,100.0,-7.0,7,8,41.0,5.0,27.0,10.0,0.0,0.0,46.0,68.0,4.0,4.0,2.0,67.0,Good
809,90.0,196.0,15.0,102.0,14.0,0.0,0.0,100.0,-7.0,7,8,14.0,0.0,0.0,14.0,0.0,0.0,4.0,-8.0,3.0,-8.0,0.0,33.0,Good
2284,82.0,161.0,4.0,75.0,25.0,0.0,0.0,96.0,74.0,6,6,19.0,1.0,67.0,-7.0,5.0,5.0,9.0,87.0,2.0,2.0,-8.0,100.0,Bad
2102,71.0,164.0,10.0,81.0,12.0,0.0,0.0,100.0,-7.0,7,8,12.0,1.0,33.0,0.0,1.0,0.0,83.0,40.0,5.0,2.0,2.0,78.0,Bad
55,-9.0,-9.0,-9.0,-9.0,-9.0,-9.0,-9.0,-9.0,-9.0,-9,-9,-9.0,-9.0,-9.0,-9.0,-9.0,-9.0,-9.0,-9.0,-9.0,-9.0,-9.0,-9.0,Good
3261,69.0,10.0,9.0,77.0,12.0,2.0,1.0,71.0,17.0,6,4,2.0,2.0,86.0,-8.0,0.0,0.0,-8.0,88.0,-8.0,2.0,-8.0,100.0,Good
7716,64.0,175.0,20.0,115.0,13.0,2.0,0.0,56.0,35.0,6,5,16.0,0.0,19.0,19.0,0.0,0.0,85.0,74.0,9.0,1.0,6.0,91.0,Bad
7287,78.0,185.0,12.0,63.0,13.0,0.0,0.0,100.0,-7.0,7,8,13.0,0.0,31.0,0.0,0.0,0.0,45.0,-8.0,8.0,1.0,2.0,100.0,Good
8082,83.0,182.0,6.0,79.0,40.0,0.0,0.0,100.0,-7.0,7,8,40.0,2.0,43.0,6.0,0.0,0.0,3.0,75.0,3.0,3.0,0.0,46.0,Good
7147,69.0,274.0,2.0,73.0,44.0,1.0,1.0,93.0,40.0,6,6,47.0,3.0,43.0,0.0,6.0,6.0,28.0,95.0,8.0,6.0,2.0,58.0,Bad
9588,77.0,235.0,3.0,75.0,21.0,0.0,0.0,100.0,-7.0,7,8,21.0,2.0,29.0,-7.0,1.0,1.0,36.0,-8.0,3.0,2.0,0.0,67.0,Bad
6053,74.0,268.0,22.0,121.0,17.0,1.0,0.0,67.0,26.0,6,5,21.0,0.0,38.0,0.0,1.0,1.0,27.0,63.0,5.0,3.0,1.0,80.0,Good
10154,73.0,200.0,1.0,58.0,59.0,0.0,0.0,97.0,12.0,6,6,79.0,8.0,23.0,2.0,1.0,1.0,25.0,53.0,17.0,5.0,1.0,66.0,Good
6264,77.0,414.0,9.0,109.0,15.0,1.0,1.0,94.0,30.0,6,2,16.0,1.0,19.0,4.0,1.0,1.0,9.0,-8.0,2.0,-8.0,0.0,29.0,Good
3388,83.0,161.0,10.0,66.0,15.0,0.0,0.0,100.0,-7.0,7,8,15.0,3.0,13.0,0.0,0.0,0.0,37.0,56.0,3.0,2.0,0.0,45.0,Bad
9389,65.0,75.0,1.0,36.0,9.0,2.0,2.0,75.0,38.0,6,4,12.0,2.0,58.0,4.0,1.0,1.0,33.0,46.0,2.0,3.0,1.0,100.0,Bad
2372,86.0,222.0,5.0,86.0,26.0,0.0,0.0,96.0,-7.0,5,7,30.0,2.0,31.0,-7.0,0.0,0.0,24.0,-8.0,3.0,-8.0,0.0,60.0,Good
5020,70.0,214.0,3.0,80.0,52.0,0.0,0.0,96.0,62.0,6,6,52.0,3.0,35.0,0.0,5.0,5.0,13.0,17.0,10.0,3.0,2.0,62.0,Good
6776,58.0,222.0,8.0,93.0,17.0,6.0,2.0,69.0,18.0,5,5,26.0,4.0,65.0,0.0,3.0,3.0,71.0,39.0,2.0,4.0,1.0,75.0,Bad
8770,-9.0,-9.0,-9.0,-9.0,-9.0,-9.0,-9.0,-9.0,-9.0,-9,-9,-9.0,-9.0,-9.0,-9.0,-9.0,-9.0,-9.0,-9.0,-9.0,-9.0,-9.0,-9.0,Bad
7337,70.0,200.0,6.0,95.0,23.0,0.0,0.0,96.0,14.0,6,6,24.0,1.0,58.0,0.0,3.0,3.0,34.0,75.0,5.0,4.0,0.0,82.0,Good
7578,81.0,119.0,6.0,54.0,15.0,0.0,0.0,100.0,-7.0,7,8,16.0,1.0,20.0,-7.0,0.0,0.0,26.0,-8.0,4.0,1.0,0.0,56.0,Good
8492,74.0,-8.0,2.0,59.0,24.0,0.0,0.0,82.0,30.0,6,6,28.0,7.0,29.0,-7.0,3.0,3.0,12.0,91.0,3.0,1.0,0.0,40.0,Bad
7340,70.0,128.0,6.0,59.0,15.0,0.0,0.0,87.0,1.0,4,6,15.0,2.0,47.0,0.0,1.0,1.0,3.0,-8.0,1.0,1.0,0.0,33.0,Bad
1580,56.0,302.0,5.0,69.0,62.0,1.0,1.0,97.0,1.0,1,3,63.0,9.0,24.0,0.0,1.0,1.0,12.0,60.0,24.0,5.0,1.0,71.0,Good
7928,71.0,208.0,20.0,83.0,25.0,0.0,0.0,85.0,13.0,6,6,26.0,0.0,35.0,0.0,1.0,1.0,10.0,65.0,3.0,2.0,1.0,45.0,Good
824,84.0,131.0,14.0,84.0,22.0,0.0,0.0,100.0,-7.0,7,8,22.0,0.0,36.0,19.0,0.0,0.0,9.0,37.0,2.0,4.0,0.0,100.0,Good
6,54.0,88.0,7.0,37.0,25.0,0.0,0.0,92.0,9.0,4,6,26.0,3.0,58.0,0.0,4.0,4.0,89.0,76.0,7.0,7.0,2.0,100.0,Good
189,67.0,145.0,3.0,58.0,31.0,1.0,1.0,94.0,11.0,4,2,32.0,4.0,56.0,3.0,2.0,2.0,18.0,62.0,5.0,6.0,1.0,79.0,Good
1072,-9.0,-9.0,-9.0,-9.0,-9.0,-9.0,-9.0,-9.0,-9.0,-9,-9,-9.0,-9.0,-9.0,-9.0,-9.0,-9.0,-9.0,-9.0,-9.0,-9.0,-9.0,-9.0,Good
1469,66.0,147.0,8.0,79.0,19.0,1.0,1.0,84.0,23.0,6,6,20.0,1.0,63.0,0.0,2.0,2.0,35.0,17.0,1.0,3.0,1.0,57.0,Bad
9374,63.0,196.0,2.0,68.0,33.0,1.0,0.0,97.0,2.0,3,5,38.0,5.0,32.0,3.0,1.0,1.0,12.0,45.0,4.0,3.0,1.0,47.0,Good
6490,66.0,278.0,8.0,66.0,6.0,2.0,0.0,75.0,45.0,6,5,8.0,2.0,75.0,0.0,4.0,4.0,47.0,86.0,1.0,2.0,0.0,100.0,Bad
9774,56.0,300.0,13.0,86.0,29.0,1.0,0.0,78.0,1.0,4,5,32.0,0.0,56.0,0.0,0.0,0.0,42.0,76.0,5.0,5.0,3.0,71.0,Bad
8585,79.0,214.0,2.0,64.0,28.0,0.0,0.0,94.0,68.0,6,6,32.0,2.0,16.0,3.0,1.0,1.0,45.0,-8.0,1.0,1.0,1.0,50.0,Good
3232,75.0,156.0,6.0,60.0,28.0,0.0,0.0,100.0,-7.0,7,8,29.0,3.0,32.0,9.0,0.0,0.0,42.0,93.0,5.0,1.0,0.0,67.0,Good
5337,81.0,139.0,0.0,51.0,14.0,0.0,0.0,100.0,-7.0,7,8,15.0,4.0,20.0,0.0,3.0,2.0,16.0,60.0,2.0,3.0,0.0,45.0,Good
8870,88.0,278.0,91.0,179.0,4.0,0.0,0.0,100.0,-7.0,7,8,5.0,0.0,40.0,0.0,0.0,0.0,6.0,-8.0,1.0,1.0,-8.0,100.0,Good
9871,82.0,182.0,6.0,106.0,10.0,0.0,0.0,100.0,-7.0,7,8,10.0,1.0,30.0,0.0,0.0,0.0,65.0,-8.0,2.0,2.0,0.0,80.0,Good
1690,63.0,129.0,1.0,50.0,6.0,3.0,2.0,75.0,6.0,3,2,12.0,2.0,33.0,0.0,4.0,4.0,17.0,-8.0,2.0,1.0,0.0,75.0,Bad
5069,76.0,208.0,3.0,61.0,19.0,0.0,0.0,95.0,22.0,6,6,21.0,3.0,38.0,0.0,2.0,2.0,21.0,68.0,5.0,4.0,1.0,67.0,Bad
2188,65.0,176.0,4.0,84.0,29.0,3.0,2.0,91.0,1.0,0,2,32.0,2.0,22.0,0.0,0.0,0.0,7.0,90.0,7.0,4.0,1.0,55.0,Bad
7213,81.0,106.0,3.0,48.0,18.0,0.0,0.0,100.0,-7.0,7,8,18.0,3.0,39.0,0.0,2.0,2.0,9.0,89.0,1.0,3.0,0.0,57.0,Good
8557,89.0,286.0,26.0,111.0,19.0,0.0,0.0,100.0,-7.0,7,8,19.0,0.0,47.0,-8.0,0.0,0.0,6.0,49.0,1.0,3.0,0.0,63.0,Good
3001,68.0,119.0,5.0,77.0,54.0,0.0,0.0,98.0,15.0,6,6,7.0,5.0,31.0,4.0,1.0,1.0,19.0,87.0,4.0,3.0,0.0,73.0,Good
6823,89.0,259.0,5.0,116.0,20.0,0.0,0.0,100.0,-7.0,7,8,21.0,3.0,38.0,4.0,2.0,2.0,1.0,82.0,3.0,3.0,0.0,55.0,Good
8968,65.0,212.0,8.0,60.0,19.0,0.0,0.0,96.0,4.0,4,6,25.0,4.0,60.0,0.0,0.0,0.0,77.0,71.0,5.0,6.0,2.0,92.0,Bad
1205,-9.0,-9.0,-9.0,-9.0,-9.0,-9.0,-9.0,-9.0,-9.0,-9,-9,-9.0,-9.0,-9.0,-9.0,-9.0,-9.0,-9.0,-9.0,-9.0,-9.0,-9.0,-9.0,Bad
10353,62.0,118.0,2.0,80.0,22.0,0.0,0.0,75.0,2.0,4,6,24.0,1.0,38.0,4.0,2.0,2.0,18.0,55.0,5.0,4.0,0.0,71.0,Good
6602,66.0,133.0,11.0,128.0,14.0,1.0,1.0,80.0,8.0,4,2,15.0,1.0,60.0,-7.0,0.0,0.0,44.0,84.0,4.0,2.0,1.0,100.0,Bad
2439,72.0,162.0,2.0,54.0,15.0,0.0,0.0,95.0,64.0,6,6,14.0,8.0,21.0,-7.0,1.0,1.0,40.0,57.0,10.0,2.0,1.0,92.0,Bad
1070,84.0,128.0,7.0,81.0,13.0,0.0,0.0,100.0,-7.0,7,8,14.0,1.0,7.0,0.0,3.0,3.0,0.0,93.0,1.0,1.0,0.0,33.0,Good
2566,59.0,215.0,9.0,75.0,27.0,2.0,2.0,90.0,6.0,4,6,82.0,2.0,76.0,-7.0,2.0,2.0,79.0,100.0,2.0,2.0,-8.0,100.0,Bad
2742,63.0,363.0,3.0,24.0,17.0,0.0,0.0,94.0,33.0,6,6,39.0,7.0,29.0,-7.0,1.0,1.0,68.0,99.0,8.0,3.0,1.0,92.0,Bad
247,76.0,280.0,12.0,77.0,25.0,0.0,0.0,100.0,-7.0,7,8,25.0,0.0,40.0,0.0,0.0,0.0,17.0,42.0,2.0,4.0,1.0,50.0,Good
7224,55.0,139.0,11.0,61.0,22.0,1.0,0.0,71.0,13.0,6,5,24.0,1.0,33.0,0.0,2.0,2.0,28.0,26.0,5.0,3.0,4.0,67.0,Good
1826,60.0,15.0,5.0,11.0,7.0,1.0,1.0,100.0,-7.0,7,8,8.0,3.0,29.0,0.0,1.0,1.0,64.0,-8.0,2.0,1.0,-8.0,75.0,Bad
9445,59.0,248.0,3.0,85.0,27.0,1.0,1.0,80.0,4.0,0,2,40.0,3.0,60.0,0.0,0.0,0.0,16.0,83.0,4.0,3.0,0.0,64.0,Bad
6813,68.0,244.0,5.0,84.0,20.0,2.0,1.0,86.0,51.0,6,5,21.0,3.0,29.0,8.0,0.0,0.0,84.0,-8.0,4.0,1.0,3.0,56.0,Bad
4615,54.0,161.0,25.0,70.0,14.0,1.0,0.0,80.0,9.0,4,5,15.0,0.0,60.0,-7.0,0.0,0.0,97.0,45.0,4.0,3.0,3.0,100.0,Bad
3378,85.0,227.0,6.0,91.0,35.0,0.0,0.0,100.0,-7.0,7,8,35.0,4.0,43.0,0.0,2.0,2.0,2.0,80.0,3.0,2.0,0.0,38.0,Good
1606,66.0,173.0,15.0,87.0,21.0,0.0,0.0,95.0,16.0,6,6,22.0,0.0,14.0,0.0,5.0,5.0,66.0,-8.0,2.0,1.0,2.0,33.0,Bad
8728,85.0,127.0,9.0,58.0,22.0,0.0,0.0,100.0,-7.0,7,8,22.0,2.0,50.0,0.0,0.0,0.0,2.0,-8.0,1.0,1.0,0.0,33.0,Good
4257,74.0,16.0,2.0,9.0,2.0,0.0,0.0,100.0,-7.0,7,8,3.0,2.0,33.0,0.0,3.0,3.0,8.0,83.0,2.0,1.0,0.0,100.0,Bad
5590,65.0,259.0,3.0,97.0,19.0,2.0,1.0,81.0,2.0,3,2,21.0,2.0,43.0,0.0,4.0,4.0,48.0,100.0,6.0,2.0,1.0,73.0,Bad
8759,70.0,97.0,4.0,48.0,20.0,0.0,0.0,100.0,-7.0,7,8,20.0,4.0,50.0,-7.0,3.0,3.0,45.0,68.0,4.0,2.0,2.0,60.0,Good
6832,57.0,21.0,3.0,12.0,10.0,0.0,0.0,100.0,-7.0,7,8,10.0,5.0,90.0,6.0,1.0,0.0,76.0,83.0,1.0,1.0,-8.0,100.0,Bad
7593,64.0,154.0,3.0,64.0,19.0,1.0,1.0,95.0,10.0,0,2,20.0,2.0,20.0,-7.0,1.0,1.0,60.0,33.0,8.0,2.0,2.0,73.0,Bad
1427,-9.0,-9.0,-9.0,-9.0,-9.0,-9.0,-9.0,-9.0,-9.0,-9,-9,-9.0,-9.0,-9.0,-9.0,-9.0,-9.0,-9.0,-9.0,-9.0,-9.0,-9.0,-9.0,Bad
2407,88.0,-8.0,21.0,134.0,16.0,0.0,0.0,100.0,-7.0,7,8,0.0,0.0,13.0,-7.0,0.0,0.0,7.0,61.0,3.0,1.0,0.0,57.0,Bad
3284,77.0,271.0,4.0,120.0,44.0,0.0,0.0,100.0,-7.0,7,8,50.0,2.0,35.0,5.0,0.0,0.0,36.0,98.0,6.0,2.0,2.0,53.0,Good
5666,-9.0,-9.0,-9.0,-9.0,-9.0,-9.0,-9.0,-9.0,-9.0,-9,-9,-9.0,-9.0,-9.0,-9.0,-9.0,-9.0,-9.0,-9.0,-9.0,-9.0,-9.0,-9.0,Good
2512,88.0,273.0,22.0,79.0,19.0,0.0,0.0,100.0,-7.0,7,8,37.0,0.0,30.0,-7.0,0.0,0.0,2.0,19.0,2.0,2.0,0.0,36.0,Good
6041,85.0,401.0,4.0,139.0,11.0,0.0,0.0,100.0,-7.0,7,8,11.0,2.0,18.0,1.0,1.0,1.0,21.0,61.0,3.0,1.0,0.0,50.0,Good
8841,65.0,300.0,14.0,112.0,8.0,3.0,2.0,64.0,21.0,6,2,11.0,0.0,45.0,-8.0,0.0,0.0,12.0,76.0,2.0,2.0,0.0,57.0,Good
7063,72.0,171.0,6.0,64.0,28.0,1.0,0.0,97.0,67.0,6,5,30.0,7.0,53.0,1.0,1.0,1.0,61.0,93.0,4.0,2.0,1.0,67.0,Good
1277,-9.0,-9.0,-9.0,-9.0,-9.0,-9.0,-9.0,-9.0,-9.0,-9,-9,-9.0,-9.0,-9.0,-9.0,-9.0,-9.0,-9.0,-9.0,-9.0,-9.0,-9.0,-9.0,Good
2562,72.0,154.0,10.0,75.0,18.0,1.0,1.0,89.0,4.0,4,3,13.0,1.0,21.0,-7.0,2.0,2.0,4.0,81.0,1.0,3.0,0.0,57.0,Bad
3041,55.0,42.0,4.0,28.0,11.0,0.0,0.0,73.0,3.0,4,6,2.0,4.0,36.0,3.0,2.0,2.0,45.0,77.0,2.0,3.0,1.0,56.0,Bad
4224,80.0,410.0,19.0,136.0,23.0,0.0,0.0,100.0,-7.0,7,8,23.0,0.0,13.0,0.0,1.0,1.0,23.0,75.0,5.0,2.0,0.0,44.0,Good
10044,81.0,154.0,7.0,62.0,35.0,0.0,0.0,100.0,-7.0,6,7,36.0,2.0,17.0,-7.0,0.0,0.0,4.0,-8.0,8.0,2.0,0.0,56.0,Bad
7658,56.0,72.0,1.0,28.0,6.0,3.0,3.0,88.0,41.0,6,2,8.0,3.0,25.0,-7.0,2.0,2.0,86.0,3.0,5.0,1.0,3.0,100.0,Bad
287,69.0,184.0,15.0,76.0,9.0,2.0,2.0,82.0,49.0,6,2,11.0,0.0,27.0,0.0,0.0,0.0,66.0,-8.0,4.0,-8.0,2.0,57.0,Bad
5441,65.0,257.0,1.0,96.0,18.0,0.0,0.0,90.0,64.0,6,6,21.0,2.0,29.0,5.0,1.0,1.0,81.0,89.0,8.0,3.0,5.0,100.0,Bad
7766,55.0,212.0,2.0,56.0,27.0,3.0,3.0,93.0,38.0,0,3,29.0,2.0,17.0,1.0,4.0,4.0,73.0,90.0,8.0,3.0,2.0,100.0,Bad
10367,-9.0,-9.0,-9.0,-9.0,-9.0,-9.0,-9.0,-9.0,-9.0,-9,-9,-9.0,-9.0,-9.0,-9.0,-9.0,-9.0,-9.0,-9.0,-9.0,-9.0,-9.0,-9.0,Good
7873,75.0,194.0,18.0,89.0,12.0,0.0,0.0,100.0,-7.0,7,8,12.0,0.0,17.0,3.0,2.0,2.0,87.0,61.0,1.0,2.0,1.0,100.0,Good
5194,67.0,72.0,5.0,32.0,17.0,0.0,0.0,100.0,-7.0,7,8,17.0,5.0,12.0,3.0,2.0,2.0,58.0,65.0,3.0,2.0,0.0,83.0,Good
8950,65.0,138.0,5.0,68.0,35.0,0.0,0.0,97.0,-7.0,5,7,36.0,2.0,53.0,0.0,0.0,0.0,76.0,78.0,12.0,4.0,2.0,100.0,Bad
3788,91.0,153.0,16.0,107.0,7.0,0.0,0.0,100.0,-7.0,7,8,26.0,0.0,14.0,5.0,0.0,0.0,2.0,-8.0,1.0,-8.0,0.0,100.0,Good
6059,74.0,254.0,11.0,85.0,10.0,0.0,0.0,100.0,-7.0,7,8,10.0,1.0,50.0,4.0,1.0,1.0,93.0,38.0,2.0,3.0,2.0,100.0,Good
8678,63.0,120.0,7.0,65.0,18.0,1.0,1.0,100.0,-7.0,6,8,24.0,1.0,38.0,0.0,2.0,2.0,65.0,62.0,5.0,3.0,2.0,73.0,Bad
1503,68.0,348.0,12.0,91.0,34.0,0.0,0.0,100.0,-7.0,7,8,34.0,0.0,32.0,0.0,0.0,0.0,78.0,68.0,11.0,4.0,7.0,76.0,Good
3387,76.0,24.0,8.0,12.0,12.0,0.0,0.0,100.0,-7.0,7,8,12.0,7.0,25.0,0.0,0.0,0.0,9.0,-8.0,2.0,2.0,0.0,50.0,Good
6664,60.0,162.0,32.0,81.0,7.0,2.0,2.0,78.0,2.0,4,4,10.0,0.0,56.0,-7.0,0.0,0.0,102.0,-8.0,2.0,-8.0,1.0,67.0,Bad
10152,63.0,202.0,2.0,69.0,13.0,0.0,0.0,67.0,16.0,6,6,15.0,4.0,40.0,3.0,1.0,1.0,52.0,92.0,5.0,2.0,2.0,78.0,Good
1932,65.0,106.0,4.0,71.0,9.0,5.0,4.0,54.0,29.0,6,2,14.0,2.0,31.0,0.0,1.0,1.0,10.0,-8.0,2.0,1.0,0.0,60.0,Bad
1867,82.0,172.0,0.0,71.0,23.0,0.0,0.0,100.0,-7.0,7,8,24.0,4.0,54.0,0.0,1.0,1.0,4.0,81.0,4.0,3.0,0.0,70.0,Good
4402,84.0,206.0,4.0,80.0,19.0,0.0,0.0,100.0,-7.0,7,8,19.0,3.0,16.0,0.0,1.0,1.0,1.0,-8.0,2.0,1.0,0.0,43.0,Good
5026,69.0,240.0,8.0,89.0,12.0,1.0,1.0,100.0,-7.0,6,8,14.0,1.0,36.0,7.0,1.0,1.0,23.0,54.0,3.0,1.0,0.0,67.0,Good
7754,77.0,189.0,15.0,81.0,19.0,0.0,0.0,95.0,-8.0,6,6,19.0,0.0,11.0,2.0,1.0,1.0,36.0,-8.0,3.0,1.0,1.0,40.0,Bad
6971,81.0,325.0,9.0,117.0,20.0,1.0,0.0,95.0,35.0,6,5,21.0,3.0,52.0,10.0,0.0,0.0,3.0,31.0,2.0,2.0,0.0,63.0,Good
10069,64.0,203.0,8.0,70.0,19.0,1.0,0.0,85.0,12.0,6,5,20.0,1.0,20.0,-7.0,1.0,1.0,87.0,72.0,7.0,3.0,2.0,100.0,Bad
1435,-9.0,-9.0,-9.0,-9.0,-9.0,-9.0,-9.0,-9.0,-9.0,-9,-9,-9.0,-9.0,-9.0,-9.0,-9.0,-9.0,-9.0,-9.0,-9.0,-9.0,-9.0,-9.0,Good
9990,79.0,236.0,6.0,77.0,37.0,0.0,0.0,95.0,33.0,6,6,37.0,1.0,49.0,0.0,0.0,0.0,7.0,79.0,4.0,4.0,0.0,73.0,Good
6525,61.0,261.0,7.0,95.0,28.0,0.0,0.0,89.0,7.0,4,6,28.0,1.0,39.0,0.0,1.0,1.0,67.0,68.0,10.0,3.0,3.0,93.0,Bad
401,84.0,411.0,23.0,91.0,10.0,0.0,0.0,100.0,-7.0,6,8,11.0,0.0,36.0,0.0,0.0,0.0,17.0,-8.0,2.0,-8.0,0.0,100.0,Good
2549,66.0,214.0,4.0,114.0,20.0,5.0,0.0,65.0,8.0,3,5,26.0,1.0,35.0,-7.0,0.0,0.0,40.0,-8.0,5.0,1.0,2.0,60.0,Good
6026,57.0,159.0,3.0,63.0,23.0,2.0,0.0,80.0,9.0,4,5,25.0,3.0,64.0,3.0,3.0,3.0,44.0,90.0,5.0,1.0,1.0,86.0,Bad
614,67.0,123.0,8.0,53.0,17.0,0.0,0.0,94.0,-8.0,6,6,18.0,2.0,39.0,-7.0,1.0,1.0,53.0,39.0,6.0,3.0,2.0,82.0,Bad
3952,80.0,162.0,4.0,61.0,39.0,0.0,0.0,98.0,74.0,6,6,45.0,4.0,12.0,8.0,0.0,0.0,11.0,-8.0,7.0,1.0,0.0,53.0,Good
9085,82.0,233.0,43.0,96.0,15.0,0.0,0.0,100.0,-7.0,7,8,17.0,0.0,65.0,-7.0,0.0,0.0,45.0,71.0,4.0,1.0,0.0,83.0,Good
6097,59.0,187.0,2.0,62.0,17.0,2.0,0.0,80.0,50.0,6,5,20.0,4.0,20.0,20.0,0.0,0.0,69.0,-8.0,9.0,1.0,3.0,85.0,Bad
106,65.0,243.0,9.0,89.0,23.0,0.0,0.0,83.0,2.0,4,6,23.0,1.0,52.0,-7.0,0.0,0.0,49.0,75.0,4.0,4.0,1.0,80.0,Bad
7608,67.0,260.0,7.0,73.0,15.0,0.0,0.0,81.0,3.0,4,6,16.0,2.0,44.0,-7.0,1.0,1.0,44.0,-8.0,4.0,1.0,0.0,100.0,Bad
5208,82.0,197.0,11.0,70.0,24.0,0.0,0.0,100.0,-7.0,7,8,29.0,1.0,66.0,0.0,0.0,0.0,64.0,81.0,2.0,3.0,0.0,83.0,Good
4272,74.0,92.0,10.0,57.0,21.0,2.0,2.0,92.0,45.0,6,2,24.0,1.0,29.0,0.0,0.0,0.0,21.0,64.0,4.0,3.0,0.0,70.0,Bad
908,76.0,179.0,4.0,94.0,19.0,0.0,0.0,95.0,61.0,6,6,22.0,1.0,64.0,11.0,0.0,0.0,93.0,80.0,1.0,2.0,-8.0,100.0,Good
1630,81.0,101.0,20.0,41.0,12.0,0.0,0.0,100.0,-7.0,7,8,12.0,0.0,42.0,0.0,2.0,2.0,6.0,-8.0,1.0,4.0,0.0,83.0,Bad
760,78.0,395.0,1.0,99.0,20.0,0.0,0.0,100.0,-7.0,7,8,22.0,3.0,14.0,2.0,1.0,1.0,42.0,-8.0,4.0,1.0,2.0,45.0,Good
4161,71.0,72.0,1.0,25.0,19.0,0.0,0.0,100.0,-7.0,7,8,20.0,4.0,65.0,0.0,2.0,2.0,21.0,88.0,1.0,6.0,1.0,64.0,Bad
3157,82.0,260.0,7.0,84.0,26.0,0.0,0.0,96.0,16.0,6,6,44.0,2.0,61.0,0.0,2.0,2.0,14.0,61.0,3.0,5.0,1.0,80.0,Good
4451,63.0,20.0,3.0,10.0,15.0,0.0,0.0,100.0,-7.0,7,8,15.0,11.0,13.0,0.0,7.0,6.0,18.0,91.0,4.0,2.0,1.0,40.0,Bad
9437,64.0,177.0,9.0,73.0,31.0,1.0,0.0,85.0,2.0,4,5,34.0,3.0,62.0,0.0,0.0,0.0,5.0,5.0,3.0,4.0,0.0,64.0,Bad
187,65.0,338.0,7.0,55.0,24.0,0.0,0.0,83.0,9.0,4,6,24.0,2.0,33.0,0.0,2.0,2.0,13.0,78.0,2.0,2.0,0.0,31.0,Good
5318,79.0,409.0,16.0,127.0,16.0,1.0,1.0,94.0,53.0,6,4,17.0,0.0,29.0,0.0,0.0,0.0,49.0,-8.0,2.0,-8.0,0.0,33.0,Bad
7882,70.0,73.0,1.0,33.0,8.0,0.0,0.0,100.0,-7.0,7,8,9.0,2.0,0.0,0.0,2.0,2.0,67.0,-8.0,5.0,-8.0,2.0,83.0,Bad
7451,72.0,126.0,12.0,64.0,15.0,0.0,0.0,100.0,-7.0,5,8,15.0,0.0,47.0,0.0,2.0,2.0,77.0,69.0,4.0,2.0,2.0,75.0,Bad
2074,69.0,369.0,12.0,132.0,20.0,0.0,0.0,80.0,2.0,4,6,20.0,0.0,15.0,0.0,0.0,0.0,23.0,31.0,7.0,2.0,0.0,64.0,Good
2420,69.0,209.0,5.0,105.0,40.0,0.0,0.0,90.0,28.0,6,6,6.0,6.0,24.0,-7.0,2.0,2.0,36.0,87.0,7.0,2.0,2.0,63.0,Good
574,55.0,47.0,7.0,23.0,13.0,0.0,0.0,77.0,7.0,4,6,13.0,2.0,62.0,-7.0,0.0,0.0,93.0,91.0,2.0,3.0,2.0,75.0,Bad
1631,66.0,141.0,6.0,73.0,25.0,0.0,0.0,92.0,52.0,6,6,26.0,2.0,54.0,0.0,0.0,0.0,81.0,96.0,6.0,3.0,5.0,90.0,Bad
9732,87.0,430.0,35.0,154.0,14.0,0.0,0.0,100.0,-7.0,7,8,14.0,0.0,21.0,-8.0,0.0,0.0,10.0,-8.0,2.0,1.0,0.0,60.0,Good
1332,-9.0,-9.0,-9.0,-9.0,-9.0,-9.0,-9.0,-9.0,-9.0,-9,-9,-9.0,-9.0,-9.0,-9.0,-9.0,-9.0,-9.0,-9.0,-9.0,-9.0,-9.0,-9.0,Good
2793,55.0,88.0,4.0,43.0,9.0,1.0,0.0,82.0,2.0,3,5,12.0,2.0,27.0,-7.0,1.0,1.0,22.0,-8.0,3.0,1.0,0.0,57.0,Bad
1619,58.0,223.0,3.0,106.0,24.0,2.0,2.0,89.0,0.0,4,3,27.0,5.0,37.0,0.0,1.0,1.0,31.0,93.0,4.0,4.0,0.0,67.0,Bad
7304,69.0,215.0,15.0,89.0,24.0,0.0,0.0,96.0,4.0,4,6,24.0,0.0,33.0,0.0,3.0,3.0,42.0,-8.0,2.0,1.0,1.0,38.0,Bad
6974,76.0,187.0,5.0,70.0,64.0,0.0,0.0,100.0,-7.0,7,8,65.0,2.0,30.0,2.0,1.0,1.0,26.0,75.0,7.0,4.0,1.0,55.0,Good
4726,74.0,167.0,13.0,81.0,9.0,1.0,1.0,90.0,55.0,6,2,10.0,0.0,50.0,1.0,3.0,3.0,59.0,84.0,1.0,2.0,1.0,75.0,Bad
1935,72.0,206.0,4.0,78.0,33.0,0.0,0.0,97.0,4.0,4,6,34.0,8.0,29.0,0.0,7.0,6.0,22.0,68.0,10.0,3.0,1.0,81.0,Bad
5563,72.0,282.0,2.0,75.0,39.0,0.0,0.0,100.0,-7.0,7,8,42.0,1.0,10.0,1.0,2.0,2.0,35.0,-8.0,9.0,-8.0,3.0,60.0,Good
4977,91.0,342.0,42.0,130.0,14.0,0.0,0.0,100.0,-7.0,7,8,14.0,0.0,36.0,-8.0,0.0,0.0,3.0,-8.0,2.0,2.0,0.0,50.0,Good
7001,63.0,125.0,2.0,57.0,39.0,0.0,0.0,100.0,-7.0,7,8,59.0,2.0,29.0,0.0,7.0,6.0,69.0,85.0,10.0,4.0,7.0,71.0,Bad
4187,74.0,139.0,1.0,61.0,27.0,0.0,0.0,93.0,29.0,6,6,28.0,4.0,25.0,0.0,1.0,1.0,19.0,21.0,2.0,3.0,1.0,42.0,Bad
828,63.0,224.0,4.0,52.0,28.0,1.0,1.0,96.0,29.0,6,6,28.0,4.0,29.0,6.0,0.0,0.0,42.0,73.0,8.0,3.0,3.0,73.0,Good
5303,80.0,229.0,0.0,87.0,12.0,0.0,0.0,100.0,-7.0,7,8,13.0,2.0,15.0,0.0,0.0,0.0,53.0,-8.0,2.0,1.0,2.0,38.0,Good
5376,82.0,189.0,2.0,86.0,13.0,0.0,0.0,100.0,-7.0,7,8,14.0,3.0,57.0,-7.0,3.0,3.0,18.0,81.0,2.0,3.0,1.0,71.0,Bad
2112,57.0,75.0,8.0,33.0,17.0,0.0,0.0,88.0,2.0,4,6,17.0,1.0,18.0,0.0,0.0,0.0,32.0,-8.0,3.0,1.0,2.0,44.0,Bad
557,65.0,35.0,10.0,19.0,6.0,0.0,0.0,100.0,-7.0,7,8,6.0,2.0,17.0,-7.0,3.0,3.0,76.0,-8.0,5.0,1.0,2.0,100.0,Bad
9797,65.0,156.0,7.0,42.0,11.0,2.0,2.0,100.0,-7.0,6,8,11.0,2.0,55.0,0.0,1.0,1.0,59.0,29.0,5.0,2.0,3.0,100.0,Bad
5223,57.0,129.0,4.0,63.0,32.0,0.0,0.0,84.0,23.0,6,6,32.0,5.0,31.0,0.0,3.0,3.0,82.0,73.0,4.0,4.0,3.0,73.0,Bad
2705,92.0,250.0,66.0,139.0,7.0,0.0,0.0,100.0,-7.0,7,8,4.0,0.0,0.0,-7.0,1.0,1.0,1.0,-8.0,5.0,-8.0,0.0,83.0,Bad
1237,-9.0,-9.0,-9.0,-9.0,-9.0,-9.0,-9.0,-9.0,-9.0,-9,-9,-9.0,-9.0,-9.0,-9.0,-9.0,-9.0,-9.0,-9.0,-9.0,-9.0,-9.0,-9.0,Bad
9056,55.0,289.0,2.0,85.0,20.0,1.0,1.0,78.0,3.0,4,6,24.0,2.0,30.0,0.0,2.0,2.0,36.0,13.0,7.0,3.0,1.0,77.0,Good
8643,77.0,194.0,17.0,75.0,18.0,1.0,1.0,95.0,29.0,6,2,19.0,0.0,53.0,0.0,2.0,2.0,4.0,47.0,1.0,2.0,0.0,60.0,Good
7280,60.0,47.0,12.0,31.0,2.0,0.0,0.0,33.0,5.0,4,6,3.0,0.0,33.0,0.0,0.0,0.0,72.0,-8.0,1.0,-8.0,0.0,100.0,Bad
6207,-9.0,-9.0,-9.0,-9.0,-9.0,-9.0,-9.0,-9.0,-9.0,-9,-9,-9.0,-9.0,-9.0,-9.0,-9.0,-9.0,-9.0,-9.0,-9.0,-9.0,-9.0,-9.0,Good
3170,86.0,126.0,3.0,51.0,36.0,0.0,0.0,100.0,-7.0,7,8,27.0,2.0,6.0,13.0,0.0,0.0,1.0,-8.0,4.0,-8.0,0.0,24.0,Good
2097,87.0,405.0,19.0,124.0,25.0,0.0,0.0,100.0,-7.0,7,8,25.0,0.0,20.0,0.0,0.0,0.0,9.0,-8.0,4.0,1.0,1.0,63.0,Good
4430,67.0,136.0,3.0,72.0,17.0,1.0,1.0,100.0,-7.0,6,8,17.0,4.0,29.0,0.0,4.0,4.0,78.0,97.0,2.0,2.0,1.0,50.0,Bad
3342,64.0,180.0,1.0,32.0,6.0,0.0,0.0,100.0,-7.0,7,8,4.0,5.0,50.0,1.0,2.0,2.0,90.0,-8.0,3.0,1.0,1.0,100.0,Bad
9446,62.0,305.0,6.0,92.0,31.0,1.0,0.0,82.0,2.0,4,5,33.0,2.0,33.0,0.0,1.0,0.0,39.0,103.0,5.0,3.0,2.0,62.0,Bad
955,63.0,165.0,2.0,73.0,23.0,0.0,0.0,88.0,5.0,4,6,25.0,5.0,56.0,3.0,1.0,1.0,36.0,28.0,6.0,5.0,1.0,85.0,Bad
2027,73.0,83.0,2.0,37.0,24.0,0.0,0.0,100.0,-7.0,7,8,25.0,2.0,24.0,0.0,2.0,2.0,29.0,58.0,3.0,2.0,1.0,45.0,Good
395,66.0,157.0,18.0,42.0,16.0,0.0,0.0,100.0,-7.0,7,8,16.0,0.0,25.0,0.0,3.0,3.0,93.0,53.0,11.0,3.0,5.0,100.0,Bad
9015,60.0,100.0,6.0,57.0,36.0,0.0,0.0,92.0,1.0,4,6,36.0,2.0,61.0,0.0,1.0,1.0,50.0,75.0,6.0,3.0,1.0,90.0,Bad
1309,-9.0,-9.0,-9.0,-9.0,-9.0,-9.0,-9.0,-9.0,-9.0,-9,-9,-9.0,-9.0,-9.0,-9.0,-9.0,-9.0,-9.0,-9.0,-9.0,-9.0,-9.0,-9.0,Bad
5881,-9.0,-9.0,-9.0,-9.0,-9.0,-9.0,-9.0,-9.0,-9.0,-9,-9,-9.0,-9.0,-9.0,-9.0,-9.0,-9.0,-9.0,-9.0,-9.0,-9.0,-9.0,-9.0,Good
6073,68.0,184.0,6.0,76.0,42.0,0.0,0.0,98.0,48.0,6,6,42.0,1.0,26.0,5.0,2.0,1.0,84.0,31.0,5.0,2.0,2.0,70.0,Good
7301,68.0,161.0,2.0,58.0,1.0,0.0,0.0,67.0,53.0,6,6,3.0,2.0,33.0,0.0,3.0,3.0,37.0,91.0,1.0,1.0,0.0,100.0,Good
285,70.0,196.0,4.0,64.0,34.0,0.0,0.0,100.0,-7.0,7,8,35.0,1.0,37.0,0.0,0.0,0.0,83.0,-8.0,6.0,1.0,3.0,100.0,Good
4946,86.0,208.0,3.0,96.0,38.0,0.0,0.0,100.0,-7.0,7,8,38.0,2.0,8.0,-8.0,0.0,0.0,0.0,-8.0,1.0,1.0,0.0,13.0,Good
8463,61.0,-8.0,3.0,40.0,9.0,0.0,0.0,100.0,-7.0,7,8,11.0,4.0,36.0,-7.0,2.0,2.0,89.0,96.0,3.0,3.0,3.0,88.0,Bad
3276,81.0,224.0,8.0,110.0,27.0,0.0,0.0,96.0,14.0,6,6,31.0,1.0,15.0,-8.0,0.0,0.0,12.0,-8.0,7.0,1.0,0.0,62.0,Good
8405,60.0,91.0,17.0,46.0,3.0,5.0,5.0,100.0,-7.0,6,8,3.0,0.0,100.0,0.0,0.0,0.0,-8.0,88.0,-8.0,2.0,-8.0,100.0,Bad
1668,68.0,116.0,21.0,59.0,31.0,2.0,2.0,97.0,15.0,6,6,33.0,0.0,52.0,0.0,1.0,1.0,16.0,44.0,2.0,6.0,0.0,75.0,Bad
878,85.0,186.0,18.0,75.0,23.0,0.0,0.0,100.0,-7.0,7,8,25.0,0.0,32.0,2.0,1.0,1.0,1.0,-8.0,2.0,2.0,1.0,57.0,Good
4133,-9.0,87.0,10.0,35.0,18.0,1.0,1.0,89.0,3.0,2,4,19.0,2.0,16.0,0.0,2.0,2.0,29.0,73.0,6.0,1.0,1.0,47.0,Bad
9749,73.0,169.0,4.0,93.0,10.0,0.0,0.0,100.0,-7.0,7,8,10.0,1.0,20.0,4.0,1.0,1.0,73.0,-8.0,4.0,-8.0,2.0,80.0,Bad
7259,60.0,230.0,1.0,90.0,29.0,2.0,2.0,91.0,10.0,0,3,32.0,1.0,28.0,0.0,3.0,3.0,46.0,59.0,8.0,3.0,4.0,55.0,Good
5512,84.0,260.0,12.0,125.0,15.0,0.0,0.0,100.0,-7.0,7,8,15.0,0.0,40.0,5.0,1.0,1.0,29.0,-8.0,2.0,1.0,0.0,60.0,Good
8721,-9.0,175.0,159.0,167.0,2.0,1.0,1.0,100.0,-7.0,9,8,3.0,0.0,50.0,0.0,2.0,2.0,-8.0,-8.0,-8.0,-8.0,-8.0,-8.0,Bad
7498,84.0,308.0,10.0,125.0,27.0,0.0,0.0,100.0,-7.0,7,8,27.0,1.0,37.0,-7.0,0.0,0.0,27.0,52.0,2.0,5.0,0.0,70.0,Good
4687,62.0,150.0,6.0,36.0,25.0,0.0,0.0,100.0,-7.0,7,8,26.0,4.0,58.0,5.0,0.0,0.0,70.0,60.0,7.0,4.0,2.0,92.0,Good
9048,71.0,114.0,11.0,80.0,12.0,0.0,0.0,92.0,-8.0,6,6,12.0,1.0,33.0,0.0,0.0,0.0,42.0,84.0,3.0,2.0,1.0,71.0,Good
3887,69.0,70.0,3.0,35.0,21.0,0.0,0.0,100.0,-7.0,7,8,24.0,6.0,25.0,2.0,4.0,4.0,43.0,-8.0,6.0,3.0,3.0,60.0,Good
618,65.0,146.0,7.0,58.0,29.0,1.0,1.0,97.0,-8.0,6,6,33.0,1.0,39.0,-7.0,5.0,5.0,7.0,88.0,1.0,2.0,0.0,33.0,Bad
9195,70.0,131.0,6.0,64.0,12.0,1.0,0.0,57.0,25.0,6,5,14.0,3.0,50.0,4.0,1.0,1.0,3.0,67.0,1.0,2.0,-8.0,50.0,Bad
6957,85.0,429.0,5.0,85.0,26.0,0.0,0.0,100.0,-7.0,7,8,28.0,4.0,32.0,2.0,3.0,3.0,6.0,-8.0,2.0,-8.0,0.0,25.0,Good
6074,84.0,238.0,4.0,121.0,15.0,0.0,0.0,100.0,-7.0,7,8,15.0,1.0,13.0,0.0,2.0,2.0,26.0,-8.0,4.0,1.0,0.0,56.0,Good
7782,73.0,44.0,7.0,32.0,10.0,0.0,0.0,100.0,-7.0,7,8,10.0,1.0,30.0,8.0,0.0,0.0,55.0,-8.0,3.0,1.0,0.0,67.0,Good
2128,63.0,43.0,10.0,27.0,15.0,0.0,0.0,100.0,-7.0,7,8,15.0,1.0,20.0,0.0,1.0,1.0,53.0,77.0,9.0,2.0,1.0,85.0,Bad
9043,89.0,460.0,4.0,119.0,11.0,0.0,0.0,100.0,-7.0,7,8,11.0,3.0,36.0,0.0,2.0,2.0,5.0,-8.0,1.0,1.0,-8.0,67.0,Good
1063,-9.0,-9.0,-9.0,-9.0,-9.0,-9.0,-9.0,-9.0,-9.0,-9,-9,-9.0,-9.0,-9.0,-9.0,-9.0,-9.0,-9.0,-9.0,-9.0,-9.0,-9.0,-9.0,Bad
8561,61.0,61.0,3.0,27.0,7.0,1.0,0.0,75.0,11.0,4,5,8.0,3.0,38.0,2.0,4.0,4.0,41.0,96.0,2.0,3.0,0.0,83.0,Good
2434,69.0,300.0,5.0,66.0,31.0,0.0,0.0,100.0,-7.0,7,8,36.0,7.0,16.0,-7.0,1.0,1.0,44.0,51.0,9.0,3.0,2.0,60.0,Bad
5728,64.0,227.0,1.0,74.0,33.0,2.0,1.0,98.0,23.0,0,5,43.0,5.0,26.0,0.0,1.0,1.0,31.0,82.0,14.0,5.0,3.0,79.0,Bad
3733,66.0,265.0,4.0,78.0,50.0,1.0,0.0,88.0,11.0,3,5,51.0,5.0,12.0,2.0,4.0,4.0,24.0,56.0,7.0,2.0,3.0,39.0,Good
1735,73.0,111.0,4.0,30.0,18.0,0.0,0.0,100.0,-7.0,7,8,20.0,3.0,50.0,0.0,5.0,5.0,27.0,68.0,2.0,6.0,0.0,80.0,Good
5757,74.0,39.0,3.0,16.0,6.0,0.0,0.0,100.0,-7.0,7,8,6.0,3.0,33.0,0.0,2.0,2.0,23.0,99.0,2.0,2.0,0.0,80.0,Bad
9915,79.0,507.0,23.0,197.0,21.0,0.0,0.0,100.0,-7.0,7,8,21.0,0.0,29.0,0.0,0.0,0.0,64.0,53.0,6.0,3.0,2.0,83.0,Good
7035,83.0,151.0,6.0,82.0,27.0,0.0,0.0,100.0,-7.0,7,8,27.0,2.0,44.0,-8.0,0.0,0.0,17.0,101.0,2.0,2.0,0.0,80.0,Good
2866,73.0,236.0,5.0,74.0,24.0,0.0,0.0,92.0,9.0,4,6,29.0,2.0,46.0,15.0,0.0,0.0,44.0,88.0,4.0,3.0,1.0,54.0,Bad
6507,71.0,270.0,9.0,128.0,20.0,0.0,0.0,100.0,-7.0,7,8,20.0,1.0,50.0,0.0,1.0,1.0,95.0,80.0,4.0,4.0,3.0,89.0,Good
2014,55.0,223.0,23.0,107.0,12.0,2.0,1.0,79.0,2.0,4,5,15.0,0.0,36.0,0.0,0.0,0.0,86.0,50.0,4.0,3.0,2.0,100.0,Bad
4165,71.0,183.0,15.0,73.0,11.0,1.0,0.0,85.0,50.0,6,2,13.0,0.0,46.0,0.0,1.0,1.0,49.0,50.0,2.0,2.0,0.0,67.0,Bad
3721,86.0,400.0,9.0,107.0,43.0,0.0,0.0,100.0,-7.0,7,8,43.0,1.0,33.0,13.0,0.0,0.0,5.0,84.0,3.0,2.0,0.0,38.0,Good
6446,87.0,140.0,16.0,79.0,16.0,0.0,0.0,100.0,-7.0,7,8,17.0,0.0,18.0,0.0,0.0,0.0,3.0,-8.0,1.0,1.0,0.0,22.0,Good
2966,86.0,148.0,2.0,77.0,24.0,0.0,0.0,96.0,47.0,6,6,26.0,1.0,46.0,2.0,2.0,2.0,3.0,-8.0,2.0,-8.0,0.0,33.0,Good
8136,66.0,139.0,2.0,59.0,20.0,1.0,1.0,100.0,-7.0,6,8,21.0,4.0,24.0,1.0,1.0,1.0,60.0,-8.0,6.0,1.0,3.0,88.0,Good
6378,64.0,184.0,6.0,130.0,5.0,1.0,1.0,83.0,2.0,0,2,6.0,1.0,0.0,0.0,0.0,0.0,10.0,-8.0,1.0,-8.0,0.0,40.0,Bad
9174,81.0,171.0,4.0,34.0,15.0,0.0,0.0,100.0,-7.0,7,8,16.0,4.0,19.0,0.0,1.0,1.0,5.0,76.0,5.0,2.0,0.0,64.0,Bad
9093,62.0,49.0,9.0,30.0,7.0,0.0,0.0,86.0,14.0,6,6,7.0,1.0,29.0,-7.0,2.0,2.0,89.0,104.0,2.0,2.0,1.0,80.0,Bad
2453,79.0,77.0,7.0,48.0,16.0,0.0,0.0,100.0,-7.0,7,8,6.0,1.0,44.0,-7.0,0.0,0.0,0.0,74.0,2.0,2.0,0.0,57.0,Good
6975,81.0,342.0,16.0,129.0,14.0,1.0,1.0,94.0,50.0,6,2,18.0,0.0,39.0,-8.0,0.0,0.0,2.0,14.0,1.0,3.0,0.0,100.0,Good
8289,33.0,243.0,12.0,88.0,13.0,6.0,1.0,50.0,1.0,3,3,20.0,0.0,55.0,0.0,2.0,2.0,51.0,66.0,2.0,4.0,-8.0,100.0,Good
4709,64.0,80.0,1.0,32.0,14.0,0.0,0.0,100.0,-7.0,7,8,15.0,3.0,27.0,18.0,0.0,0.0,54.0,-8.0,8.0,1.0,3.0,100.0,Bad
10199,64.0,141.0,1.0,29.0,23.0,1.0,1.0,96.0,39.0,6,2,26.0,7.0,12.0,1.0,7.0,7.0,34.0,87.0,10.0,2.0,0.0,82.0,Bad
282,67.0,282.0,11.0,108.0,37.0,0.0,0.0,95.0,3.0,4,6,40.0,1.0,43.0,0.0,1.0,1.0,68.0,58.0,5.0,3.0,2.0,80.0,Bad
8316,84.0,213.0,10.0,74.0,33.0,0.0,0.0,97.0,39.0,6,6,35.0,1.0,26.0,9.0,0.0,0.0,11.0,-8.0,4.0,1.0,0.0,50.0,Good
1273,-9.0,-9.0,-9.0,-9.0,-9.0,-9.0,-9.0,-9.0,-9.0,-9,-9,-9.0,-9.0,-9.0,-9.0,-9.0,-9.0,-9.0,-9.0,-9.0,-9.0,-9.0,-9.0,Good
8777,82.0,100.0,3.0,37.0,9.0,0.0,0.0,100.0,-7.0,7,8,9.0,3.0,22.0,-7.0,1.0,1.0,0.0,99.0,3.0,1.0,0.0,67.0,Good
520,82.0,212.0,22.0,115.0,14.0,0.0,0.0,100.0,-7.0,7,8,15.0,0.0,33.0,-7.0,0.0,0.0,45.0,-8.0,4.0,2.0,0.0,75.0,Good
7500,70.0,83.0,3.0,40.0,26.0,4.0,2.0,80.0,10.0,4,4,30.0,3.0,33.0,-7.0,0.0,0.0,3.0,89.0,2.0,4.0,0.0,58.0,Bad
5060,65.0,163.0,10.0,66.0,46.0,0.0,0.0,96.0,-7.0,5,7,47.0,1.0,34.0,0.0,3.0,3.0,65.0,29.0,16.0,3.0,7.0,95.0,Bad
876,-9.0,-9.0,-9.0,-9.0,-9.0,-9.0,-9.0,-9.0,-9.0,-9,-9,-9.0,-9.0,-9.0,-9.0,-9.0,-9.0,-9.0,-9.0,-9.0,-9.0,-9.0,-9.0,Good
1761,87.0,254.0,21.0,92.0,26.0,0.0,0.0,100.0,-7.0,7,8,26.0,0.0,23.0,0.0,1.0,1.0,0.0,-8.0,2.0,2.0,0.0,40.0,Good
4413,80.0,124.0,10.0,54.0,17.0,1.0,0.0,94.0,69.0,6,5,18.0,1.0,44.0,0.0,2.0,1.0,28.0,62.0,2.0,3.0,0.0,63.0,Good
2051,68.0,164.0,3.0,59.0,40.0,1.0,1.0,93.0,17.0,6,4,43.0,5.0,47.0,0.0,1.0,1.0,24.0,78.0,7.0,12.0,1.0,76.0,Bad
4858,75.0,205.0,2.0,36.0,4.0,0.0,0.0,100.0,-7.0,7,8,7.0,5.0,0.0,2.0,2.0,1.0,34.0,-8.0,4.0,-8.0,2.0,67.0,Good
5568,69.0,216.0,35.0,100.0,12.0,0.0,0.0,92.0,26.0,6,6,14.0,0.0,42.0,0.0,2.0,2.0,57.0,-8.0,3.0,2.0,2.0,100.0,Good
3559,66.0,247.0,7.0,87.0,25.0,0.0,0.0,100.0,-7.0,7,8,17.0,2.0,20.0,3.0,1.0,1.0,59.0,-8.0,7.0,2.0,3.0,75.0,Good
7721,65.0,148.0,1.0,64.0,42.0,1.0,0.0,82.0,11.0,4,5,45.0,4.0,60.0,1.0,4.0,4.0,13.0,65.0,3.0,8.0,2.0,75.0,Bad
234,89.0,363.0,1.0,106.0,21.0,0.0,0.0,100.0,-7.0,6,7,24.0,1.0,29.0,0.0,1.0,1.0,2.0,74.0,5.0,2.0,0.0,64.0,Good
5162,72.0,138.0,3.0,53.0,28.0,0.0,0.0,100.0,-7.0,7,8,28.0,4.0,25.0,-7.0,2.0,2.0,37.0,-8.0,8.0,2.0,2.0,71.0,Bad
8575,83.0,233.0,12.0,79.0,21.0,0.0,0.0,100.0,-7.0,7,8,21.0,0.0,19.0,0.0,2.0,2.0,8.0,-8.0,6.0,2.0,0.0,67.0,Good
5515,82.0,178.0,7.0,70.0,24.0,1.0,0.0,89.0,40.0,6,5,27.0,2.0,41.0,1.0,2.0,2.0,12.0,84.0,2.0,1.0,0.0,60.0,Good
5076,68.0,130.0,5.0,72.0,16.0,1.0,0.0,89.0,5.0,3,5,21.0,1.0,47.0,-7.0,1.0,1.0,35.0,-8.0,3.0,-8.0,0.0,43.0,Bad
418,64.0,460.0,3.0,130.0,23.0,0.0,0.0,96.0,0.0,4,6,23.0,6.0,9.0,0.0,0.0,0.0,34.0,92.0,7.0,1.0,3.0,67.0,Bad
917,87.0,393.0,2.0,110.0,20.0,0.0,0.0,100.0,-7.0,7,8,31.0,1.0,42.0,10.0,0.0,0.0,4.0,-8.0,3.0,-8.0,0.0,33.0,Good
1308,-9.0,-9.0,-9.0,-9.0,-9.0,-9.0,-9.0,-9.0,-9.0,-9,-9,-9.0,-9.0,-9.0,-9.0,-9.0,-9.0,-9.0,-9.0,-9.0,-9.0,-9.0,-9.0,Bad
10384,72.0,226.0,8.0,80.0,26.0,0.0,0.0,96.0,36.0,6,6,27.0,3.0,26.0,9.0,0.0,0.0,44.0,78.0,4.0,3.0,1.0,75.0,Good
5737,63.0,76.0,9.0,31.0,4.0,1.0,1.0,80.0,49.0,6,4,5.0,1.0,20.0,0.0,1.0,1.0,84.0,-8.0,4.0,-8.0,3.0,100.0,Bad
4283,82.0,190.0,12.0,56.0,11.0,0.0,0.0,100.0,-7.0,7,8,11.0,0.0,73.0,0.0,0.0,0.0,8.0,75.0,1.0,3.0,0.0,80.0,Bad
6617,72.0,74.0,8.0,39.0,14.0,0.0,0.0,86.0,18.0,6,6,14.0,1.0,64.0,-7.0,2.0,1.0,7.0,92.0,2.0,1.0,-8.0,75.0,Bad
1607,78.0,193.0,23.0,100.0,24.0,1.0,0.0,81.0,13.0,6,5,26.0,0.0,19.0,0.0,2.0,1.0,0.0,-8.0,3.0,1.0,0.0,42.0,Bad
1040,83.0,196.0,17.0,84.0,6.0,0.0,0.0,100.0,-7.0,7,8,7.0,0.0,0.0,-7.0,0.0,0.0,14.0,-8.0,4.0,-8.0,1.0,100.0,Bad
5492,62.0,212.0,32.0,103.0,11.0,1.0,1.0,77.0,9.0,0,2,13.0,0.0,23.0,-8.0,0.0,0.0,49.0,-8.0,5.0,1.0,2.0,89.0,Bad
8683,84.0,127.0,11.0,88.0,7.0,0.0,0.0,100.0,-7.0,7,8,7.0,1.0,43.0,0.0,1.0,1.0,0.0,86.0,2.0,1.0,-8.0,75.0,Bad
5792,72.0,224.0,2.0,66.0,31.0,0.0,0.0,100.0,-7.0,7,8,33.0,3.0,24.0,0.0,0.0,0.0,28.0,69.0,9.0,2.0,0.0,61.0,Good
1181,-9.0,-9.0,-9.0,-9.0,-9.0,-9.0,-9.0,-9.0,-9.0,-9,-9,-9.0,-9.0,-9.0,-9.0,-9.0,-9.0,-9.0,-9.0,-9.0,-9.0,-9.0,-9.0,Bad
8304,59.0,171.0,49.0,110.0,8.0,2.0,2.0,63.0,24.0,6,6,8.0,0.0,38.0,-8.0,1.0,0.0,85.0,-8.0,3.0,1.0,1.0,100.0,Bad
378,71.0,324.0,5.0,91.0,55.0,0.0,0.0,93.0,44.0,6,6,59.0,2.0,8.0,0.0,0.0,0.0,38.0,83.0,10.0,2.0,2.0,62.0,Bad
1208,-9.0,-9.0,-9.0,-9.0,-9.0,-9.0,-9.0,-9.0,-9.0,-9,-9,-9.0,-9.0,-9.0,-9.0,-9.0,-9.0,-9.0,-9.0,-9.0,-9.0,-9.0,-9.0,Bad
7155,65.0,330.0,13.0,97.0,37.0,1.0,0.0,86.0,12.0,6,5,43.0,0.0,53.0,0.0,0.0,0.0,61.0,60.0,9.0,2.0,3.0,79.0,Bad
9945,76.0,148.0,19.0,46.0,18.0,0.0,0.0,100.0,-7.0,7,8,19.0,0.0,21.0,0.0,0.0,0.0,33.0,13.0,3.0,1.0,0.0,67.0,Good
8165,77.0,171.0,2.0,73.0,23.0,0.0,0.0,100.0,-7.0,7,8,24.0,2.0,29.0,2.0,5.0,5.0,19.0,25.0,3.0,2.0,0.0,50.0,Good
4139,66.0,107.0,7.0,49.0,10.0,0.0,0.0,90.0,50.0,6,6,10.0,2.0,50.0,0.0,0.0,0.0,97.0,44.0,3.0,3.0,3.0,100.0,Bad
1096,-9.0,-9.0,-9.0,-9.0,-9.0,-9.0,-9.0,-9.0,-9.0,-9,-9,-9.0,-9.0,-9.0,-9.0,-9.0,-9.0,-9.0,-9.0,-9.0,-9.0,-9.0,-9.0,Bad
7588,72.0,206.0,3.0,90.0,46.0,1.0,0.0,96.0,44.0,6,5,47.0,2.0,26.0,-7.0,2.0,2.0,45.0,58.0,2.0,4.0,1.0,50.0,Bad
1929,70.0,389.0,3.0,81.0,64.0,0.0,0.0,98.0,24.0,6,6,66.0,3.0,26.0,0.0,6.0,5.0,67.0,57.0,32.0,5.0,7.0,93.0,Bad
5997,80.0,139.0,8.0,67.0,35.0,0.0,0.0,97.0,29.0,6,6,35.0,2.0,29.0,0.0,3.0,3.0,5.0,87.0,4.0,3.0,0.0,54.0,Good
6099,70.0,281.0,8.0,77.0,26.0,0.0,0.0,92.0,34.0,6,6,27.0,1.0,35.0,-8.0,0.0,0.0,55.0,28.0,5.0,2.0,3.0,58.0,Good
5366,71.0,243.0,8.0,84.0,15.0,0.0,0.0,94.0,-8.0,6,6,16.0,1.0,25.0,-7.0,1.0,1.0,56.0,-8.0,5.0,1.0,3.0,86.0,Bad
10033,-9.0,-9.0,-9.0,-9.0,-9.0,-9.0,-9.0,-9.0,-9.0,-9,-9,-9.0,-9.0,-9.0,-9.0,-9.0,-9.0,-9.0,-9.0,-9.0,-9.0,-9.0,-9.0,Good
9013,64.0,111.0,3.0,35.0,15.0,2.0,2.0,100.0,-7.0,7,8,17.0,2.0,33.0,0.0,1.0,1.0,70.0,97.0,4.0,3.0,0.0,78.0,Bad
10011,58.0,165.0,8.0,70.0,28.0,2.0,1.0,83.0,3.0,1,3,31.0,1.0,40.0,-7.0,0.0,0.0,73.0,38.0,7.0,7.0,3.0,84.0,Bad
4220,82.0,108.0,7.0,60.0,17.0,0.0,0.0,100.0,-7.0,7,8,18.0,1.0,28.0,0.0,0.0,0.0,36.0,40.0,2.0,3.0,0.0,56.0,Bad
8746,77.0,220.0,2.0,63.0,38.0,0.0,0.0,100.0,-7.0,7,8,40.0,1.0,53.0,0.0,1.0,1.0,25.0,67.0,5.0,1.0,1.0,50.0,Bad
2919,68.0,334.0,3.0,98.0,24.0,0.0,0.0,100.0,-7.0,7,8,42.0,1.0,21.0,2.0,2.0,2.0,88.0,-8.0,5.0,2.0,3.0,88.0,Bad
972,88.0,280.0,5.0,127.0,37.0,0.0,0.0,100.0,-7.0,7,8,39.0,2.0,34.0,3.0,2.0,1.0,6.0,94.0,2.0,3.0,0.0,38.0,Good
6883,67.0,142.0,3.0,69.0,31.0,1.0,1.0,92.0,7.0,2,4,38.0,2.0,34.0,3.0,5.0,4.0,32.0,39.0,6.0,3.0,-8.0,69.0,Bad
6358,64.0,144.0,2.0,63.0,18.0,2.0,2.0,85.0,72.0,5,3,21.0,3.0,50.0,0.0,6.0,6.0,60.0,80.0,2.0,5.0,1.0,78.0,Bad
9223,85.0,216.0,3.0,72.0,28.0,0.0,0.0,93.0,-8.0,5,6,28.0,2.0,11.0,0.0,1.0,1.0,3.0,37.0,7.0,2.0,0.0,60.0,Good
1214,-9.0,-9.0,-9.0,-9.0,-9.0,-9.0,-9.0,-9.0,-9.0,-9,-9,-9.0,-9.0,-9.0,-9.0,-9.0,-9.0,-9.0,-9.0,-9.0,-9.0,-9.0,-9.0,Good
5064,67.0,158.0,12.0,86.0,11.0,4.0,2.0,60.0,40.0,6,3,15.0,0.0,60.0,0.0,0.0,0.0,60.0,61.0,2.0,4.0,1.0,86.0,Bad
5617,69.0,142.0,3.0,74.0,47.0,0.0,0.0,100.0,-7.0,7,8,47.0,1.0,32.0,0.0,7.0,7.0,32.0,80.0,15.0,4.0,1.0,71.0,Good
3501,76.0,148.0,2.0,70.0,23.0,4.0,3.0,86.0,56.0,6,2,9.0,3.0,17.0,1.0,3.0,3.0,2.0,-8.0,4.0,-8.0,0.0,33.0,Good
9747,78.0,215.0,4.0,88.0,22.0,1.0,0.0,88.0,1.0,4,5,26.0,2.0,20.0,5.0,0.0,0.0,3.0,-8.0,3.0,-8.0,0.0,33.0,Bad
801,49.0,259.0,21.0,119.0,7.0,2.0,0.0,67.0,1.0,3,5,9.0,0.0,11.0,11.0,0.0,0.0,89.0,25.0,5.0,1.0,2.0,86.0,Good
7202,72.0,187.0,12.0,62.0,51.0,1.0,1.0,96.0,10.0,1,3,53.0,0.0,25.0,0.0,1.0,1.0,32.0,42.0,5.0,2.0,1.0,28.0,Bad
5578,58.0,136.0,4.0,70.0,22.0,2.0,1.0,70.0,7.0,4,3,27.0,2.0,30.0,0.0,0.0,0.0,72.0,41.0,3.0,2.0,2.0,54.0,Bad
6646,54.0,188.0,1.0,73.0,35.0,0.0,0.0,87.0,0.0,4,6,38.0,4.0,66.0,-7.0,13.0,12.0,103.0,97.0,5.0,5.0,4.0,71.0,Bad
9983,67.0,37.0,11.0,23.0,4.0,0.0,0.0,100.0,-7.0,7,8,4.0,1.0,25.0,0.0,0.0,0.0,86.0,-8.0,1.0,1.0,1.0,67.0,Bad
1388,-9.0,-9.0,-9.0,-9.0,-9.0,-9.0,-9.0,-9.0,-9.0,-9,-9,-9.0,-9.0,-9.0,-9.0,-9.0,-9.0,-9.0,-9.0,-9.0,-9.0,-9.0,-9.0,Bad
8853,72.0,269.0,2.0,86.0,25.0,0.0,0.0,85.0,0.0,4,6,26.0,1.0,12.0,0.0,2.0,2.0,1.0,-8.0,3.0,1.0,0.0,29.0,Good
9154,59.0,27.0,1.0,13.0,14.0,0.0,0.0,100.0,-7.0,7,8,15.0,8.0,40.0,-7.0,1.0,1.0,49.0,71.0,8.0,2.0,1.0,91.0,Bad
5451,67.0,140.0,12.0,80.0,11.0,0.0,0.0,73.0,17.0,5,6,11.0,0.0,55.0,12.0,0.0,0.0,87.0,-8.0,4.0,1.0,3.0,100.0,Bad
8935,69.0,159.0,12.0,57.0,18.0,0.0,0.0,95.0,32.0,6,6,20.0,0.0,20.0,0.0,0.0,0.0,83.0,-8.0,5.0,1.0,2.0,75.0,Bad
3890,58.0,171.0,7.0,49.0,19.0,0.0,0.0,100.0,-7.0,7,8,41.0,3.0,25.0,1.0,7.0,7.0,83.0,70.0,8.0,1.0,7.0,69.0,Bad
2168,66.0,31.0,3.0,18.0,10.0,0.0,0.0,100.0,-7.0,7,8,10.0,2.0,10.0,0.0,1.0,1.0,53.0,82.0,9.0,1.0,2.0,100.0,Bad
8026,90.0,226.0,44.0,120.0,15.0,0.0,0.0,100.0,-7.0,7,8,15.0,0.0,47.0,0.0,1.0,1.0,5.0,-8.0,1.0,4.0,0.0,63.0,Good
8170,80.0,176.0,27.0,97.0,13.0,0.0,0.0,77.0,40.0,6,6,13.0,0.0,38.0,1.0,1.0,1.0,11.0,5.0,1.0,3.0,0.0,80.0,Bad
6958,75.0,185.0,2.0,66.0,25.0,0.0,0.0,100.0,-7.0,7,8,26.0,2.0,23.0,1.0,2.0,2.0,26.0,67.0,1.0,2.0,-8.0,75.0,Good
3067,83.0,43.0,5.0,72.0,29.0,0.0,0.0,100.0,-7.0,7,8,5.0,4.0,17.0,0.0,2.0,2.0,5.0,-8.0,5.0,1.0,0.0,40.0,Good
1199,-9.0,-9.0,-9.0,-9.0,-9.0,-9.0,-9.0,-9.0,-9.0,-9,-9,-9.0,-9.0,-9.0,-9.0,-9.0,-9.0,-9.0,-9.0,-9.0,-9.0,-9.0,-9.0,Good
4575,84.0,224.0,14.0,110.0,12.0,0.0,0.0,92.0,46.0,6,6,12.0,0.0,25.0,-7.0,2.0,2.0,17.0,-8.0,1.0,-8.0,0.0,33.0,Bad
6210,86.0,292.0,5.0,114.0,20.0,0.0,0.0,100.0,-7.0,7,8,22.0,1.0,24.0,6.0,0.0,0.0,6.0,12.0,3.0,1.0,1.0,57.0,Good
8780,87.0,169.0,18.0,83.0,22.0,0.0,0.0,100.0,-7.0,7,8,22.0,0.0,14.0,-7.0,0.0,0.0,0.0,-8.0,1.0,1.0,0.0,18.0,Bad
9781,64.0,93.0,2.0,50.0,20.0,1.0,1.0,76.0,32.0,6,6,22.0,5.0,24.0,0.0,1.0,1.0,58.0,-8.0,4.0,1.0,2.0,45.0,Good
5753,75.0,152.0,1.0,66.0,21.0,0.0,0.0,100.0,-7.0,7,8,22.0,3.0,36.0,0.0,1.0,1.0,32.0,96.0,5.0,3.0,2.0,62.0,Bad
898,83.0,440.0,24.0,190.0,10.0,0.0,0.0,100.0,-7.0,7,8,10.0,0.0,20.0,23.0,0.0,0.0,33.0,42.0,2.0,2.0,1.0,50.0,Good
2885,55.0,286.0,3.0,14.0,10.0,0.0,0.0,90.0,10.0,4,6,20.0,2.0,20.0,0.0,2.0,2.0,70.0,69.0,4.0,2.0,1.0,75.0,Bad
8254,57.0,269.0,11.0,74.0,29.0,1.0,0.0,70.0,4.0,3,5,30.0,2.0,40.0,0.0,2.0,2.0,41.0,43.0,6.0,5.0,1.0,58.0,Bad
3859,86.0,372.0,14.0,119.0,23.0,0.0,0.0,96.0,49.0,6,6,7.0,0.0,26.0,-8.0,0.0,0.0,8.0,-8.0,2.0,1.0,0.0,50.0,Good
8017,89.0,485.0,66.0,196.0,6.0,0.0,0.0,100.0,-7.0,7,8,6.0,0.0,17.0,-8.0,0.0,0.0,6.0,-8.0,1.0,-8.0,0.0,33.0,Good
9329,85.0,325.0,11.0,79.0,39.0,0.0,0.0,98.0,-7.0,5,7,41.0,1.0,29.0,0.0,2.0,2.0,19.0,80.0,3.0,5.0,0.0,57.0,Bad
2348,63.0,143.0,1.0,85.0,31.0,1.0,1.0,88.0,6.0,4,3,10.0,4.0,24.0,-7.0,2.0,2.0,54.0,82.0,8.0,4.0,2.0,75.0,Bad
5755,68.0,89.0,9.0,40.0,10.0,2.0,2.0,91.0,81.0,6,2,11.0,1.0,45.0,0.0,0.0,0.0,48.0,86.0,3.0,4.0,1.0,88.0,Bad
1103,-9.0,-9.0,-9.0,-9.0,-9.0,-9.0,-9.0,-9.0,-9.0,-9,-9,-9.0,-9.0,-9.0,-9.0,-9.0,-9.0,-9.0,-9.0,-9.0,-9.0,-9.0,-9.0,Good
2444,65.0,96.0,15.0,33.0,11.0,0.0,0.0,100.0,-7.0,7,8,12.0,0.0,9.0,-7.0,0.0,0.0,85.0,-8.0,6.0,1.0,3.0,100.0,Bad
2554,60.0,249.0,2.0,81.0,27.0,0.0,0.0,96.0,1.0,4,6,71.0,3.0,36.0,-7.0,3.0,3.0,59.0,21.0,3.0,5.0,2.0,53.0,Good
2506,70.0,222.0,20.0,81.0,46.0,0.0,0.0,100.0,-7.0,7,8,33.0,0.0,9.0,-7.0,2.0,2.0,72.0,54.0,10.0,3.0,7.0,52.0,Bad
6794,66.0,256.0,2.0,73.0,20.0,1.0,1.0,86.0,15.0,6,3,24.0,1.0,18.0,2.0,3.0,3.0,47.0,-8.0,5.0,1.0,3.0,67.0,Bad
1641,64.0,258.0,4.0,123.0,10.0,1.0,0.0,64.0,5.0,4,5,11.0,2.0,9.0,0.0,2.0,2.0,36.0,-8.0,4.0,-8.0,1.0,50.0,Bad
5691,73.0,126.0,12.0,61.0,11.0,0.0,0.0,100.0,-7.0,7,8,11.0,0.0,45.0,0.0,1.0,1.0,71.0,57.0,4.0,3.0,2.0,88.0,Bad
6439,62.0,118.0,6.0,56.0,13.0,1.0,1.0,73.0,5.0,4,6,16.0,1.0,33.0,0.0,1.0,1.0,39.0,18.0,2.0,2.0,0.0,80.0,Bad
6497,68.0,144.0,7.0,45.0,10.0,0.0,0.0,100.0,-7.0,7,8,10.0,2.0,50.0,0.0,2.0,2.0,89.0,71.0,3.0,2.0,2.0,83.0,Bad
3343,91.0,278.0,32.0,131.0,33.0,0.0,0.0,100.0,-7.0,7,8,26.0,0.0,14.0,-8.0,0.0,0.0,5.0,-8.0,2.0,1.0,0.0,33.0,Good
2470,84.0,152.0,6.0,61.0,18.0,0.0,0.0,100.0,-7.0,7,8,5.0,2.0,56.0,-7.0,0.0,0.0,3.0,-8.0,2.0,4.0,0.0,86.0,Good
9276,77.0,180.0,1.0,37.0,12.0,0.0,0.0,100.0,-7.0,7,8,14.0,4.0,29.0,0.0,2.0,2.0,22.0,98.0,4.0,3.0,1.0,64.0,Good
7257,57.0,206.0,9.0,91.0,26.0,2.0,1.0,75.0,3.0,4,2,32.0,3.0,38.0,0.0,0.0,0.0,59.0,66.0,7.0,4.0,4.0,73.0,Good
6502,63.0,198.0,2.0,54.0,19.0,0.0,0.0,90.0,1.0,4,6,20.0,4.0,60.0,0.0,0.0,0.0,72.0,68.0,3.0,4.0,2.0,88.0,Bad
9414,66.0,305.0,36.0,134.0,26.0,1.0,0.0,90.0,8.0,4,5,29.0,0.0,28.0,5.0,0.0,0.0,46.0,-8.0,6.0,2.0,3.0,62.0,Good
3494,68.0,188.0,19.0,60.0,19.0,0.0,0.0,100.0,-7.0,7,8,17.0,0.0,32.0,10.0,1.0,0.0,92.0,73.0,5.0,2.0,4.0,100.0,Good
7705,68.0,230.0,5.0,94.0,23.0,0.0,0.0,88.0,12.0,6,6,24.0,3.0,54.0,2.0,1.0,1.0,40.0,64.0,4.0,6.0,1.0,79.0,Bad
8668,-9.0,-9.0,-9.0,-9.0,-9.0,-9.0,-9.0,-9.0,-9.0,-9,-9,-9.0,-9.0,-9.0,-9.0,-9.0,-9.0,-9.0,-9.0,-9.0,-9.0,-9.0,-9.0,Good
255,55.0,99.0,4.0,56.0,35.0,5.0,5.0,92.0,4.0,4,2,40.0,3.0,65.0,0.0,0.0,0.0,100.0,45.0,1.0,2.0,-8.0,100.0,Bad
10330,64.0,84.0,12.0,42.0,13.0,0.0,0.0,100.0,-7.0,7,8,13.0,0.0,38.0,11.0,0.0,0.0,90.0,87.0,6.0,2.0,2.0,100.0,Good
3917,87.0,150.0,27.0,77.0,27.0,0.0,0.0,100.0,-7.0,7,8,27.0,0.0,30.0,2.0,1.0,1.0,4.0,3.0,4.0,2.0,0.0,55.0,Good
6510,57.0,167.0,3.0,58.0,22.0,2.0,0.0,88.0,10.0,4,5,24.0,3.0,33.0,0.0,2.0,2.0,69.0,57.0,7.0,2.0,2.0,67.0,Good
8946,74.0,211.0,8.0,85.0,43.0,1.0,0.0,93.0,8.0,4,5,45.0,1.0,44.0,0.0,2.0,2.0,3.0,80.0,4.0,2.0,0.0,60.0,Bad
7832,66.0,208.0,15.0,92.0,24.0,0.0,0.0,80.0,3.0,4,6,25.0,0.0,40.0,-8.0,0.0,0.0,31.0,53.0,4.0,3.0,1.0,67.0,Good
488,75.0,181.0,2.0,69.0,15.0,0.0,0.0,100.0,-7.0,7,8,16.0,2.0,50.0,-7.0,3.0,3.0,56.0,78.0,6.0,4.0,2.0,91.0,Bad
8163,75.0,438.0,1.0,79.0,48.0,0.0,0.0,100.0,-7.0,7,8,53.0,2.0,20.0,0.0,3.0,3.0,12.0,26.0,9.0,3.0,2.0,52.0,Good
8755,68.0,131.0,2.0,77.0,15.0,1.0,1.0,88.0,61.0,5,2,17.0,3.0,82.0,-7.0,0.0,0.0,107.0,99.0,2.0,2.0,1.0,100.0,Bad
9669,86.0,155.0,3.0,68.0,33.0,0.0,0.0,100.0,-7.0,7,8,36.0,2.0,42.0,0.0,1.0,1.0,2.0,98.0,2.0,1.0,0.0,60.0,Good
8177,69.0,41.0,15.0,33.0,5.0,0.0,0.0,89.0,28.0,6,6,9.0,0.0,100.0,0.0,1.0,1.0,-8.0,50.0,-8.0,2.0,-8.0,100.0,Bad
7436,65.0,116.0,1.0,58.0,24.0,1.0,1.0,100.0,-7.0,7,8,38.0,6.0,59.0,0.0,7.0,7.0,35.0,78.0,3.0,7.0,2.0,71.0,Good
1757,74.0,119.0,11.0,39.0,4.0,0.0,0.0,100.0,-7.0,7,8,4.0,1.0,75.0,0.0,0.0,0.0,64.0,75.0,1.0,2.0,0.0,100.0,Bad
6445,56.0,115.0,4.0,68.0,16.0,10.0,10.0,48.0,5.0,0,2,33.0,2.0,30.0,0.0,24.0,24.0,19.0,74.0,1.0,4.0,1.0,56.0,Bad
9210,78.0,119.0,7.0,50.0,16.0,0.0,0.0,94.0,27.0,6,6,16.0,1.0,38.0,0.0,1.0,1.0,9.0,82.0,2.0,4.0,0.0,75.0,Good
4492,81.0,247.0,2.0,71.0,22.0,0.0,0.0,100.0,-7.0,7,8,25.0,1.0,35.0,-7.0,2.0,2.0,9.0,91.0,1.0,2.0,0.0,43.0,Good
9985,56.0,154.0,9.0,68.0,19.0,1.0,0.0,75.0,3.0,4,5,20.0,2.0,30.0,0.0,0.0,0.0,55.0,92.0,5.0,3.0,2.0,80.0,Bad
4684,79.0,197.0,17.0,100.0,15.0,0.0,0.0,93.0,29.0,6,6,15.0,0.0,40.0,5.0,1.0,1.0,48.0,26.0,1.0,2.0,1.0,75.0,Good
713,77.0,126.0,8.0,61.0,25.0,0.0,0.0,92.0,42.0,6,6,25.0,4.0,12.0,7.0,0.0,0.0,9.0,100.0,7.0,2.0,0.0,63.0,Good
9006,85.0,273.0,4.0,109.0,29.0,0.0,0.0,100.0,-7.0,7,8,29.0,2.0,17.0,0.0,0.0,0.0,1.0,-8.0,4.0,1.0,0.0,43.0,Good
7965,76.0,306.0,3.0,80.0,22.0,0.0,0.0,100.0,-7.0,7,8,22.0,1.0,68.0,0.0,2.0,2.0,69.0,81.0,2.0,5.0,1.0,88.0,Bad
9069,57.0,234.0,31.0,106.0,40.0,0.0,0.0,98.0,6.0,4,6,41.0,0.0,24.0,-7.0,3.0,3.0,69.0,30.0,16.0,2.0,7.0,95.0,Bad
10037,74.0,319.0,2.0,83.0,24.0,1.0,0.0,88.0,9.0,3,5,28.0,3.0,37.0,-7.0,1.0,1.0,6.0,100.0,3.0,2.0,0.0,42.0,Good
3924,81.0,276.0,7.0,77.0,34.0,0.0,0.0,100.0,-7.0,7,8,39.0,3.0,0.0,7.0,0.0,0.0,13.0,-8.0,5.0,-8.0,0.0,24.0,Good
1605,54.0,184.0,3.0,101.0,42.0,0.0,0.0,88.0,4.0,4,6,43.0,4.0,51.0,0.0,1.0,1.0,64.0,83.0,8.0,3.0,3.0,93.0,Bad
8276,65.0,123.0,2.0,53.0,29.0,4.0,1.0,83.0,11.0,4,2,36.0,2.0,33.0,-7.0,0.0,0.0,15.0,-8.0,5.0,-8.0,0.0,50.0,Bad
10264,-9.0,-9.0,-9.0,-9.0,-9.0,-9.0,-9.0,-9.0,-9.0,-9,-9,-9.0,-9.0,-9.0,-9.0,-9.0,-9.0,-9.0,-9.0,-9.0,-9.0,-9.0,-9.0,Good
2543,79.0,229.0,8.0,77.0,14.0,0.0,0.0,100.0,-7.0,7,8,24.0,4.0,7.0,-7.0,0.0,0.0,3.0,-8.0,3.0,-8.0,1.0,33.0,Good
4474,82.0,151.0,3.0,65.0,14.0,0.0,0.0,100.0,-7.0,7,8,14.0,1.0,7.0,-7.0,0.0,0.0,27.0,-8.0,2.0,1.0,1.0,43.0,Good
3940,82.0,217.0,18.0,87.0,16.0,0.0,0.0,94.0,41.0,6,6,29.0,0.0,35.0,2.0,1.0,1.0,9.0,96.0,1.0,2.0,0.0,60.0,Good
7666,68.0,181.0,6.0,98.0,2.0,1.0,1.0,67.0,66.0,6,3,3.0,1.0,100.0,-7.0,0.0,0.0,-8.0,-8.0,-8.0,1.0,-8.0,100.0,Bad
9622,83.0,157.0,4.0,94.0,19.0,0.0,0.0,100.0,-7.0,7,8,19.0,1.0,32.0,22.0,0.0,0.0,20.0,-8.0,2.0,1.0,1.0,50.0,Good
7839,61.0,21.0,4.0,9.0,9.0,0.0,0.0,100.0,-7.0,7,8,9.0,6.0,78.0,0.0,3.0,3.0,73.0,68.0,1.0,3.0,1.0,80.0,Bad
9364,71.0,128.0,4.0,58.0,15.0,1.0,1.0,100.0,-7.0,6,8,16.0,2.0,50.0,3.0,1.0,1.0,0.0,-8.0,1.0,1.0,0.0,33.0,Good
4036,92.0,206.0,8.0,122.0,11.0,0.0,0.0,100.0,-7.0,7,8,20.0,1.0,15.0,1.0,1.0,1.0,1.0,-8.0,2.0,1.0,0.0,60.0,Good
5448,75.0,174.0,9.0,78.0,17.0,1.0,1.0,100.0,-7.0,6,8,17.0,1.0,53.0,8.0,0.0,0.0,15.0,64.0,2.0,2.0,0.0,44.0,Good
4060,86.0,335.0,5.0,104.0,18.0,0.0,0.0,100.0,-7.0,7,8,5.0,2.0,32.0,4.0,1.0,1.0,4.0,81.0,4.0,1.0,1.0,71.0,Bad
2551,77.0,196.0,3.0,75.0,37.0,0.0,0.0,95.0,16.0,6,6,34.0,2.0,30.0,-7.0,2.0,2.0,13.0,82.0,4.0,5.0,0.0,47.0,Good
9800,79.0,173.0,3.0,89.0,12.0,0.0,0.0,100.0,-7.0,7,8,12.0,2.0,25.0,0.0,0.0,0.0,30.0,87.0,4.0,3.0,1.0,80.0,Good
9700,78.0,298.0,2.0,127.0,27.0,0.0,0.0,97.0,77.0,6,6,29.0,1.0,45.0,-8.0,0.0,0.0,62.0,79.0,5.0,4.0,0.0,90.0,Good
4706,70.0,77.0,2.0,40.0,12.0,2.0,2.0,93.0,25.0,6,2,14.0,3.0,29.0,1.0,1.0,1.0,9.0,100.0,2.0,1.0,0.0,43.0,Bad
5062,71.0,190.0,7.0,85.0,23.0,0.0,0.0,96.0,5.0,4,6,23.0,3.0,22.0,0.0,0.0,0.0,31.0,-8.0,5.0,1.0,0.0,60.0,Good
7298,68.0,133.0,10.0,66.0,13.0,0.0,0.0,85.0,0.0,4,6,13.0,1.0,69.0,0.0,0.0,0.0,29.0,75.0,1.0,1.0,0.0,100.0,Bad
6884,68.0,203.0,5.0,62.0,28.0,2.0,2.0,96.0,4.0,4,6,29.0,1.0,21.0,1.0,3.0,3.0,1.0,-8.0,2.0,1.0,1.0,25.0,Good
1064,75.0,367.0,1.0,118.0,57.0,0.0,0.0,95.0,28.0,6,6,58.0,3.0,24.0,-8.0,0.0,0.0,5.0,44.0,4.0,4.0,0.0,41.0,Good
9517,72.0,174.0,2.0,69.0,30.0,1.0,1.0,97.0,17.0,5,2,33.0,1.0,9.0,0.0,0.0,0.0,9.0,84.0,5.0,1.0,0.0,46.0,Bad
1311,-9.0,-9.0,-9.0,-9.0,-9.0,-9.0,-9.0,-9.0,-9.0,-9,-9,-9.0,-9.0,-9.0,-9.0,-9.0,-9.0,-9.0,-9.0,-9.0,-9.0,-9.0,-9.0,Bad
4785,-9.0,-9.0,-9.0,-9.0,-9.0,-9.0,-9.0,-9.0,-9.0,-9,-9,-9.0,-9.0,-9.0,-9.0,-9.0,-9.0,-9.0,-9.0,-9.0,-9.0,-9.0,-9.0,Good
204,66.0,133.0,6.0,77.0,23.0,0.0,0.0,100.0,-7.0,7,8,26.0,2.0,42.0,0.0,3.0,3.0,105.0,94.0,6.0,2.0,6.0,100.0,Bad
295,62.0,174.0,2.0,84.0,35.0,0.0,0.0,89.0,38.0,5,6,38.0,3.0,32.0,0.0,1.0,1.0,68.0,-8.0,9.0,2.0,3.0,85.0,Bad
333,61.0,197.0,10.0,84.0,18.0,5.0,4.0,63.0,7.0,4,3,24.0,1.0,58.0,0.0,0.0,0.0,0.0,-8.0,1.0,1.0,-8.0,50.0,Good
4214,69.0,380.0,2.0,87.0,12.0,0.0,0.0,92.0,37.0,6,6,13.0,7.0,23.0,0.0,0.0,0.0,88.0,86.0,6.0,2.0,2.0,80.0,Bad
7172,87.0,433.0,87.0,198.0,6.0,0.0,0.0,100.0,-7.0,7,8,7.0,0.0,0.0,0.0,0.0,0.0,13.0,-8.0,1.0,-8.0,0.0,25.0,Good
7234,63.0,155.0,12.0,57.0,15.0,0.0,0.0,94.0,-7.0,5,7,16.0,0.0,25.0,0.0,5.0,5.0,93.0,71.0,5.0,2.0,4.0,78.0,Good
4840,70.0,193.0,2.0,57.0,22.0,0.0,0.0,100.0,-7.0,7,8,23.0,2.0,22.0,18.0,0.0,0.0,53.0,80.0,6.0,4.0,1.0,63.0,Good
6349,88.0,210.0,2.0,103.0,25.0,0.0,0.0,100.0,-7.0,7,8,26.0,1.0,31.0,0.0,0.0,0.0,27.0,-8.0,1.0,1.0,0.0,25.0,Good
6265,88.0,335.0,74.0,123.0,12.0,0.0,0.0,100.0,-7.0,7,8,12.0,0.0,58.0,-8.0,0.0,0.0,0.0,49.0,0.0,2.0,0.0,40.0,Good
8065,90.0,451.0,17.0,154.0,11.0,0.0,0.0,100.0,-7.0,7,8,12.0,0.0,33.0,16.0,0.0,0.0,3.0,9.0,1.0,3.0,0.0,50.0,Good
4910,75.0,94.0,1.0,24.0,10.0,0.0,0.0,100.0,-7.0,7,8,11.0,5.0,27.0,2.0,4.0,4.0,18.0,66.0,3.0,2.0,0.0,63.0,Bad
1341,-9.0,-9.0,-9.0,-9.0,-9.0,-9.0,-9.0,-9.0,-9.0,-9,-9,-9.0,-9.0,-9.0,-9.0,-9.0,-9.0,-9.0,-9.0,-9.0,-9.0,-9.0,-9.0,Bad
6909,82.0,274.0,5.0,104.0,38.0,0.0,0.0,100.0,-7.0,7,8,40.0,2.0,25.0,3.0,2.0,2.0,29.0,-8.0,5.0,1.0,1.0,60.0,Good
626,72.0,195.0,28.0,90.0,22.0,0.0,0.0,100.0,-7.0,7,8,22.0,0.0,14.0,8.0,0.0,0.0,48.0,-8.0,9.0,-8.0,4.0,69.0,Bad
8885,61.0,272.0,1.0,70.0,8.0,1.0,1.0,78.0,20.0,5,6,10.0,4.0,22.0,0.0,9.0,9.0,22.0,65.0,3.0,2.0,0.0,63.0,Bad
2573,65.0,13.0,4.0,8.0,3.0,1.0,1.0,100.0,-7.0,6,8,3.0,2.0,67.0,-7.0,0.0,0.0,72.0,98.0,1.0,2.0,0.0,100.0,Bad
8356,65.0,118.0,2.0,49.0,24.0,0.0,0.0,96.0,-8.0,6,6,25.0,6.0,40.0,0.0,2.0,2.0,28.0,84.0,4.0,4.0,1.0,62.0,Bad
335,88.0,164.0,12.0,90.0,19.0,0.0,0.0,100.0,-7.0,7,8,19.0,0.0,32.0,0.0,0.0,0.0,2.0,60.0,1.0,3.0,0.0,36.0,Good
1265,-9.0,-9.0,-9.0,-9.0,-9.0,-9.0,-9.0,-9.0,-9.0,-9,-9,-9.0,-9.0,-9.0,-9.0,-9.0,-9.0,-9.0,-9.0,-9.0,-9.0,-9.0,-9.0,Bad
1594,73.0,179.0,5.0,102.0,34.0,0.0,0.0,100.0,-7.0,7,8,34.0,1.0,15.0,0.0,0.0,0.0,65.0,-8.0,6.0,-8.0,2.0,40.0,Bad
2535,60.0,279.0,2.0,37.0,29.0,0.0,0.0,97.0,6.0,4,6,48.0,7.0,23.0,-7.0,1.0,1.0,31.0,90.0,6.0,3.0,2.0,45.0,Bad
7061,86.0,141.0,2.0,64.0,14.0,0.0,0.0,100.0,-7.0,7,8,18.0,3.0,72.0,2.0,3.0,3.0,0.0,90.0,0.0,3.0,0.0,60.0,Good
4230,61.0,157.0,2.0,53.0,24.0,0.0,0.0,84.0,1.0,4,6,25.0,4.0,36.0,0.0,0.0,0.0,41.0,98.0,1.0,4.0,1.0,55.0,Bad
8636,68.0,328.0,12.0,115.0,36.0,0.0,0.0,100.0,-7.0,7,8,36.0,0.0,36.0,11.0,0.0,0.0,69.0,48.0,8.0,7.0,5.0,83.0,Good
2582,58.0,-8.0,5.0,35.0,18.0,2.0,2.0,95.0,2.0,4,6,0.0,4.0,52.0,-7.0,0.0,0.0,10.0,104.0,2.0,7.0,0.0,75.0,Bad
5852,58.0,120.0,8.0,67.0,22.0,1.0,0.0,74.0,6.0,3,5,23.0,1.0,26.0,0.0,2.0,2.0,87.0,79.0,7.0,3.0,4.0,92.0,Bad
5151,70.0,162.0,5.0,82.0,15.0,0.0,0.0,100.0,-7.0,7,8,20.0,2.0,45.0,-7.0,3.0,3.0,60.0,76.0,5.0,1.0,2.0,67.0,Bad
4507,73.0,287.0,4.0,102.0,10.0,1.0,0.0,55.0,13.0,6,5,11.0,3.0,55.0,-7.0,2.0,2.0,30.0,65.0,2.0,2.0,0.0,67.0,Good
743,83.0,272.0,18.0,104.0,10.0,1.0,0.0,91.0,35.0,6,5,12.0,0.0,18.0,17.0,0.0,0.0,6.0,-8.0,1.0,-8.0,0.0,25.0,Good
3530,72.0,192.0,11.0,75.0,13.0,1.0,0.0,88.0,6.0,3,5,18.0,1.0,56.0,3.0,2.0,2.0,0.0,-8.0,0.0,2.0,0.0,40.0,Good
1883,68.0,298.0,1.0,131.0,74.0,0.0,0.0,95.0,3.0,4,6,78.0,3.0,59.0,0.0,5.0,4.0,2.0,22.0,3.0,23.0,0.0,70.0,Good
407,91.0,428.0,22.0,132.0,9.0,0.0,0.0,100.0,-7.0,7,8,12.0,0.0,25.0,0.0,0.0,0.0,1.0,-8.0,2.0,1.0,0.0,80.0,Good
10422,86.0,181.0,3.0,89.0,11.0,0.0,0.0,100.0,-7.0,7,8,11.0,1.0,9.0,1.0,2.0,2.0,5.0,-8.0,2.0,-8.0,0.0,50.0,Good
8787,68.0,80.0,3.0,42.0,13.0,0.0,0.0,85.0,16.0,6,6,13.0,2.0,46.0,2.0,2.0,1.0,52.0,94.0,3.0,2.0,1.0,100.0,Bad
5149,71.0,227.0,2.0,56.0,60.0,0.0,0.0,92.0,1.0,4,6,62.0,7.0,77.0,-7.0,2.0,2.0,0.0,92.0,0.0,5.0,0.0,71.0,Bad
4642,66.0,71.0,8.0,32.0,6.0,2.0,2.0,86.0,64.0,6,2,7.0,1.0,71.0,3.0,1.0,1.0,54.0,57.0,1.0,3.0,-8.0,100.0,Bad
